Unity Editor version:    2022.3.62f1 (4af31df58517)
Branch:                  2022.3/staging
Build type:              Release
Batch mode:              YES
System name:             Linux
Distro version:          #149~20.04.1-Ubuntu SMP Wed Apr 16 08:29:56 UTC 2025
Kernel version:          5.15.0-139-generic
Architecture:            x86_64
Available memory:        11501 MB
[Licensing::Module] Trying to connect to existing licensing client channel...
[Licensing::IpcConnector] Successfully connected to: "LicenseClient-keith" at "2026-09-21T15:04:56.566592Z"
[SignatureVerifier] Application signature verification not supported on this platform.
[Licensing::Client] Handshaking with LicensingClient:
  Version:                 1.17.3+a4e98f1
  Session Id:              3a237d3e5a3548019290b03de74c5bc3
  Correlation Id:          f225bea7506c0da1cff1587937e65452
  External correlation Id: 38291078756105020
  Machine Id:              +derawZ+XFag0NhDDI+JmO/U7c8=
[Licensing::Module] Successfully connected to LicensingClient on channel: "LicenseClient-keith" (connect: 0.00s, validation: 0.02s, handshake: 0.00s)
[Licensing::IpcConnector] Successfully connected to: "LicenseClient-keith-notifications" at "2026-09-21T15:04:56.582521Z"
[Licensing::Module] Error: Access token is unavailable; failed to update
[Licensing::Client] Successfully updated license
[Licensing::Client] Successfully resolved entitlement details
[Licensing::Module] Serial number assigned to: "11270254292853-UnityPersXXXX"
Pro License: NO
Initialize udev device monitor.
[Licensing::Client] Successfully resolved entitlement details

COMMAND LINE ARGUMENTS:
/home/keith/Unity/Hub/Editor/2022.3.62f1/Editor/Unity
-batchmode
-nographics
-quit
-projectPath
/home/keith/Pokemon Luminary
-buildTarget
WebGL
-executeMethod
WebGLBuilder.BuildGame
-logFile
/home/keith/Pokemon Luminary/build.log
Successfully changed project path to: /home/keith/Pokemon Luminary
/home/keith/Pokemon Luminary
[UnityMemory] Configuration Parameters - Can be set up in boot.config
    "memorysetup-bucket-allocator-granularity=16"
    "memorysetup-bucket-allocator-bucket-count=8"
    "memorysetup-bucket-allocator-block-size=33554432"
    "memorysetup-bucket-allocator-block-count=8"
    "memorysetup-main-allocator-block-size=16777216"
    "memorysetup-thread-allocator-block-size=16777216"
    "memorysetup-gfx-main-allocator-block-size=16777216"
    "memorysetup-gfx-thread-allocator-block-size=16777216"
    "memorysetup-cache-allocator-block-size=4194304"
    "memorysetup-typetree-allocator-block-size=2097152"
    "memorysetup-profiler-bucket-allocator-granularity=16"
    "memorysetup-profiler-bucket-allocator-bucket-count=8"
    "memorysetup-profiler-bucket-allocator-block-size=33554432"
    "memorysetup-profiler-bucket-allocator-block-count=8"
    "memorysetup-profiler-allocator-block-size=16777216"
    "memorysetup-profiler-editor-allocator-block-size=1048576"
    "memorysetup-temp-allocator-size-main=16777216"
    "memorysetup-job-temp-allocator-block-size=2097152"
    "memorysetup-job-temp-allocator-block-size-background=1048576"
    "memorysetup-job-temp-allocator-reduction-small-platforms=262144"
    "memorysetup-allocator-temp-initial-block-size-main=262144"
    "memorysetup-allocator-temp-initial-block-size-worker=262144"
    "memorysetup-temp-allocator-size-background-worker=32768"
    "memorysetup-temp-allocator-size-job-worker=262144"
    "memorysetup-temp-allocator-size-preload-manager=33554432"
    "memorysetup-temp-allocator-size-nav-mesh-worker=65536"
    "memorysetup-temp-allocator-size-audio-worker=65536"
    "memorysetup-temp-allocator-size-cloud-worker=32768"
    "memorysetup-temp-allocator-size-gi-baking-worker=262144"
    "memorysetup-temp-allocator-size-gfx=262144"
Player connection [140057207690176]  Target information:

Player connection [140057207690176]  * "[IP] 10.0.0.106 [Port] 55504 [Flags] 2 [Guid] 126643290 [EditorId] 126643290 [Version] 1048832 [Id] LinuxEditor(16,10.0.0.106) [Debug] 1 [PackageName] LinuxEditor [ProjectName] Editor" 

Player connection [140057207690176] Host joined multi-casting on [225.0.0.222:54997]...
Player connection [140057207690176] Host joined alternative multi-casting on [225.0.0.222:34997]...
Input System module state changed to: Initialized.
[PhysX] Initialized MultithreadedTaskDispatcher with 4 workers.
Error opening a HTTP REST server port between 38000 and 38100
[Package Manager] UpmClient::Connect -- Connected to IPC stream "Upm-33679" after 0.0 seconds.
[Package Manager] Restoring resolved packages state from cache
[Licensing::Client] Successfully resolved entitlement details
[Package Manager] Registered 55 packages:
  Packages from [https://packages.unity.com]:
    com.unity.ai.navigation@1.1.6 (location: /home/keith/Pokemon Luminary/Library/PackageCache/com.unity.ai.navigation@1.1.6)
    com.unity.collab-proxy@2.7.1 (location: /home/keith/Pokemon Luminary/Library/PackageCache/com.unity.collab-proxy@2.7.1)
    com.unity.ide.rider@3.0.38 (location: /home/keith/Pokemon Luminary/Library/PackageCache/com.unity.ide.rider@3.0.38)
    com.unity.ide.visualstudio@2.0.22 (location: /home/keith/Pokemon Luminary/Library/PackageCache/com.unity.ide.visualstudio@2.0.22)
    com.unity.test-framework@1.1.33 (location: /home/keith/Pokemon Luminary/Library/PackageCache/com.unity.test-framework@1.1.33)
    com.unity.textmeshpro@3.0.7 (location: /home/keith/Pokemon Luminary/Library/PackageCache/com.unity.textmeshpro@3.0.7)
    com.unity.timeline@1.7.7 (location: /home/keith/Pokemon Luminary/Library/PackageCache/com.unity.timeline@1.7.7)
    com.unity.visualscripting@1.9.4 (location: /home/keith/Pokemon Luminary/Library/PackageCache/com.unity.visualscripting@1.9.4)
    com.unity.ext.nunit@1.0.6 (location: /home/keith/Pokemon Luminary/Library/PackageCache/com.unity.ext.nunit@1.0.6)
    com.unity.2d.animation@9.2.0 (location: /home/keith/Pokemon Luminary/Library/PackageCache/com.unity.2d.animation@9.2.0)
    com.unity.2d.pixel-perfect@5.1.0 (location: /home/keith/Pokemon Luminary/Library/PackageCache/com.unity.2d.pixel-perfect@5.1.0)
    com.unity.2d.psdimporter@8.1.0 (location: /home/keith/Pokemon Luminary/Library/PackageCache/com.unity.2d.psdimporter@8.1.0)
    com.unity.2d.spriteshape@9.1.0 (location: /home/keith/Pokemon Luminary/Library/PackageCache/com.unity.2d.spriteshape@9.1.0)
    com.unity.2d.tilemap.extras@3.1.3 (location: /home/keith/Pokemon Luminary/Library/PackageCache/com.unity.2d.tilemap.extras@3.1.3)
    com.unity.2d.aseprite@1.1.9 (location: /home/keith/Pokemon Luminary/Library/PackageCache/com.unity.2d.aseprite@1.1.9)
    com.unity.2d.common@8.1.0 (location: /home/keith/Pokemon Luminary/Library/PackageCache/com.unity.2d.common@8.1.0)
    com.unity.mathematics@1.2.6 (location: /home/keith/Pokemon Luminary/Library/PackageCache/com.unity.mathematics@1.2.6)
    com.unity.collections@1.2.4 (location: /home/keith/Pokemon Luminary/Library/PackageCache/com.unity.collections@1.2.4)
    com.unity.burst@1.8.21 (location: /home/keith/Pokemon Luminary/Library/PackageCache/com.unity.burst@1.8.21)
  Built-in packages:
    com.unity.feature.2d@2.0.1 (location: /home/keith/Pokemon Luminary/Library/PackageCache/com.unity.feature.2d@2.0.1)
    com.unity.ugui@1.0.0 (location: /home/keith/Pokemon Luminary/Library/PackageCache/com.unity.ugui@1.0.0)
    com.unity.modules.ai@1.0.0 (location: /home/keith/Pokemon Luminary/Library/PackageCache/com.unity.modules.ai@1.0.0)
    com.unity.modules.androidjni@1.0.0 (location: /home/keith/Pokemon Luminary/Library/PackageCache/com.unity.modules.androidjni@1.0.0)
    com.unity.modules.animation@1.0.0 (location: /home/keith/Pokemon Luminary/Library/PackageCache/com.unity.modules.animation@1.0.0)
    com.unity.modules.assetbundle@1.0.0 (location: /home/keith/Pokemon Luminary/Library/PackageCache/com.unity.modules.assetbundle@1.0.0)
    com.unity.modules.audio@1.0.0 (location: /home/keith/Pokemon Luminary/Library/PackageCache/com.unity.modules.audio@1.0.0)
    com.unity.modules.cloth@1.0.0 (location: /home/keith/Pokemon Luminary/Library/PackageCache/com.unity.modules.cloth@1.0.0)
    com.unity.modules.director@1.0.0 (location: /home/keith/Pokemon Luminary/Library/PackageCache/com.unity.modules.director@1.0.0)
    com.unity.modules.imageconversion@1.0.0 (location: /home/keith/Pokemon Luminary/Library/PackageCache/com.unity.modules.imageconversion@1.0.0)
    com.unity.modules.imgui@1.0.0 (location: /home/keith/Pokemon Luminary/Library/PackageCache/com.unity.modules.imgui@1.0.0)
    com.unity.modules.jsonserialize@1.0.0 (location: /home/keith/Pokemon Luminary/Library/PackageCache/com.unity.modules.jsonserialize@1.0.0)
    com.unity.modules.particlesystem@1.0.0 (location: /home/keith/Pokemon Luminary/Library/PackageCache/com.unity.modules.particlesystem@1.0.0)
    com.unity.modules.physics@1.0.0 (location: /home/keith/Pokemon Luminary/Library/PackageCache/com.unity.modules.physics@1.0.0)
    com.unity.modules.physics2d@1.0.0 (location: /home/keith/Pokemon Luminary/Library/PackageCache/com.unity.modules.physics2d@1.0.0)
    com.unity.modules.screencapture@1.0.0 (location: /home/keith/Pokemon Luminary/Library/PackageCache/com.unity.modules.screencapture@1.0.0)
    com.unity.modules.terrain@1.0.0 (location: /home/keith/Pokemon Luminary/Library/PackageCache/com.unity.modules.terrain@1.0.0)
    com.unity.modules.terrainphysics@1.0.0 (location: /home/keith/Pokemon Luminary/Library/PackageCache/com.unity.modules.terrainphysics@1.0.0)
    com.unity.modules.tilemap@1.0.0 (location: /home/keith/Pokemon Luminary/Library/PackageCache/com.unity.modules.tilemap@1.0.0)
    com.unity.modules.ui@1.0.0 (location: /home/keith/Pokemon Luminary/Library/PackageCache/com.unity.modules.ui@1.0.0)
    com.unity.modules.uielements@1.0.0 (location: /home/keith/Pokemon Luminary/Library/PackageCache/com.unity.modules.uielements@1.0.0)
    com.unity.modules.umbra@1.0.0 (location: /home/keith/Pokemon Luminary/Library/PackageCache/com.unity.modules.umbra@1.0.0)
    com.unity.modules.unityanalytics@1.0.0 (location: /home/keith/Pokemon Luminary/Library/PackageCache/com.unity.modules.unityanalytics@1.0.0)
    com.unity.modules.unitywebrequest@1.0.0 (location: /home/keith/Pokemon Luminary/Library/PackageCache/com.unity.modules.unitywebrequest@1.0.0)
    com.unity.modules.unitywebrequestassetbundle@1.0.0 (location: /home/keith/Pokemon Luminary/Library/PackageCache/com.unity.modules.unitywebrequestassetbundle@1.0.0)
    com.unity.modules.unitywebrequestaudio@1.0.0 (location: /home/keith/Pokemon Luminary/Library/PackageCache/com.unity.modules.unitywebrequestaudio@1.0.0)
    com.unity.modules.unitywebrequesttexture@1.0.0 (location: /home/keith/Pokemon Luminary/Library/PackageCache/com.unity.modules.unitywebrequesttexture@1.0.0)
    com.unity.modules.unitywebrequestwww@1.0.0 (location: /home/keith/Pokemon Luminary/Library/PackageCache/com.unity.modules.unitywebrequestwww@1.0.0)
    com.unity.modules.vehicles@1.0.0 (location: /home/keith/Pokemon Luminary/Library/PackageCache/com.unity.modules.vehicles@1.0.0)
    com.unity.modules.video@1.0.0 (location: /home/keith/Pokemon Luminary/Library/PackageCache/com.unity.modules.video@1.0.0)
    com.unity.modules.vr@1.0.0 (location: /home/keith/Pokemon Luminary/Library/PackageCache/com.unity.modules.vr@1.0.0)
    com.unity.modules.wind@1.0.0 (location: /home/keith/Pokemon Luminary/Library/PackageCache/com.unity.modules.wind@1.0.0)
    com.unity.modules.xr@1.0.0 (location: /home/keith/Pokemon Luminary/Library/PackageCache/com.unity.modules.xr@1.0.0)
    com.unity.modules.subsystems@1.0.0 (location: /home/keith/Pokemon Luminary/Library/PackageCache/com.unity.modules.subsystems@1.0.0)
    com.unity.2d.sprite@1.0.0 (location: /home/keith/Pokemon Luminary/Library/PackageCache/com.unity.2d.sprite@1.0.0)
    com.unity.2d.tilemap@1.0.0 (location: /home/keith/Pokemon Luminary/Library/PackageCache/com.unity.2d.tilemap@1.0.0)
[Subsystems] No new subsystems found in resolved package list.
Package Manager log level set to [2]
[Package Manager] Done registering packages in 0.18 seconds
Artifact Garbage Collection - Removed 266 unused hashed content files
Targeting platform: WebGL
Refreshing native plugins compatible for Editor in 6.76 ms, found 1 plugins.
Preloading 0 native plugins for Editor in 0.00 ms.
Initialize engine version: 2022.3.62f1 (4af31df58517)
[Subsystems] Discovering subsystems at path /home/keith/Unity/Hub/Editor/2022.3.62f1/Editor/Data/Resources/UnitySubsystems
[Subsystems] Discovering subsystems at path /home/keith/Pokemon Luminary/Assets
Forcing GfxDevice: Null
GfxDevice: creating device client; threaded=0; jobified=0
NullGfxDevice:
    Version:  NULL 1.0 [1.0]
    Renderer: Null Device
    Vendor:   Unity Technologies
[Licensing::Client] Successfully resolved entitlement details
Initialize mono
Mono path[0] = '/home/keith/Unity/Hub/Editor/2022.3.62f1/Editor/Data/Managed'
Mono path[1] = '/home/keith/Unity/Hub/Editor/2022.3.62f1/Editor/Data/MonoBleedingEdge/lib/mono/unityjit-linux'
Mono config path = '/home/keith/Unity/Hub/Editor/2022.3.62f1/Editor/Data/MonoBleedingEdge/etc'
Using monoOptions --debugger-agent=transport=dt_socket,embedding=1,server=y,suspend=n,address=127.0.0.1:56679
Using cacheserver namespaces - metadata:defaultmetadata, artifacts:defaultartifacts
Using cacheserver namespaces - metadata:defaultmetadata, artifacts:defaultartifacts
ImportWorker Server TCP listen port: 0
Begin MonoManager ReloadAssembly
Registering precompiled unity dll's ...
Register platform support module: /home/keith/Unity/Hub/Editor/2022.3.62f1/Editor/Data/PlaybackEngines/WebGLSupport/UnityEditor.WebGL.Extensions.dll
Register platform support module: /home/keith/Unity/Hub/Editor/2022.3.62f1/Editor/Data/PlaybackEngines/LinuxStandaloneSupport/UnityEditor.LinuxStandalone.Extensions.dll
Registered in 0.022231 seconds.
- Loaded All Assemblies, in  0.515 seconds
Native extension for LinuxStandalone target not found
Native extension for WebGL target not found
Mono: successfully reloaded assembly
- Finished resetting the current domain, in  0.388 seconds
Domain Reload Profiling: 902ms
	BeginReloadAssembly (101ms)
		ExecutionOrderSort (0ms)
		DisableScriptedObjects (0ms)
		BackupInstance (0ms)
		ReleaseScriptingObjects (0ms)
		CreateAndSetChildDomain (1ms)
	RebuildCommonClasses (70ms)
	RebuildNativeTypeToScriptingClass (12ms)
	initialDomainReloadingComplete (113ms)
	LoadAllAssembliesAndSetupDomain (218ms)
		LoadAssemblies (100ms)
		RebuildTransferFunctionScriptingTraits (0ms)
		AnalyzeDomain (216ms)
			TypeCache.Refresh (213ms)
				TypeCache.ScanAssembly (195ms)
			ScanForSourceGeneratedMonoScriptInfo (0ms)
			ResolveRequiredComponents (1ms)
	FinalizeReload (388ms)
		ReleaseScriptCaches (0ms)
		RebuildScriptCaches (0ms)
		SetupLoadedEditorAssemblies (317ms)
			LogAssemblyErrors (0ms)
			InitializePlatformSupportModulesInManaged (15ms)
			SetLoadedEditorAssemblies (8ms)
			RefreshPlugins (0ms)
			BeforeProcessingInitializeOnLoad (3ms)
			ProcessInitializeOnLoadAttributes (216ms)
			ProcessInitializeOnLoadMethodAttributes (75ms)
			AfterProcessingInitializeOnLoad (0ms)
			EditorAssembliesLoaded (0ms)
		ExecutionOrderSort2 (0ms)
		AwakeInstancesAfterBackupRestoration (0ms)
[Licensing::Client] Successfully resolved entitlement details
Application.AssetDatabase Initial Refresh Start
[40m[32minfo[39m[22m[49m: Microsoft.Hosting.Lifetime[14]
      Now listening on: http://unix:/tmp/ilpp.sock-adfbbef2f936a48ee65e2283de11a5b1
[40m[32minfo[39m[22m[49m: Microsoft.Hosting.Lifetime[0]
      Application started. Press Ctrl+C to shut down.
[40m[32minfo[39m[22m[49m: Microsoft.Hosting.Lifetime[0]
      Hosting environment: Production
[40m[32minfo[39m[22m[49m: Microsoft.Hosting.Lifetime[0]
      Content root path: /home/keith/Pokemon Luminary/
[40m[32minfo[39m[22m[49m: Microsoft.AspNetCore.Hosting.Diagnostics[1]
      Request starting HTTP/2 POST http://ilpp/UnityILPP.PostProcessing/Ping application/grpc -
[40m[32minfo[39m[22m[49m: Microsoft.AspNetCore.Routing.EndpointMiddleware[0]
      Executing endpoint 'gRPC - /UnityILPP.PostProcessing/Ping'
[40m[32minfo[39m[22m[49m: Microsoft.AspNetCore.Routing.EndpointMiddleware[1]
      Executed endpoint 'gRPC - /UnityILPP.PostProcessing/Ping'
[40m[32minfo[39m[22m[49m: Microsoft.AspNetCore.Hosting.Diagnostics[2]
      Request finished HTTP/2 POST http://ilpp/UnityILPP.PostProcessing/Ping application/grpc - - 200 - application/grpc 83.4423ms
Starting: /home/keith/Unity/Hub/Editor/2022.3.62f1/Editor/Data/bee_backend --ipc --defer-dag-verification --dagfile="Library/Bee/2000b0aE.dag" --continue-on-failure --profile="Library/Bee/backend1.traceevents" ScriptAssemblies
WorkingDir: /home/keith/Pokemon Luminary
DisplayProgressbar: Compiling Scripts
ExitCode: 4 Duration: 0s255ms
Rebuilding DAG because FileSignature timestamp changed: Library/Bee/2000b0aE-inputdata.json
*** Tundra requires additional run (0.20 seconds), 0 items updated, 8 evaluated
Starting: /home/keith/Unity/Hub/Editor/2022.3.62f1/Editor/Data/Tools/netcorerun/netcorerun "/home/keith/Unity/Hub/Editor/2022.3.62f1/Editor/Data/Tools/BuildPipeline/ScriptCompilationBuildProgram.exe" "Library/Bee/2000b0aE.dag.json" "Library/Bee/2000b0aE-inputdata.json" "Library/Bee/buildprogram0.traceevents"
WorkingDir: /home/keith/Pokemon Luminary
ExitCode: 0 Duration: 1s225ms
Starting: /home/keith/Unity/Hub/Editor/2022.3.62f1/Editor/Data/bee_backend --ipc --defer-dag-verification --dagfile="Library/Bee/2000b0aE.dag" --continue-on-failure --dagfilejson="Library/Bee/2000b0aE.dag.json" --profile="Library/Bee/backend2.traceevents" ScriptAssemblies
WorkingDir: /home/keith/Pokemon Luminary
[40m[32minfo[39m[22m[49m: Microsoft.AspNetCore.Hosting.Diagnostics[1]
      Request starting HTTP/2 POST http://ilpp/UnityILPP.PostProcessing/ConfigurePostProcessors application/grpc -
[40m[32minfo[39m[22m[49m: Microsoft.AspNetCore.Routing.EndpointMiddleware[0]
      Executing endpoint 'gRPC - /UnityILPP.PostProcessing/ConfigurePostProcessors'
[40m[1m[33mwarn[39m[22m[49m: Unity.ILPP.Runner.PostProcessingAssemblyLoadContext[0]
      Assembly system.runtime.interopservices.windowsruntime has duplicate hint path. Ignoring "/home/keith/Unity/Hub/Editor/2022.3.62f1/Editor/Data/UnityReferenceAssemblies/unity-4.8-api/Facades/System.Runtime.InteropServices.WindowsRuntime.dll" in favor of "/home/keith/Unity/Hub/Editor/2022.3.62f1/Editor/Data/NetStandard/Extensions/2.0.0/System.Runtime.InteropServices.WindowsRuntime.dll"
[40m[1m[33mwarn[39m[22m[49m: Unity.ILPP.Runner.PostProcessingAssemblyLoadContext[0]
      Assembly system.componentmodel.composition has duplicate hint path. Ignoring "/home/keith/Unity/Hub/Editor/2022.3.62f1/Editor/Data/UnityReferenceAssemblies/unity-4.8-api/System.ComponentModel.Composition.dll" in favor of "/home/keith/Unity/Hub/Editor/2022.3.62f1/Editor/Data/NetStandard/compat/2.1.0/shims/netfx/System.ComponentModel.Composition.dll"
[40m[32minfo[39m[22m[49m: Unity.ILPP.Runner.PostProcessingAssemblyLoadContext[0]
      Resolved Unity.Burst.Cecil, Version=0.11.4.0, Culture=neutral, PublicKeyToken=50cebf1cceb9d05e with Library/PackageCache/com.unity.burst@1.8.21/Unity.Burst.CodeGen/Unity.Burst.Cecil.dll
[40m[32minfo[39m[22m[49m: Microsoft.AspNetCore.Routing.EndpointMiddleware[1]
      Executed endpoint 'gRPC - /UnityILPP.PostProcessing/ConfigurePostProcessors'
[40m[32minfo[39m[22m[49m: Microsoft.AspNetCore.Hosting.Diagnostics[2]
      Request finished HTTP/2 POST http://ilpp/UnityILPP.PostProcessing/ConfigurePostProcessors application/grpc - - 200 - application/grpc 70.9099ms
ExitCode: 0 Duration: 0s428ms
Finished compiling graph: 644 nodes, 9627 flattened edges (7729 ToBuild, 110 ToUse), maximum node priority 703
[490/641    0s] ILPP-Configuration Library/ilpp-configuration.nevergeneratedoutput
*** Tundra build success (0.39 seconds), 1 items updated, 641 evaluated
AssetDatabase: script compilation time: 3.235146s
Total cache size 115296376
Total cache size after purge 115296376
Begin MonoManager ReloadAssembly
- Loaded All Assemblies, in  0.951 seconds
Refreshing native plugins compatible for Editor in 2.29 ms, found 1 plugins.
Preloading 0 native plugins for Editor in 0.00 ms.
Refreshing native plugins compatible for Editor in 3.13 ms, found 1 plugins.
Native extension for LinuxStandalone target not found
Native extension for WebGL target not found
Mono: successfully reloaded assembly
- Finished resetting the current domain, in  3.430 seconds
Domain Reload Profiling: 4378ms
	BeginReloadAssembly (234ms)
		ExecutionOrderSort (0ms)
		DisableScriptedObjects (11ms)
		BackupInstance (0ms)
		ReleaseScriptingObjects (0ms)
		CreateAndSetChildDomain (66ms)
	RebuildCommonClasses (55ms)
	RebuildNativeTypeToScriptingClass (14ms)
	initialDomainReloadingComplete (47ms)
	LoadAllAssembliesAndSetupDomain (598ms)
		LoadAssemblies (434ms)
		RebuildTransferFunctionScriptingTraits (0ms)
		AnalyzeDomain (256ms)
			TypeCache.Refresh (211ms)
				TypeCache.ScanAssembly (196ms)
			ScanForSourceGeneratedMonoScriptInfo (33ms)
			ResolveRequiredComponents (9ms)
	FinalizeReload (3430ms)
		ReleaseScriptCaches (0ms)
		RebuildScriptCaches (0ms)
		SetupLoadedEditorAssemblies (3187ms)
			LogAssemblyErrors (0ms)
			InitializePlatformSupportModulesInManaged (10ms)
			SetLoadedEditorAssemblies (6ms)
			RefreshPlugins (0ms)
			BeforeProcessingInitializeOnLoad (91ms)
			ProcessInitializeOnLoadAttributes (2951ms)
			ProcessInitializeOnLoadMethodAttributes (114ms)
			AfterProcessingInitializeOnLoad (14ms)
			EditorAssembliesLoaded (0ms)
		ExecutionOrderSort2 (0ms)
		AwakeInstancesAfterBackupRestoration (10ms)
Asset Pipeline Refresh (id=c8aae1476b66df3e6a31716b40c42e55): Total: 10.910 seconds - Initiated by InitialRefreshV2(ForceSynchronousImport)
	Summary:
		Imports: total=10 (actual=0, local cache=10, cache server=0)
		Asset DB Process Time: managed=0 ms, native=3106 ms
		Asset DB Callback time: managed=16 ms, native=0 ms
		Scripting: domain reloads=1, domain reload time=4483 ms, compile time=3238 ms, other=65 ms
		Project Asset Count: scripts=5382, non-scripts=3382
		Asset File Changes: new=0, changed=0, moved=0, deleted=0
		Scan Filter Count: 1
	InvokeBeforeRefreshCallbacks: 0.195ms
	ApplyChangesToAssetFolders: 0.077ms
	Scan: 381.666ms
	OnSourceAssetsModified: 0.002ms
	GetAllGuidsForCategorization: 2.536ms
	CategorizeAssets: 247.797ms
	ImportOutOfDateAssets: 3490.722ms (212.785ms without children)
		CompileScripts: 3237.978ms
		ReloadNativeAssets: 0.001ms
		UnloadImportedAssets: 33.650ms
		EnsureUptoDateAssetsAreRegisteredWithGuidPM: 3.530ms
		InitializingProgressBar: 0.001ms
		PostProcessAllAssetNotificationsAddChangedAssets: 0.001ms
		OnDemandSchedulerStart: 2.778ms
	PostProcessAllAssets: 16.273ms
	GatherAllCurrentPrimaryArtifactRevisions: 0.001ms
	UnloadStreamsBegin: 0.340ms
	PersistCurrentRevisions: 0.379ms
	UnloadStreamsEnd: 0.065ms
	GenerateScriptTypeHashes: 2.737ms
	Untracked: 6769.583ms
Application.AssetDatabase Initial Refresh End
Scanning for USB devices : 9.741ms
Initializing Unity extensions:
[Licensing::Client] Successfully resolved entitlement details
UpdateMenuTitleForLanguage: 10
[MODES] ModeService[none].Initialize
[MODES] ModeService[none].LoadModes
[MODES] Loading mode Default (0) for mode-current-id-Pokemon Luminary
[PhysX] Initialized MultithreadedTaskDispatcher with 4 workers.
ProgressiveSceneManager::Cancel()
Unloading 3 Unused Serialized files (Serialized files now loaded: 0)
Unloading 80 unused Assets / (345.1 KB). Loaded Objects now: 4854.
Memory consumption went from 129.9 MB to 129.6 MB.
Total: 7.600299 ms (FindLiveObjects: 0.617300 ms CreateObjectMapping: 0.295676 ms MarkObjects: 6.208803 ms  DeleteObjects: 0.476546 ms)

Launched and connected shader compiler UnityShaderCompiler after 0.13 seconds
[40m[32minfo[39m[22m[49m: Microsoft.AspNetCore.Hosting.Diagnostics[1]
      Request starting HTTP/2 POST http://ilpp/UnityILPP.PostProcessing/Ping application/grpc -
[40m[32minfo[39m[22m[49m: Microsoft.AspNetCore.Routing.EndpointMiddleware[0]
      Executing endpoint 'gRPC - /UnityILPP.PostProcessing/Ping'
[40m[32minfo[39m[22m[49m: Microsoft.AspNetCore.Routing.EndpointMiddleware[1]
      Executed endpoint 'gRPC - /UnityILPP.PostProcessing/Ping'
[40m[32minfo[39m[22m[49m: Microsoft.AspNetCore.Hosting.Diagnostics[2]
      Request finished HTTP/2 POST http://ilpp/UnityILPP.PostProcessing/Ping application/grpc - - 200 - application/grpc 0.8337ms
Starting: /home/keith/Unity/Hub/Editor/2022.3.62f1/Editor/Data/bee_backend --ipc --defer-dag-verification --dagfile="Library/Bee/2000b0aESkipCompile.dag" --continue-on-failure --profile="Library/Bee/backend1.traceevents" ScriptAssembliesAndTypeDB
WorkingDir: /home/keith/Pokemon Luminary
ExitCode: 0 Duration: 1s243ms
[2/3        1s] BuildPlayerDataGenerator Library/BuildPlayerData/Editor/TypeDb-All.json
*** Tundra build success (1.11 seconds), 1 items updated, 3 evaluated
Total cache size 115296376
Total cache size after purge 115296376
Asset Pipeline Refresh (id=85541e82ba8718ef481f4e58ed2198ac): Total: 0.124 seconds - Initiated by RefreshV2(NoUpdateAssetOptions)
[ScriptCompilation] Requested script compilation because: Recompiling scripts for player build.
BuildPlayer: start building target 20
[40m[32minfo[39m[22m[49m: Microsoft.AspNetCore.Hosting.Diagnostics[1]
      Request starting HTTP/2 POST http://ilpp/UnityILPP.PostProcessing/Ping application/grpc -
[40m[32minfo[39m[22m[49m: Microsoft.AspNetCore.Routing.EndpointMiddleware[0]
      Executing endpoint 'gRPC - /UnityILPP.PostProcessing/Ping'
[40m[32minfo[39m[22m[49m: Microsoft.AspNetCore.Routing.EndpointMiddleware[1]
      Executed endpoint 'gRPC - /UnityILPP.PostProcessing/Ping'
[40m[32minfo[39m[22m[49m: Microsoft.AspNetCore.Hosting.Diagnostics[2]
      Request finished HTTP/2 POST http://ilpp/UnityILPP.PostProcessing/Ping application/grpc - - 200 - application/grpc 0.2213ms
Starting: /home/keith/Unity/Hub/Editor/2022.3.62f1/Editor/Data/bee_backend --ipc --defer-dag-verification --dagfile="Library/Bee/2000b0aP.dag" --continue-on-failure --profile="Library/Bee/backend1.traceevents" ScriptAssembliesAndTypeDB
WorkingDir: /home/keith/Pokemon Luminary
Starting: /home/keith/Unity/Hub/Editor/2022.3.62f1/Editor/Data/Tools/netcorerun/netcorerun "/home/keith/Unity/Hub/Editor/2022.3.62f1/Editor/Data/Tools/BuildPipeline/ScriptCompilationBuildProgram.exe" "Library/Bee/2000b0aP.dag.json" "Library/Bee/2000b0aP-inputdata.json" "Library/Bee/buildprogram0.traceevents"
WorkingDir: /home/keith/Pokemon Luminary
ExitCode: 4 Duration: 0s322ms
Rebuilding DAG because FileSignature timestamp changed: Library/Bee/2000b0aP-inputdata.json
*** Tundra requires additional run (0.11 seconds), 0 items updated, 2 evaluated
ExitCode: 0 Duration: 0s637ms
Starting: /home/keith/Unity/Hub/Editor/2022.3.62f1/Editor/Data/bee_backend --ipc --defer-dag-verification --dagfile="Library/Bee/2000b0aP.dag" --continue-on-failure --dagfilejson="Library/Bee/2000b0aP.dag.json" --profile="Library/Bee/backend2.traceevents" ScriptAssembliesAndTypeDB
WorkingDir: /home/keith/Pokemon Luminary
[40m[32minfo[39m[22m[49m: Microsoft.AspNetCore.Hosting.Diagnostics[1]
      Request starting HTTP/2 POST http://ilpp/UnityILPP.PostProcessing/ConfigurePostProcessors application/grpc -
[40m[32minfo[39m[22m[49m: Microsoft.AspNetCore.Routing.EndpointMiddleware[0]
      Executing endpoint 'gRPC - /UnityILPP.PostProcessing/ConfigurePostProcessors'
[40m[32minfo[39m[22m[49m: Unity.ILPP.Runner.PostProcessingAssemblyLoadContext[0]
      ALC ILPP context 1 is unloading
[40m[1m[33mwarn[39m[22m[49m: Unity.ILPP.Runner.PostProcessingAssemblyLoadContext[0]
      Assembly system.runtime.interopservices.windowsruntime has duplicate hint path. Ignoring "/home/keith/Unity/Hub/Editor/2022.3.62f1/Editor/Data/UnityReferenceAssemblies/unity-4.8-api/Facades/System.Runtime.InteropServices.WindowsRuntime.dll" in favor of "/home/keith/Unity/Hub/Editor/2022.3.62f1/Editor/Data/NetStandard/Extensions/2.0.0/System.Runtime.InteropServices.WindowsRuntime.dll"
[40m[1m[33mwarn[39m[22m[49m: Unity.ILPP.Runner.PostProcessingAssemblyLoadContext[0]
      Assembly system.componentmodel.composition has duplicate hint path. Ignoring "/home/keith/Unity/Hub/Editor/2022.3.62f1/Editor/Data/UnityReferenceAssemblies/unity-4.8-api/System.ComponentModel.Composition.dll" in favor of "/home/keith/Unity/Hub/Editor/2022.3.62f1/Editor/Data/NetStandard/compat/2.1.0/shims/netfx/System.ComponentModel.Composition.dll"
[40m[32minfo[39m[22m[49m: Unity.ILPP.Runner.PostProcessingAssemblyLoadContext[0]
      Resolved Unity.Burst.Cecil, Version=0.11.4.0, Culture=neutral, PublicKeyToken=50cebf1cceb9d05e with Library/PackageCache/com.unity.burst@1.8.21/Unity.Burst.CodeGen/Unity.Burst.Cecil.dll
[40m[32minfo[39m[22m[49m: Microsoft.AspNetCore.Routing.EndpointMiddleware[1]
      Executed endpoint 'gRPC - /UnityILPP.PostProcessing/ConfigurePostProcessors'
[40m[32minfo[39m[22m[49m: Microsoft.AspNetCore.Hosting.Diagnostics[2]
      Request finished HTTP/2 POST http://ilpp/UnityILPP.PostProcessing/ConfigurePostProcessors application/grpc - - 200 - application/grpc 7.0962ms
[40m[32minfo[39m[22m[49m: Microsoft.AspNetCore.Hosting.Diagnostics[1]
      Request starting HTTP/2 POST http://ilpp/UnityILPP.PostProcessing/PostProcessAssembly application/grpc -
[40m[32minfo[39m[22m[49m: Microsoft.AspNetCore.Routing.EndpointMiddleware[0]
      Executing endpoint 'gRPC - /UnityILPP.PostProcessing/PostProcessAssembly'
[40m[32minfo[39m[22m[49m: Unity.ILPP.Runner.PostProcessingPipeline[0]
      Processing assembly Library/Bee/artifacts/2000b0aP.dag/Assembly-CSharp.dll, with 91 defines and 205 references
[40m[32minfo[39m[22m[49m: Unity.ILPP.Runner.PostProcessingPipeline[0]
      processors: zzzUnity.Burst.CodeGen.BurstILPostProcessor
[40m[32minfo[39m[22m[49m: Unity.ILPP.Runner.PostProcessingPipeline[0]
      running zzzUnity.Burst.CodeGen.BurstILPostProcessor
[40m[32minfo[39m[22m[49m: Unity.ILPP.Runner.PostProcessingAssemblyLoadContext[0]
      Resolved Unity.Burst.Cecil.Rocks, Version=0.11.4.0, Culture=neutral, PublicKeyToken=50cebf1cceb9d05e with Library/PackageCache/com.unity.burst@1.8.21/Unity.Burst.CodeGen/Unity.Burst.Cecil.Rocks.dll
[40m[32minfo[39m[22m[49m: Microsoft.AspNetCore.Routing.EndpointMiddleware[1]
      Executed endpoint 'gRPC - /UnityILPP.PostProcessing/PostProcessAssembly'
[40m[32minfo[39m[22m[49m: Microsoft.AspNetCore.Hosting.Diagnostics[2]
      Request finished HTTP/2 POST http://ilpp/UnityILPP.PostProcessing/PostProcessAssembly application/grpc - - 200 - application/grpc 302.7336ms
ExitCode: 0 Duration: 3s459ms
Finished compiling graph: 397 nodes, 3436 flattened edges (2918 ToBuild, 50 ToUse), maximum node priority 187
[325/396    0s] WriteText Library/Bee/artifacts/2000b0aP.dag/Assembly-CSharp.rsp
[336/396    0s] CopyFiles Library/Bee/PlayerScriptAssemblies/UnityEngine.TestRunner.pdb
[337/396    0s] CopyFiles Library/Bee/PlayerScriptAssemblies/UnityEngine.TestRunner.dll
[338/396    0s] ILPP-Configuration Library/ilpp-configuration.nevergeneratedoutput
[356/396    0s] CopyFiles Library/Bee/PlayerScriptAssemblies/Unity.2D.Animation.Runtime.dll
[357/396    0s] CopyFiles Library/Bee/PlayerScriptAssemblies/Unity.2D.IK.Runtime.dll
[358/396    0s] CopyFiles Library/Bee/PlayerScriptAssemblies/Unity.AI.Navigation.dll
[359/396    0s] CopyFiles Library/Bee/PlayerScriptAssemblies/Unity.2D.SpriteShape.Runtime.dll
[360/396    0s] CopyFiles Library/Bee/PlayerScriptAssemblies/UnityEngine.UI.dll
[361/396    0s] CopyFiles Library/Bee/PlayerScriptAssemblies/Unity.2D.Tilemap.Extras.dll
[362/396    0s] CopyFiles Library/Bee/PlayerScriptAssemblies/Unity.VisualScripting.State.dll
[363/396    0s] CopyFiles Library/Bee/PlayerScriptAssemblies/Unity.Timeline.dll
[364/396    0s] CopyFiles Library/Bee/PlayerScriptAssemblies/Unity.VisualScripting.Flow.dll
[365/396    0s] CopyFiles Library/Bee/PlayerScriptAssemblies/Unity.2D.Common.Runtime.dll
[366/396    0s] CopyFiles Library/Bee/PlayerScriptAssemblies/Unity.Mathematics.dll
[367/396    0s] CopyFiles Library/Bee/PlayerScriptAssemblies/Unity.Collections.dll
[368/396    0s] CopyFiles Library/Bee/PlayerScriptAssemblies/Unity.VisualScripting.Core.dll
[369/396    0s] CopyFiles Library/Bee/PlayerScriptAssemblies/Unity.InternalAPIEngineBridge.001.dll
[370/396    0s] CopyFiles Library/Bee/PlayerScriptAssemblies/Unity.TextMeshPro.dll
[371/396    0s] CopyFiles Library/Bee/PlayerScriptAssemblies/Unity.2D.PixelPerfect.dll
[372/396    0s] CopyFiles Library/Bee/PlayerScriptAssemblies/Unity.Burst.dll
[373/396    0s] CopyFiles Library/Bee/PlayerScriptAssemblies/Unity.TextMeshPro.pdb
[374/396    0s] CopyFiles Library/Bee/PlayerScriptAssemblies/Unity.VisualScripting.Flow.pdb
[375/396    0s] CopyFiles Library/Bee/PlayerScriptAssemblies/Unity.2D.Tilemap.Extras.pdb
[376/396    0s] CopyFiles Library/Bee/PlayerScriptAssemblies/Unity.2D.PixelPerfect.pdb
[377/396    0s] CopyFiles Library/Bee/PlayerScriptAssemblies/UnityEngine.UI.pdb
[378/396    0s] CopyFiles Library/Bee/PlayerScriptAssemblies/Unity.2D.IK.Runtime.pdb
[379/396    0s] CopyFiles Library/Bee/PlayerScriptAssemblies/Unity.VisualScripting.State.pdb
[380/396    0s] CopyFiles Library/Bee/PlayerScriptAssemblies/Unity.AI.Navigation.pdb
[381/396    0s] CopyFiles Library/Bee/PlayerScriptAssemblies/Unity.Timeline.pdb
[382/396    0s] CopyFiles Library/Bee/PlayerScriptAssemblies/Unity.InternalAPIEngineBridge.001.pdb
[383/396    0s] CopyFiles Library/Bee/PlayerScriptAssemblies/Unity.Mathematics.pdb
[384/396    0s] CopyFiles Library/Bee/PlayerScriptAssemblies/Unity.2D.Common.Runtime.pdb
[385/396    0s] CopyFiles Library/Bee/PlayerScriptAssemblies/Unity.Collections.pdb
[386/396    0s] CopyFiles Library/Bee/PlayerScriptAssemblies/Unity.2D.Animation.Runtime.pdb
[387/396    0s] CopyFiles Library/Bee/PlayerScriptAssemblies/Unity.Burst.pdb
[388/396    0s] CopyFiles Library/Bee/PlayerScriptAssemblies/Unity.2D.SpriteShape.Runtime.pdb
[389/396    0s] CopyFiles Library/Bee/PlayerScriptAssemblies/Unity.VisualScripting.Core.pdb
[390/396    2s] Csc Library/Bee/artifacts/2000b0aP.dag/Assembly-CSharp.dll (+2 others)
[391/396    0s] ILPostProcess Library/Bee/artifacts/2000b0aP.dag/post-processed/Assembly-CSharp.dll (+pdb)
Processing assembly Library/Bee/artifacts/2000b0aP.dag/Assembly-CSharp.dll, with 91 defines and 205 references
processors: zzzUnity.Burst.CodeGen.BurstILPostProcessor
running zzzUnity.Burst.CodeGen.BurstILPostProcessor
[392/396    0s] CopyFiles Library/Bee/PlayerScriptAssemblies/Assembly-CSharp.pdb
[393/396    0s] CopyFiles Library/Bee/PlayerScriptAssemblies/Assembly-CSharp.dll
[395/396    0s] BuildPlayerDataGenerator Library/BuildPlayerData/Player/RuntimeInitializeOnLoads.json (+1 other)
*** Tundra build success (3.32 seconds), 43 items updated, 396 evaluated
Total cache size 115296376
Total cache size after purge 115296376
Rebuilding Data files because Assets/Scenes/Main.unity is dirty (hash)
Asset Pipeline Refresh (id=1a9734ecbeb74c7a9990286ea10f554d): Total: 0.170 seconds - Initiated by RefreshV2(NoUpdateAssetOptions)
SpriteAtlasPacking completed in 0.011674 sec
Opening scene 'Assets/Scenes/Main.unity'
[PhysX] Initialized MultithreadedTaskDispatcher with 4 workers.
Unloading 382 Unused Serialized files (Serialized files now loaded: 0)
Loaded scene 'Assets/Scenes/Main.unity'
	Deserialize:            813.880 ms
	Integration:            527.923 ms
	Integration of assets:  17.168 ms
	Thread Wait Time:       -0.656 ms
	Total Operation Time:   1358.316 ms
Unloading 50 unused Assets / (0.5 MB). Loaded Objects now: 9499.
Memory consumption went from 159.2 MB to 158.7 MB.
Total: 12.710837 ms (FindLiveObjects: 0.981535 ms CreateObjectMapping: 0.349307 ms MarkObjects: 10.719693 ms  DeleteObjects: 0.658328 ms)

Created GICache directory at /home/keith/.cache/unity3d/GiCache. Took: 0.009s, timestamps: [24.436 - 24.444]
gi::BakeBackendSwitch: switching bake backend from 3 to 1.
GfxDevice renderer is null. Unity cannot update the Ambient Probe and Reflection Probes that the SkyManager generates. Run the Editor without the -nographics argument or generate lighting for your scene.
UnityEngine.StackTraceUtility:ExtractStackTrace () (at /home/bokken/build/output/unity/unity/Runtime/Export/Scripting/StackTrace.cs:37)
UnityEditor.BuildPipeline:BuildPlayerInternal (string[],string,string,UnityEditor.BuildTargetGroup,UnityEditor.BuildTarget,int,UnityEditor.BuildOptions,string[]) (at /home/bokken/build/output/unity/unity/Editor/Mono/BuildPipeline.bindings.cs:531)
UnityEditor.BuildPipeline:BuildPlayer (string[],string,string,UnityEditor.BuildTargetGroup,UnityEditor.BuildTarget,int,UnityEditor.BuildOptions,string[]) (at /home/bokken/build/output/unity/unity/Editor/Mono/BuildPipeline.bindings.cs:396)
UnityEditor.BuildPipeline:BuildPlayer (UnityEditor.BuildPlayerOptions) (at /home/bokken/build/output/unity/unity/Editor/Mono/BuildPipeline.bindings.cs:342)
UnityEditor.BuildPipeline:BuildPlayer (string[],string,UnityEditor.BuildTarget,UnityEditor.BuildOptions) (at /home/bokken/build/output/unity/unity/Editor/Mono/BuildPipeline.bindings.cs:337)
WebGLBuilder:BuildGame () (at Assets/Editor/BuildScript.cs:14)

[/home/bokken/build/output/unity/unity/Editor/Mono/BuildPipeline.bindings.cs line 531]



Mono dependencies included in the build
Dependency assembly - System.Security.Principal.Windows.dll
Dependency assembly - System.ObjectModel.dll
Dependency assembly - System.Reflection.Extensions.dll
Dependency assembly - System.Security.Principal.dll
Dependency assembly - System.Runtime.InteropServices.dll
Dependency assembly - System.Windows.Forms.DataVisualization.dll
Dependency assembly - System.Web.Extensions.dll
Dependency assembly - System.Runtime.InteropServices.WindowsRuntime.dll
Dependency assembly - System.Threading.Tasks.Parallel.dll
Dependency assembly - System.Xml.Xsl.Primitives.dll
Dependency assembly - System.Drawing.dll
Dependency assembly - System.Security.Cryptography.Hashing.Algorithms.dll
Dependency assembly - System.Web.ApplicationServices.dll
Dependency assembly - System.Net.WebSockets.Client.dll
Dependency assembly - System.Runtime.Loader.dll
Dependency assembly - System.Security.dll
Dependency assembly - System.Design.dll
Dependency assembly - System.Xaml.dll
Dependency assembly - System.Windows.dll
Dependency assembly - System.Linq.Expressions.dll
Dependency assembly - System.ServiceModel.Http.dll
Dependency assembly - System.IO.MemoryMappedFiles.dll
Dependency assembly - System.ValueTuple.dll
Dependency assembly - System.Threading.dll
Dependency assembly - System.Security.AccessControl.dll
Dependency assembly - System.Security.Cryptography.ProtectedData.dll
Dependency assembly - System.Reflection.Primitives.dll
Dependency assembly - System.Resources.ResourceManager.dll
Dependency assembly - System.Globalization.dll
Dependency assembly - System.Diagnostics.Tools.dll
Dependency assembly - Unity.Timeline.dll
Dependency assembly - System.Resources.Reader.dll
Dependency assembly - System.ServiceModel.Primitives.dll
Dependency assembly - System.Xml.XmlSerializer.dll
Dependency assembly - System.IO.UnmanagedMemoryStream.dll
Dependency assembly - System.IO.Compression.FileSystem.dll
Dependency assembly - System.Net.Ping.dll
Dependency assembly - System.Threading.Tasks.dll
Dependency assembly - System.Collections.NonGeneric.dll
Dependency assembly - System.Net.Utilities.dll
Dependency assembly - System.Messaging.dll
Dependency assembly - System.Console.dll
Dependency assembly - System.Net.Cache.dll
Dependency assembly - System.Security.Cryptography.Hashing.dll
Dependency assembly - System.ServiceModel.Duplex.dll
Dependency assembly - System.Data.dll
Dependency assembly - System.Configuration.dll
Dependency assembly - System.Net.Security.dll
Dependency assembly - System.Net.NameResolution.dll
Dependency assembly - System.Security.Cryptography.RandomNumberGenerator.dll
Dependency assembly - System.Linq.dll
Dependency assembly - System.Security.Cryptography.OpenSsl.dll
Dependency assembly - System.Security.Cryptography.Encryption.ECDiffieHellman.dll
Dependency assembly - UnityEngine.UI.dll
Dependency assembly - System.Xml.ReaderWriter.dll
Dependency assembly - System.Runtime.CompilerServices.VisualC.dll
Dependency assembly - System.Data.Entity.dll
Dependency assembly - System.Xml.XPath.XDocument.dll
Dependency assembly - Unity.Collections.dll
Dependency assembly - System.Reflection.DispatchProxy.dll
Dependency assembly - System.Runtime.Serialization.Primitives.dll
Dependency assembly - System.ServiceProcess.ServiceController.dll
Dependency assembly - System.ComponentModel.dll
Dependency assembly - System.Diagnostics.TraceSource.dll
Dependency assembly - System.DirectoryServices.dll
Dependency assembly - System.IO.IsolatedStorage.dll
Dependency assembly - System.Core.dll
Dependency assembly - System.Management.dll
Dependency assembly - System.Net.Primitives.dll
Dependency assembly - Assembly-CSharp.dll
Dependency assembly - System.Security.Cryptography.Encryption.ECDsa.dll
Dependency assembly - System.Memory.dll
Dependency assembly - System.Net.WebSockets.dll
Dependency assembly - System.Runtime.Serialization.Xml.dll
Dependency assembly - System.Diagnostics.TraceEvent.dll
Dependency assembly - Unity.VisualScripting.State.dll
Dependency assembly - System.Net.Requests.dll
Dependency assembly - System.Data.SqlClient.dll
Dependency assembly - System.Resources.Writer.dll
Dependency assembly - System.Xml.XDocument.dll
Dependency assembly - System.Xml.XmlDocument.dll
Dependency assembly - System.Runtime.Serialization.dll
Dependency assembly - System.Diagnostics.Contracts.dll
Dependency assembly - System.Net.Mail.dll
Dependency assembly - System.ServiceModel.Web.dll
Dependency assembly - System.Numerics.dll
Dependency assembly - System.Windows.Forms.dll
Dependency assembly - System.Runtime.Numerics.dll
Dependency assembly - System.ComponentModel.Composition.dll
Dependency assembly - System.IdentityModel.Selectors.dll
Dependency assembly - System.Diagnostics.StackTrace.dll
Dependency assembly - System.Net.dll
Dependency assembly - System.Text.Encoding.CodePages.dll
Dependency assembly - Mono.Data.Sqlite.dll
Dependency assembly - System.Web.Extensions.Design.dll
Dependency assembly - Unity.TextMeshPro.dll
Dependency assembly - System.Web.Services.dll
Dependency assembly - System.Collections.dll
Dependency assembly - System.Threading.Thread.dll
Dependency assembly - System.Security.Cryptography.Pkcs.dll
Dependency assembly - Unity.2D.PixelPerfect.dll
Dependency assembly - System.Diagnostics.Process.dll
Dependency assembly - System.AppContext.dll
Dependency assembly - System.Net.ServicePoint.dll
Dependency assembly - System.Reflection.TypeExtensions.dll
Dependency assembly - System.Security.Cryptography.Primitives.dll
Dependency assembly - System.Configuration.Install.dll
Dependency assembly - System.Web.RegularExpressions.dll
Dependency assembly - System.ServiceModel.Routing.dll
Dependency assembly - Mono.Security.dll
Dependency assembly - System.Data.OracleClient.dll
Dependency assembly - System.ServiceModel.Activation.dll
Dependency assembly - System.Text.Encoding.Extensions.dll
Dependency assembly - System.Data.Common.dll
Dependency assembly - System.Data.Linq.dll
Dependency assembly - Unity.VisualScripting.Flow.dll
Dependency assembly - System.Linq.Queryable.dll
Dependency assembly - System.Threading.Tasks.Extensions.dll
Dependency assembly - Microsoft.Win32.Primitives.dll
Dependency assembly - System.Security.SecureString.dll
Dependency assembly - System.Runtime.Remoting.dll
Dependency assembly - System.IO.Pipes.dll
Dependency assembly - Unity.AI.Navigation.dll
Dependency assembly - System.Data.Services.Client.dll
Dependency assembly - System.Runtime.Serialization.Formatters.dll
Dependency assembly - Accessibility.dll
Dependency assembly - System.ComponentModel.DataAnnotations.dll
Dependency assembly - System.Web.DynamicData.dll
Dependency assembly - System.Text.Encoding.dll
Dependency assembly - System.Security.Cryptography.Csp.dll
Dependency assembly - System.IdentityModel.dll
Dependency assembly - System.IO.FileSystem.Primitives.dll
Dependency assembly - Unity.InternalAPIEngineBridge.001.dll
Dependency assembly - System.Net.Http.WebRequest.dll
Dependency assembly - Unity.2D.IK.Runtime.dll
Dependency assembly - Unity.Burst.dll
Dependency assembly - System.Reflection.Context.dll
Dependency assembly - System.Dynamic.Runtime.dll
Dependency assembly - System.Diagnostics.Debug.dll
Dependency assembly - System.Security.Cryptography.Algorithms.dll
Dependency assembly - System.Numerics.Vectors.dll
Dependency assembly - System.Threading.Timer.dll
Dependency assembly - System.IO.Compression.ZipFile.dll
Dependency assembly - Unity.VisualScripting.Core.dll
Dependency assembly - Microsoft.Win32.Registry.AccessControl.dll
Dependency assembly - System.Reflection.dll
Dependency assembly - Unity.2D.Animation.Runtime.dll
Dependency assembly - System.ComponentModel.TypeConverter.dll
Dependency assembly - System.Drawing.Primitives.dll
Dependency assembly - System.Text.RegularExpressions.dll
Dependency assembly - mscorlib.dll
Dependency assembly - System.EnterpriseServices.dll
Dependency assembly - System.Net.WebHeaderCollection.dll
Dependency assembly - System.Runtime.Extensions.dll
Dependency assembly - Microsoft.CSharp.dll
Dependency assembly - System.Buffers.dll
Dependency assembly - System.dll
Dependency assembly - System.Net.NetworkInformation.dll
Dependency assembly - System.Security.Cryptography.Cng.dll
Dependency assembly - System.Net.Sockets.dll
Dependency assembly - System.ServiceProcess.dll
Dependency assembly - System.ServiceModel.NetTcp.dll
Dependency assembly - Unity.Collections.LowLevel.ILSupport.dll
Dependency assembly - Unity.2D.Common.Runtime.dll
Dependency assembly - System.Linq.Parallel.dll
Dependency assembly - Microsoft.Win32.Registry.dll
Dependency assembly - System.Transactions.dll
Dependency assembly - System.Globalization.Calendars.dll
Dependency assembly - System.Resources.ReaderWriter.dll
Dependency assembly - Unity.2D.Tilemap.Extras.dll
Dependency assembly - System.Runtime.dll
Dependency assembly - System.IO.FileSystem.AccessControl.dll
Dependency assembly - System.IO.FileSystem.DriveInfo.dll
Dependency assembly - System.Security.Cryptography.X509Certificates.dll
Dependency assembly - System.Xml.Linq.dll
Dependency assembly - Mono.Data.Tds.dll
Dependency assembly - System.Collections.Specialized.dll
Dependency assembly - System.IO.FileSystem.dll
Dependency assembly - System.Security.Cryptography.Encoding.dll
Dependency assembly - System.ComponentModel.Primitives.dll
Dependency assembly - System.Runtime.Caching.dll
Dependency assembly - System.Net.HttpListener.dll
Dependency assembly - System.IO.dll
Dependency assembly - System.Xml.dll
Dependency assembly - Unity.2D.SpriteShape.Runtime.dll
Dependency assembly - System.ServiceModel.dll
Dependency assembly - System.Security.Cryptography.Encryption.Aes.dll
Dependency assembly - System.Json.dll
Dependency assembly - System.ServiceModel.Security.dll
Dependency assembly - System.Drawing.Design.dll
Dependency assembly - System.Reflection.Emit.Lightweight.dll
Dependency assembly - System.Xml.XPath.XmlDocument.dll
Dependency assembly - System.Runtime.InteropServices.RuntimeInformation.dll
Dependency assembly - Unity.Mathematics.dll
Dependency assembly - System.ComponentModel.EventBasedAsync.dll
Dependency assembly - System.Xml.XPath.dll
Dependency assembly - System.Threading.AccessControl.dll
Dependency assembly - Unity.Burst.Unsafe.dll
Dependency assembly - System.Net.AuthenticationManager.dll
Dependency assembly - System.Threading.ThreadPool.dll
Dependency assembly - System.Data.Services.dll
Dependency assembly - System.Collections.Concurrent.dll
Dependency assembly - System.IO.FileSystem.Watcher.dll
Dependency assembly - System.ServiceModel.Internals.dll
Dependency assembly - System.Xml.Serialization.dll
Dependency assembly - System.Diagnostics.TextWriterTraceListener.dll
Dependency assembly - System.Security.Claims.dll
Dependency assembly - System.Diagnostics.Tracing.dll
Dependency assembly - System.Net.Http.dll
Dependency assembly - System.Runtime.Serialization.Formatters.Soap.dll
Dependency assembly - System.Diagnostics.FileVersionInfo.dll
Dependency assembly - System.Runtime.Handles.dll
Dependency assembly - System.ServiceModel.Discovery.dll
Dependency assembly - System.Reflection.Emit.dll
Dependency assembly - System.Runtime.Serialization.Json.dll
Dependency assembly - System.Threading.Overlapped.dll
Dependency assembly - System.DirectoryServices.Protocols.dll
Dependency assembly - Unity.VisualScripting.Antlr3.Runtime.dll
Dependency assembly - System.Globalization.Extensions.dll
Dependency assembly - netstandard.dll
Dependency assembly - System.Reflection.Emit.ILGeneration.dll
Dependency assembly - System.ComponentModel.Annotations.dll
Dependency assembly - System.Web.dll
Dependency assembly - System.Security.Cryptography.Encryption.dll
Dependency assembly - System.Security.Cryptography.RSA.dll
Dependency assembly - System.Data.DataSetExtensions.dll
Dependency assembly - System.Security.Cryptography.DeriveBytes.dll
Dependency assembly - System.Runtime.DurableInstancing.dll
Dependency assembly - System.IO.Compression.dll

[PhysX] Initialized MultithreadedTaskDispatcher with 4 workers.
Unloading 891 Unused Serialized files (Serialized files now loaded: 0)
Unloading 2958 unused Assets / (4.1 MB). Loaded Objects now: 4886.
Memory consumption went from 221.2 MB to 217.1 MB.
Total: 19.699356 ms (FindLiveObjects: 0.925230 ms CreateObjectMapping: 0.362621 ms MarkObjects: 7.441170 ms  DeleteObjects: 10.968321 ms)

[EnlightenBakeManager] m_Clear = false;
Unloading 0 Unused Serialized files (Serialized files now loaded: 0)
Unloading 0 unused Assets / (5.9 KB). Loaded Objects now: 4886.
Memory consumption went from 217.0 MB to 217.0 MB.
Total: 7.991614 ms (FindLiveObjects: 0.517303 ms CreateObjectMapping: 0.157045 ms MarkObjects: 7.295947 ms  DeleteObjects: 0.019867 ms)

[PhysX] Initialized MultithreadedTaskDispatcher with 4 workers.
Unloading 1 Unused Serialized files (Serialized files now loaded: 0)
Unloading 147 unused Assets / (115.3 MB). Loaded Objects now: 4886.
Memory consumption went from 309.7 MB to 194.3 MB.
Total: 27.283755 ms (FindLiveObjects: 0.473009 ms CreateObjectMapping: 0.174278 ms MarkObjects: 7.270940 ms  DeleteObjects: 19.363795 ms)

Compiling shader "TextMeshPro/Sprite" pass "Default" (vp)
    Full variant space:         4
    After settings filtering:   4
    After built-in stripping:   4
    After scriptable stripping: 4
    Processed in 0.01 seconds
    starting compilation...
    finished in 0.02 seconds. Local cache hits 4 (0.08s CPU time), remote cache hits 0 (0.00s CPU time), compiled 0 variants (0.00s CPU time), skipped 0 variants
    Prepared data for serialisation in 0.00s
Serialized binary data for shader TextMeshPro/Sprite in 0.00s
    gles3 (total internal programs: 4, unique: 4)
Compiling shader "TextMeshPro/Mobile/Distance Field" pass "" (vp)
    Full variant space:         12
    After settings filtering:   12
    After built-in stripping:   12
    After scriptable stripping: 12
    Processed in 0.00 seconds
    starting compilation...
    finished in 0.00 seconds. Local cache hits 12 (0.00s CPU time), remote cache hits 0 (0.00s CPU time), compiled 0 variants (0.00s CPU time), skipped 0 variants
    Prepared data for serialisation in 0.00s
Serialized binary data for shader TextMeshPro/Mobile/Distance Field in 0.00s
    gles3 (total internal programs: 12, unique: 12)
Compiling shader "Legacy Shaders/VertexLit" pass "" (vp)
    Full variant space:         12
    After settings filtering:   12
    After built-in stripping:   3
    After scriptable stripping: 3
    Processed in 0.00 seconds
    starting compilation...
    finished in 0.00 seconds. Local cache hits 3 (0.00s CPU time), remote cache hits 0 (0.00s CPU time), compiled 0 variants (0.00s CPU time), skipped 0 variants
    Prepared data for serialisation in 0.00s
Compiling shader "Legacy Shaders/VertexLit" pass "" (vp)
    Full variant space:         4
    After settings filtering:   4
    After built-in stripping:   1
    After scriptable stripping: 1
    Processed in 0.00 seconds
    starting compilation...
    finished in 0.00 seconds. Local cache hits 1 (0.00s CPU time), remote cache hits 0 (0.00s CPU time), compiled 0 variants (0.00s CPU time), skipped 0 variants
    Prepared data for serialisation in 0.00s
Compiling shader "Legacy Shaders/VertexLit" pass "ShadowCaster" (vp)
    Full variant space:         4
    After settings filtering:   4
    After built-in stripping:   2
    After scriptable stripping: 2
    Processed in 0.00 seconds
    starting compilation...
    finished in 0.00 seconds. Local cache hits 2 (0.00s CPU time), remote cache hits 0 (0.00s CPU time), compiled 0 variants (0.00s CPU time), skipped 0 variants
    Prepared data for serialisation in 0.00s
Serialized binary data for shader Legacy Shaders/VertexLit in 0.00s
    gles3 (total internal programs: 6, unique: 6)
Compiling shader "Legacy Shaders/Diffuse" pass "FORWARD" (vp)
    Full variant space:         664
    After settings filtering:   664
    After built-in stripping:   8
    After scriptable stripping: 8
    Processed in 0.00 seconds
    starting compilation...
    finished in 0.00 seconds. Local cache hits 8 (0.00s CPU time), remote cache hits 0 (0.00s CPU time), compiled 0 variants (0.00s CPU time), skipped 0 variants
    Prepared data for serialisation in 0.00s
Compiling shader "Legacy Shaders/Diffuse" pass "FORWARD" (vp)
    Full variant space:         20
    After settings filtering:   20
    After built-in stripping:   5
    After scriptable stripping: 5
    Processed in 0.00 seconds
    starting compilation...
    finished in 0.00 seconds. Local cache hits 5 (0.00s CPU time), remote cache hits 0 (0.00s CPU time), compiled 0 variants (0.00s CPU time), skipped 0 variants
    Prepared data for serialisation in 0.00s
Compiling shader "Legacy Shaders/Diffuse" pass "DEFERRED" (vp)
    Full variant space:         76
    After settings filtering:   76
    After built-in stripping:   4
    After scriptable stripping: 4
    Processed in 0.00 seconds
    starting compilation...
    finished in 0.00 seconds. Local cache hits 4 (0.00s CPU time), remote cache hits 0 (0.00s CPU time), compiled 0 variants (0.00s CPU time), skipped 0 variants
    Prepared data for serialisation in 0.00s
Serialized binary data for shader Legacy Shaders/Diffuse in 0.00s
    gles3 (total internal programs: 17, unique: 17)
Compiling shader "Hidden/Internal-StencilWrite" pass "" (vp)
    Full variant space:         1
    After settings filtering:   1
    After built-in stripping:   1
    After scriptable stripping: 1
    Processed in 0.00 seconds
    starting compilation...
    finished in 0.00 seconds. Local cache hits 1 (0.00s CPU time), remote cache hits 0 (0.00s CPU time), compiled 0 variants (0.00s CPU time), skipped 0 variants
    Prepared data for serialisation in 0.00s
Serialized binary data for shader Hidden/Internal-StencilWrite in 0.00s
    gles3 (total internal programs: 1, unique: 1)
Compiling shader "Hidden/Internal-DepthNormalsTexture" pass "" (vp)
    Full variant space:         1
    After settings filtering:   1
    After built-in stripping:   1
    After scriptable stripping: 1
    Processed in 0.00 seconds
    starting compilation...
    finished in 0.00 seconds. Local cache hits 1 (0.00s CPU time), remote cache hits 0 (0.00s CPU time), compiled 0 variants (0.00s CPU time), skipped 0 variants
    Prepared data for serialisation in 0.00s
Compiling shader "Hidden/Internal-DepthNormalsTexture" pass "" (vp)
    Full variant space:         1
    After settings filtering:   1
    After built-in stripping:   1
    After scriptable stripping: 1
    Processed in 0.00 seconds
    starting compilation...
    finished in 0.00 seconds. Local cache hits 1 (0.00s CPU time), remote cache hits 0 (0.00s CPU time), compiled 0 variants (0.00s CPU time), skipped 0 variants
    Prepared data for serialisation in 0.00s
Compiling shader "Hidden/Internal-DepthNormalsTexture" pass "" (vp)
    Full variant space:         1
    After settings filtering:   1
    After built-in stripping:   1
    After scriptable stripping: 1
    Processed in 0.00 seconds
    starting compilation...
    finished in 0.00 seconds. Local cache hits 1 (0.00s CPU time), remote cache hits 0 (0.00s CPU time), compiled 0 variants (0.00s CPU time), skipped 0 variants
    Prepared data for serialisation in 0.00s
Compiling shader "Hidden/Internal-DepthNormalsTexture" pass "" (vp)
    Full variant space:         1
    After settings filtering:   1
    After built-in stripping:   1
    After scriptable stripping: 1
    Processed in 0.00 seconds
    starting compilation...
    finished in 0.00 seconds. Local cache hits 1 (0.00s CPU time), remote cache hits 0 (0.00s CPU time), compiled 0 variants (0.00s CPU time), skipped 0 variants
    Prepared data for serialisation in 0.00s
Compiling shader "Hidden/Internal-DepthNormalsTexture" pass "" (vp)
    Full variant space:         1
    After settings filtering:   1
    After built-in stripping:   1
    After scriptable stripping: 1
    Processed in 0.00 seconds
    starting compilation...
    finished in 0.00 seconds. Local cache hits 1 (0.00s CPU time), remote cache hits 0 (0.00s CPU time), compiled 0 variants (0.00s CPU time), skipped 0 variants
    Prepared data for serialisation in 0.00s
Compiling shader "Hidden/Internal-DepthNormalsTexture" pass "" (vp)
    Full variant space:         1
    After settings filtering:   1
    After built-in stripping:   1
    After scriptable stripping: 1
    Processed in 0.00 seconds
    starting compilation...
    finished in 0.00 seconds. Local cache hits 1 (0.00s CPU time), remote cache hits 0 (0.00s CPU time), compiled 0 variants (0.00s CPU time), skipped 0 variants
    Prepared data for serialisation in 0.00s
Compiling shader "Hidden/Internal-DepthNormalsTexture" pass "" (vp)
    Full variant space:         1
    After settings filtering:   1
    After built-in stripping:   1
    After scriptable stripping: 1
    Processed in 0.00 seconds
    starting compilation...
    finished in 0.00 seconds. Local cache hits 1 (0.00s CPU time), remote cache hits 0 (0.00s CPU time), compiled 0 variants (0.00s CPU time), skipped 0 variants
    Prepared data for serialisation in 0.00s
Compiling shader "Hidden/Internal-DepthNormalsTexture" pass "" (vp)
    Full variant space:         1
    After settings filtering:   1
    After built-in stripping:   1
    After scriptable stripping: 1
    Processed in 0.00 seconds
    starting compilation...
    finished in 0.00 seconds. Local cache hits 1 (0.00s CPU time), remote cache hits 0 (0.00s CPU time), compiled 0 variants (0.00s CPU time), skipped 0 variants
    Prepared data for serialisation in 0.00s
Compiling shader "Hidden/Internal-DepthNormalsTexture" pass "" (vp)
    Full variant space:         1
    After settings filtering:   1
    After built-in stripping:   1
    After scriptable stripping: 1
    Processed in 0.00 seconds
    starting compilation...
    finished in 0.00 seconds. Local cache hits 1 (0.00s CPU time), remote cache hits 0 (0.00s CPU time), compiled 0 variants (0.00s CPU time), skipped 0 variants
    Prepared data for serialisation in 0.00s
Compiling shader "Hidden/Internal-DepthNormalsTexture" pass "" (vp)
    Full variant space:         1
    After settings filtering:   1
    After built-in stripping:   1
    After scriptable stripping: 1
    Processed in 0.00 seconds
    starting compilation...
    finished in 0.00 seconds. Local cache hits 1 (0.00s CPU time), remote cache hits 0 (0.00s CPU time), compiled 0 variants (0.00s CPU time), skipped 0 variants
    Prepared data for serialisation in 0.00s
Serialized binary data for shader Hidden/Internal-DepthNormalsTexture in 0.00s
    gles3 (total internal programs: 10, unique: 10)
Compiling shader "Hidden/Internal-ScreenSpaceShadows" pass "" (vp)
    Full variant space:         4
    After settings filtering:   4
    After built-in stripping:   4
    After scriptable stripping: 4
    Processed in 0.00 seconds
    starting compilation...
    finished in 0.00 seconds. Local cache hits 4 (0.00s CPU time), remote cache hits 0 (0.00s CPU time), compiled 0 variants (0.00s CPU time), skipped 0 variants
    Prepared data for serialisation in 0.00s
Compiling shader "Hidden/Internal-ScreenSpaceShadows" pass "" (vp)
    Full variant space:         4
    After settings filtering:   4
    After built-in stripping:   4
    After scriptable stripping: 4
    Processed in 0.00 seconds
    starting compilation...
    finished in 0.00 seconds. Local cache hits 4 (0.00s CPU time), remote cache hits 0 (0.00s CPU time), compiled 0 variants (0.00s CPU time), skipped 0 variants
    Prepared data for serialisation in 0.00s
Compiling shader "Hidden/Internal-ScreenSpaceShadows" pass "" (vp)
    Full variant space:         4
    After settings filtering:   4
    After built-in stripping:   4
    After scriptable stripping: 4
    Processed in 0.00 seconds
    starting compilation...
    finished in 0.00 seconds. Local cache hits 4 (0.00s CPU time), remote cache hits 0 (0.00s CPU time), compiled 0 variants (0.00s CPU time), skipped 0 variants
    Prepared data for serialisation in 0.00s
Compiling shader "Hidden/Internal-ScreenSpaceShadows" pass "" (vp)
    Full variant space:         4
    After settings filtering:   4
    After built-in stripping:   4
    After scriptable stripping: 4
    Processed in 0.00 seconds
    starting compilation...
    finished in 0.00 seconds. Local cache hits 4 (0.00s CPU time), remote cache hits 0 (0.00s CPU time), compiled 0 variants (0.00s CPU time), skipped 0 variants
    Prepared data for serialisation in 0.00s
Serialized binary data for shader Hidden/Internal-ScreenSpaceShadows in 0.00s
    gles3 (total internal programs: 16, unique: 16)
Compiling shader "Hidden/Internal-CombineDepthNormals" pass "" (vp)
    Full variant space:         1
    After settings filtering:   1
    After built-in stripping:   1
    After scriptable stripping: 1
    Processed in 0.00 seconds
    starting compilation...
    finished in 0.00 seconds. Local cache hits 1 (0.00s CPU time), remote cache hits 0 (0.00s CPU time), compiled 0 variants (0.00s CPU time), skipped 0 variants
    Prepared data for serialisation in 0.00s
Serialized binary data for shader Hidden/Internal-CombineDepthNormals in 0.00s
    gles3 (total internal programs: 1, unique: 1)
Compiling shader "Hidden/BlitCopy" pass "" (vp)
    Full variant space:         1
    After settings filtering:   1
    After built-in stripping:   1
    After scriptable stripping: 1
    Processed in 0.00 seconds
    starting compilation...
    finished in 0.00 seconds. Local cache hits 1 (0.00s CPU time), remote cache hits 0 (0.00s CPU time), compiled 0 variants (0.00s CPU time), skipped 0 variants
    Prepared data for serialisation in 0.00s
Serialized binary data for shader Hidden/BlitCopy in 0.00s
    gles3 (total internal programs: 1, unique: 1)
Compiling shader "Hidden/BlitCopyDepth" pass "" (vp)
    Full variant space:         1
    After settings filtering:   1
    After built-in stripping:   1
    After scriptable stripping: 1
    Processed in 0.00 seconds
    starting compilation...
    finished in 0.00 seconds. Local cache hits 1 (0.00s CPU time), remote cache hits 0 (0.00s CPU time), compiled 0 variants (0.00s CPU time), skipped 0 variants
    Prepared data for serialisation in 0.00s
Serialized binary data for shader Hidden/BlitCopyDepth in 0.00s
    gles3 (total internal programs: 1, unique: 1)
Compiling shader "Hidden/ConvertTexture" pass "" (vp)
    Full variant space:         1
    After settings filtering:   1
    After built-in stripping:   1
    After scriptable stripping: 1
    Processed in 0.00 seconds
    starting compilation...
    finished in 0.00 seconds. Local cache hits 1 (0.00s CPU time), remote cache hits 0 (0.00s CPU time), compiled 0 variants (0.00s CPU time), skipped 0 variants
    Prepared data for serialisation in 0.00s
Serialized binary data for shader Hidden/ConvertTexture in 0.00s
    gles3 (total internal programs: 1, unique: 1)
Compiling shader "Hidden/Internal-DeferredShading" pass "" (vp)
    Full variant space:         94
    After settings filtering:   94
    After built-in stripping:   26
    After scriptable stripping: 26
    Processed in 0.00 seconds
    starting compilation...
    finished in 0.00 seconds. Local cache hits 26 (0.01s CPU time), remote cache hits 0 (0.00s CPU time), compiled 0 variants (0.00s CPU time), skipped 0 variants
    Prepared data for serialisation in 0.00s
Compiling shader "Hidden/Internal-DeferredShading" pass "" (vp)
    Full variant space:         1
    After settings filtering:   1
    After built-in stripping:   1
    After scriptable stripping: 1
    Processed in 0.00 seconds
    starting compilation...
    finished in 0.00 seconds. Local cache hits 1 (0.00s CPU time), remote cache hits 0 (0.00s CPU time), compiled 0 variants (0.00s CPU time), skipped 0 variants
    Prepared data for serialisation in 0.00s
Serialized binary data for shader Hidden/Internal-DeferredShading in 0.00s
    gles3 (total internal programs: 27, unique: 27)
Compiling shader "Hidden/Internal-DeferredReflections" pass "" (vp)
    Full variant space:         1
    After settings filtering:   1
    After built-in stripping:   1
    After scriptable stripping: 1
    Processed in 0.00 seconds
    starting compilation...
    finished in 0.00 seconds. Local cache hits 1 (0.00s CPU time), remote cache hits 0 (0.00s CPU time), compiled 0 variants (0.00s CPU time), skipped 0 variants
    Prepared data for serialisation in 0.00s
Compiling shader "Hidden/Internal-DeferredReflections" pass "" (vp)
    Full variant space:         2
    After settings filtering:   2
    After built-in stripping:   2
    After scriptable stripping: 2
    Processed in 0.00 seconds
    starting compilation...
    finished in 0.00 seconds. Local cache hits 2 (0.00s CPU time), remote cache hits 0 (0.00s CPU time), compiled 0 variants (0.00s CPU time), skipped 0 variants
    Prepared data for serialisation in 0.00s
Serialized binary data for shader Hidden/Internal-DeferredReflections in 0.00s
    gles3 (total internal programs: 3, unique: 3)
Compiling shader "Hidden/Internal-MotionVectors" pass "" (vp)
    Full variant space:         1
    After settings filtering:   1
    After built-in stripping:   1
    After scriptable stripping: 1
    Processed in 0.00 seconds
    starting compilation...
    finished in 0.00 seconds. Local cache hits 1 (0.00s CPU time), remote cache hits 0 (0.00s CPU time), compiled 0 variants (0.00s CPU time), skipped 0 variants
    Prepared data for serialisation in 0.00s
Compiling shader "Hidden/Internal-MotionVectors" pass "" (vp)
    Full variant space:         1
    After settings filtering:   1
    After built-in stripping:   1
    After scriptable stripping: 1
    Processed in 0.00 seconds
    starting compilation...
    finished in 0.00 seconds. Local cache hits 1 (0.00s CPU time), remote cache hits 0 (0.00s CPU time), compiled 0 variants (0.00s CPU time), skipped 0 variants
    Prepared data for serialisation in 0.00s
Compiling shader "Hidden/Internal-MotionVectors" pass "" (vp)
    Full variant space:         1
    After settings filtering:   1
    After built-in stripping:   1
    After scriptable stripping: 1
    Processed in 0.00 seconds
    starting compilation...
    finished in 0.00 seconds. Local cache hits 1 (0.00s CPU time), remote cache hits 0 (0.00s CPU time), compiled 0 variants (0.00s CPU time), skipped 0 variants
    Prepared data for serialisation in 0.00s
Serialized binary data for shader Hidden/Internal-MotionVectors in 0.00s
    gles3 (total internal programs: 3, unique: 3)
Compiling shader "Hidden/Internal-Flare" pass "" (vp)
    Full variant space:         1
    After settings filtering:   1
    After built-in stripping:   1
    After scriptable stripping: 1
    Processed in 0.00 seconds
    starting compilation...
    finished in 0.00 seconds. Local cache hits 1 (0.00s CPU time), remote cache hits 0 (0.00s CPU time), compiled 0 variants (0.00s CPU time), skipped 0 variants
    Prepared data for serialisation in 0.00s
Serialized binary data for shader Hidden/Internal-Flare in 0.00s
    gles3 (total internal programs: 1, unique: 1)
Compiling shader "Hidden/Internal-Halo" pass "" (vp)
    Full variant space:         4
    After settings filtering:   4
    After built-in stripping:   1
    After scriptable stripping: 1
    Processed in 0.00 seconds
    starting compilation...
    finished in 0.00 seconds. Local cache hits 1 (0.00s CPU time), remote cache hits 0 (0.00s CPU time), compiled 0 variants (0.00s CPU time), skipped 0 variants
    Prepared data for serialisation in 0.00s
Serialized binary data for shader Hidden/Internal-Halo in 0.00s
    gles3 (total internal programs: 1, unique: 1)
Compiling shader "Hidden/BlitCopyWithDepth" pass "" (vp)
    Full variant space:         1
    After settings filtering:   1
    After built-in stripping:   1
    After scriptable stripping: 1
    Processed in 0.00 seconds
    starting compilation...
    finished in 0.00 seconds. Local cache hits 1 (0.00s CPU time), remote cache hits 0 (0.00s CPU time), compiled 0 variants (0.00s CPU time), skipped 0 variants
    Prepared data for serialisation in 0.00s
Serialized binary data for shader Hidden/BlitCopyWithDepth in 0.00s
    gles3 (total internal programs: 1, unique: 1)
Compiling shader "Hidden/BlitToDepth" pass "" (vp)
    Full variant space:         1
    After settings filtering:   1
    After built-in stripping:   1
    After scriptable stripping: 1
    Processed in 0.00 seconds
    starting compilation...
    finished in 0.00 seconds. Local cache hits 1 (0.00s CPU time), remote cache hits 0 (0.00s CPU time), compiled 0 variants (0.00s CPU time), skipped 0 variants
    Prepared data for serialisation in 0.00s
Serialized binary data for shader Hidden/BlitToDepth in 0.00s
    gles3 (total internal programs: 1, unique: 1)
Compiling shader "Hidden/BlitToDepth_MSAA" pass "" (vp)
    Full variant space:         1
    After settings filtering:   1
    After built-in stripping:   1
    After scriptable stripping: 1
    Processed in 0.00 seconds
    starting compilation...
    finished in 0.00 seconds. Local cache hits 1 (0.00s CPU time), remote cache hits 0 (0.00s CPU time), compiled 0 variants (0.00s CPU time), skipped 0 variants
    Prepared data for serialisation in 0.00s
Serialized binary data for shader Hidden/BlitToDepth_MSAA in 0.00s
    gles3 (total internal programs: 1, unique: 1)
Compiling shader "Hidden/BlitCopyHDRTonemap" pass "" (vp)
    Full variant space:         1
    After settings filtering:   1
    After built-in stripping:   1
    After scriptable stripping: 1
    Processed in 0.00 seconds
    starting compilation...
    finished in 0.00 seconds. Local cache hits 1 (0.00s CPU time), remote cache hits 0 (0.00s CPU time), compiled 0 variants (0.00s CPU time), skipped 0 variants
    Prepared data for serialisation in 0.00s
Serialized binary data for shader Hidden/BlitCopyHDRTonemap in 0.00s
    gles3 (total internal programs: 1, unique: 1)
Compiling shader "Hidden/Internal-DebugPattern" pass "Target Color and DepthStencil" (vp)
    Full variant space:         1
    After settings filtering:   1
    After built-in stripping:   1
    After scriptable stripping: 1
    Processed in 0.00 seconds
    starting compilation...
    finished in 0.00 seconds. Local cache hits 1 (0.00s CPU time), remote cache hits 0 (0.00s CPU time), compiled 0 variants (0.00s CPU time), skipped 0 variants
    Prepared data for serialisation in 0.00s
Compiling shader "Hidden/Internal-DebugPattern" pass "Target only Color" (vp)
    Full variant space:         1
    After settings filtering:   1
    After built-in stripping:   1
    After scriptable stripping: 1
    Processed in 0.00 seconds
    starting compilation...
    finished in 0.00 seconds. Local cache hits 1 (0.00s CPU time), remote cache hits 0 (0.00s CPU time), compiled 0 variants (0.00s CPU time), skipped 0 variants
    Prepared data for serialisation in 0.00s
Compiling shader "Hidden/Internal-DebugPattern" pass "Target only DepthStencil" (vp)
    Full variant space:         1
    After settings filtering:   1
    After built-in stripping:   1
    After scriptable stripping: 1
    Processed in 0.00 seconds
    starting compilation...
    finished in 0.00 seconds. Local cache hits 1 (0.00s CPU time), remote cache hits 0 (0.00s CPU time), compiled 0 variants (0.00s CPU time), skipped 0 variants
    Prepared data for serialisation in 0.00s
Serialized binary data for shader Hidden/Internal-DebugPattern in 0.00s
    gles3 (total internal programs: 3, unique: 3)
Compiling shader "Hidden/Internal-GUITextureClip" pass "" (vp)
    Full variant space:         1
    After settings filtering:   1
    After built-in stripping:   1
    After scriptable stripping: 1
    Processed in 0.00 seconds
    starting compilation...
    finished in 0.00 seconds. Local cache hits 1 (0.00s CPU time), remote cache hits 0 (0.00s CPU time), compiled 0 variants (0.00s CPU time), skipped 0 variants
    Prepared data for serialisation in 0.00s
Compiling shader "Hidden/Internal-GUITextureClip" pass "" (vp)
    Full variant space:         1
    After settings filtering:   1
    After built-in stripping:   1
    After scriptable stripping: 1
    Processed in 0.00 seconds
    starting compilation...
    finished in 0.00 seconds. Local cache hits 1 (0.00s CPU time), remote cache hits 0 (0.00s CPU time), compiled 0 variants (0.00s CPU time), skipped 0 variants
    Prepared data for serialisation in 0.00s
Serialized binary data for shader Hidden/Internal-GUITextureClip in 0.00s
    gles3 (total internal programs: 2, unique: 1)
Compiling shader "Hidden/Internal-GUITextureClipText" pass "" (vp)
    Full variant space:         1
    After settings filtering:   1
    After built-in stripping:   1
    After scriptable stripping: 1
    Processed in 0.00 seconds
    starting compilation...
    finished in 0.00 seconds. Local cache hits 1 (0.00s CPU time), remote cache hits 0 (0.00s CPU time), compiled 0 variants (0.00s CPU time), skipped 0 variants
    Prepared data for serialisation in 0.00s
Compiling shader "Hidden/Internal-GUITextureClipText" pass "" (vp)
    Full variant space:         1
    After settings filtering:   1
    After built-in stripping:   1
    After scriptable stripping: 1
    Processed in 0.00 seconds
    starting compilation...
    finished in 0.00 seconds. Local cache hits 1 (0.00s CPU time), remote cache hits 0 (0.00s CPU time), compiled 0 variants (0.00s CPU time), skipped 0 variants
    Prepared data for serialisation in 0.00s
Serialized binary data for shader Hidden/Internal-GUITextureClipText in 0.00s
    gles3 (total internal programs: 2, unique: 1)
Compiling shader "Hidden/Internal-GUITexture" pass "" (vp)
    Full variant space:         1
    After settings filtering:   1
    After built-in stripping:   1
    After scriptable stripping: 1
    Processed in 0.00 seconds
    starting compilation...
    finished in 0.00 seconds. Local cache hits 1 (0.00s CPU time), remote cache hits 0 (0.00s CPU time), compiled 0 variants (0.00s CPU time), skipped 0 variants
    Prepared data for serialisation in 0.00s
Compiling shader "Hidden/Internal-GUITexture" pass "" (vp)
    Full variant space:         1
    After settings filtering:   1
    After built-in stripping:   1
    After scriptable stripping: 1
    Processed in 0.00 seconds
    starting compilation...
    finished in 0.00 seconds. Local cache hits 1 (0.00s CPU time), remote cache hits 0 (0.00s CPU time), compiled 0 variants (0.00s CPU time), skipped 0 variants
    Prepared data for serialisation in 0.00s
Serialized binary data for shader Hidden/Internal-GUITexture in 0.00s
    gles3 (total internal programs: 2, unique: 1)
Compiling shader "Hidden/Internal-GUITextureBlit" pass "" (vp)
    Full variant space:         1
    After settings filtering:   1
    After built-in stripping:   1
    After scriptable stripping: 1
    Processed in 0.00 seconds
    starting compilation...
    finished in 0.00 seconds. Local cache hits 1 (0.00s CPU time), remote cache hits 0 (0.00s CPU time), compiled 0 variants (0.00s CPU time), skipped 0 variants
    Prepared data for serialisation in 0.00s
Compiling shader "Hidden/Internal-GUITextureBlit" pass "" (vp)
    Full variant space:         1
    After settings filtering:   1
    After built-in stripping:   1
    After scriptable stripping: 1
    Processed in 0.00 seconds
    starting compilation...
    finished in 0.00 seconds. Local cache hits 1 (0.00s CPU time), remote cache hits 0 (0.00s CPU time), compiled 0 variants (0.00s CPU time), skipped 0 variants
    Prepared data for serialisation in 0.00s
Serialized binary data for shader Hidden/Internal-GUITextureBlit in 0.00s
    gles3 (total internal programs: 2, unique: 1)
Compiling shader "Hidden/Internal-GUIRoundedRect" pass "" (vp)
    Full variant space:         1
    After settings filtering:   1
    After built-in stripping:   1
    After scriptable stripping: 1
    Processed in 0.00 seconds
    starting compilation...
    finished in 0.00 seconds. Local cache hits 1 (0.00s CPU time), remote cache hits 0 (0.00s CPU time), compiled 0 variants (0.00s CPU time), skipped 0 variants
    Prepared data for serialisation in 0.00s
Compiling shader "Hidden/Internal-GUIRoundedRect" pass "" (vp)
    Full variant space:         1
    After settings filtering:   1
    After built-in stripping:   1
    After scriptable stripping: 1
    Processed in 0.00 seconds
    starting compilation...
    finished in 0.00 seconds. Local cache hits 1 (0.00s CPU time), remote cache hits 0 (0.00s CPU time), compiled 0 variants (0.00s CPU time), skipped 0 variants
    Prepared data for serialisation in 0.00s
Serialized binary data for shader Hidden/Internal-GUIRoundedRect in 0.00s
    gles3 (total internal programs: 2, unique: 1)
Compiling shader "Hidden/Internal-GUIRoundedRectWithColorPerBorder" pass "" (vp)
    Full variant space:         1
    After settings filtering:   1
    After built-in stripping:   1
    After scriptable stripping: 1
    Processed in 0.00 seconds
    starting compilation...
    finished in 0.00 seconds. Local cache hits 1 (0.00s CPU time), remote cache hits 0 (0.00s CPU time), compiled 0 variants (0.00s CPU time), skipped 0 variants
    Prepared data for serialisation in 0.00s
Compiling shader "Hidden/Internal-GUIRoundedRectWithColorPerBorder" pass "" (vp)
    Full variant space:         1
    After settings filtering:   1
    After built-in stripping:   1
    After scriptable stripping: 1
    Processed in 0.00 seconds
    starting compilation...
    finished in 0.00 seconds. Local cache hits 1 (0.00s CPU time), remote cache hits 0 (0.00s CPU time), compiled 0 variants (0.00s CPU time), skipped 0 variants
    Prepared data for serialisation in 0.00s
Serialized binary data for shader Hidden/Internal-GUIRoundedRectWithColorPerBorder in 0.00s
    gles3 (total internal programs: 2, unique: 1)
Compiling shader "Hidden/Internal-UIRDefault" pass "" (vp)
    Full variant space:         1
    After settings filtering:   1
    After built-in stripping:   1
    After scriptable stripping: 1
    Processed in 0.00 seconds
    starting compilation...
    finished in 0.00 seconds. Local cache hits 1 (0.00s CPU time), remote cache hits 0 (0.00s CPU time), compiled 0 variants (0.00s CPU time), skipped 0 variants
    Prepared data for serialisation in 0.00s
Compiling shader "Hidden/Internal-UIRDefault" pass "" (vp)
    Full variant space:         1
    After settings filtering:   1
    After built-in stripping:   1
    After scriptable stripping: 1
    Processed in 0.00 seconds
    starting compilation...
    finished in 0.00 seconds. Local cache hits 1 (0.00s CPU time), remote cache hits 0 (0.00s CPU time), compiled 0 variants (0.00s CPU time), skipped 0 variants
    Prepared data for serialisation in 0.00s
Serialized binary data for shader Hidden/Internal-UIRDefault in 0.00s
    gles3 (total internal programs: 2, unique: 2)
Compiling shader "Hidden/Internal-UIRAtlasBlitCopy" pass "" (vp)
    Full variant space:         1
    After settings filtering:   1
    After built-in stripping:   1
    After scriptable stripping: 1
    Processed in 0.00 seconds
    starting compilation...
    finished in 0.00 seconds. Local cache hits 1 (0.00s CPU time), remote cache hits 0 (0.00s CPU time), compiled 0 variants (0.00s CPU time), skipped 0 variants
    Prepared data for serialisation in 0.00s
Serialized binary data for shader Hidden/Internal-UIRAtlasBlitCopy in 0.00s
    gles3 (total internal programs: 1, unique: 1)
Compiling shader "Hidden/Internal-UIRDefaultWorld" pass "" (vp)
    Full variant space:         1
    After settings filtering:   1
    After built-in stripping:   1
    After scriptable stripping: 1
    Processed in 0.00 seconds
    starting compilation...
    finished in 0.00 seconds. Local cache hits 1 (0.00s CPU time), remote cache hits 0 (0.00s CPU time), compiled 0 variants (0.00s CPU time), skipped 0 variants
    Prepared data for serialisation in 0.00s
Compiling shader "Hidden/Internal-UIRDefaultWorld" pass "" (vp)
    Full variant space:         1
    After settings filtering:   1
    After built-in stripping:   1
    After scriptable stripping: 1
    Processed in 0.00 seconds
    starting compilation...
    finished in 0.00 seconds. Local cache hits 1 (0.00s CPU time), remote cache hits 0 (0.00s CPU time), compiled 0 variants (0.00s CPU time), skipped 0 variants
    Prepared data for serialisation in 0.00s
Serialized binary data for shader Hidden/Internal-UIRDefaultWorld in 0.00s
    gles3 (total internal programs: 2, unique: 2)
Compiling shader "Sprites/Default" pass "" (vp)
    Full variant space:         8
    After settings filtering:   8
    After built-in stripping:   4
    After scriptable stripping: 4
    Processed in 0.00 seconds
    starting compilation...
    finished in 0.00 seconds. Local cache hits 4 (0.00s CPU time), remote cache hits 0 (0.00s CPU time), compiled 0 variants (0.00s CPU time), skipped 0 variants
    Prepared data for serialisation in 0.00s
Serialized binary data for shader Sprites/Default in 0.00s
    gles3 (total internal programs: 4, unique: 4)
Compiling shader "Sprites/Mask" pass "" (vp)
    Full variant space:         4
    After settings filtering:   4
    After built-in stripping:   4
    After scriptable stripping: 4
    Processed in 0.00 seconds
    starting compilation...
    finished in 0.00 seconds. Local cache hits 4 (0.00s CPU time), remote cache hits 0 (0.00s CPU time), compiled 0 variants (0.00s CPU time), skipped 0 variants
    Prepared data for serialisation in 0.00s
Serialized binary data for shader Sprites/Mask in 0.00s
    gles3 (total internal programs: 4, unique: 4)
Compiling shader "UI/Default" pass "Default" (vp)
    Full variant space:         4
    After settings filtering:   4
    After built-in stripping:   4
    After scriptable stripping: 4
    Processed in 0.00 seconds
    starting compilation...
    finished in 0.00 seconds. Local cache hits 4 (0.00s CPU time), remote cache hits 0 (0.00s CPU time), compiled 0 variants (0.00s CPU time), skipped 0 variants
    Prepared data for serialisation in 0.00s
Serialized binary data for shader UI/Default in 0.00s
    gles3 (total internal programs: 4, unique: 4)
Compiling shader "UI/DefaultETC1" pass "Default" (vp)
    Full variant space:         4
    After settings filtering:   4
    After built-in stripping:   4
    After scriptable stripping: 4
    Processed in 0.00 seconds
    starting compilation...
    finished in 0.00 seconds. Local cache hits 4 (0.00s CPU time), remote cache hits 0 (0.00s CPU time), compiled 0 variants (0.00s CPU time), skipped 0 variants
    Prepared data for serialisation in 0.00s
Serialized binary data for shader UI/DefaultETC1 in 0.00s
    gles3 (total internal programs: 4, unique: 4)
Compiling shader "Hidden/CubeBlur" pass "" (vp)
    Full variant space:         1
    After settings filtering:   1
    After built-in stripping:   1
    After scriptable stripping: 1
    Processed in 0.00 seconds
    starting compilation...
    finished in 0.00 seconds. Local cache hits 1 (0.00s CPU time), remote cache hits 0 (0.00s CPU time), compiled 0 variants (0.00s CPU time), skipped 0 variants
    Prepared data for serialisation in 0.00s
Compiling shader "Hidden/CubeBlur" pass "" (vp)
    Full variant space:         1
    After settings filtering:   1
    After built-in stripping:   1
    After scriptable stripping: 1
    Processed in 0.00 seconds
    starting compilation...
    finished in 0.00 seconds. Local cache hits 1 (0.00s CPU time), remote cache hits 0 (0.00s CPU time), compiled 0 variants (0.00s CPU time), skipped 0 variants
    Prepared data for serialisation in 0.00s
Serialized binary data for shader Hidden/CubeBlur in 0.00s
    gles3 (total internal programs: 2, unique: 2)
Compiling shader "Hidden/CubeCopy" pass "" (vp)
    Full variant space:         1
    After settings filtering:   1
    After built-in stripping:   1
    After scriptable stripping: 1
    Processed in 0.00 seconds
    starting compilation...
    finished in 0.00 seconds. Local cache hits 1 (0.00s CPU time), remote cache hits 0 (0.00s CPU time), compiled 0 variants (0.00s CPU time), skipped 0 variants
    Prepared data for serialisation in 0.00s
Compiling shader "Hidden/CubeCopy" pass "" (vp)
    Full variant space:         1
    After settings filtering:   1
    After built-in stripping:   1
    After scriptable stripping: 1
    Processed in 0.00 seconds
    starting compilation...
    finished in 0.00 seconds. Local cache hits 1 (0.00s CPU time), remote cache hits 0 (0.00s CPU time), compiled 0 variants (0.00s CPU time), skipped 0 variants
    Prepared data for serialisation in 0.00s
Serialized binary data for shader Hidden/CubeCopy in 0.00s
    gles3 (total internal programs: 2, unique: 1)
Compiling shader "Hidden/CubeBlend" pass "" (vp)
    Full variant space:         1
    After settings filtering:   1
    After built-in stripping:   1
    After scriptable stripping: 1
    Processed in 0.00 seconds
    starting compilation...
    finished in 0.00 seconds. Local cache hits 1 (0.00s CPU time), remote cache hits 0 (0.00s CPU time), compiled 0 variants (0.00s CPU time), skipped 0 variants
    Prepared data for serialisation in 0.00s
Compiling shader "Hidden/CubeBlend" pass "" (vp)
    Full variant space:         1
    After settings filtering:   1
    After built-in stripping:   1
    After scriptable stripping: 1
    Processed in 0.00 seconds
    starting compilation...
    finished in 0.00 seconds. Local cache hits 1 (0.00s CPU time), remote cache hits 0 (0.00s CPU time), compiled 0 variants (0.00s CPU time), skipped 0 variants
    Prepared data for serialisation in 0.00s
Serialized binary data for shader Hidden/CubeBlend in 0.00s
    gles3 (total internal programs: 2, unique: 1)
Compiling shader "Hidden/VR/BlitTexArraySlice" pass "" (vp)
    Full variant space:         1
    After settings filtering:   1
    After built-in stripping:   1
    After scriptable stripping: 1
    Processed in 0.00 seconds
    starting compilation...
    finished in 0.00 seconds. Local cache hits 1 (0.00s CPU time), remote cache hits 0 (0.00s CPU time), compiled 0 variants (0.00s CPU time), skipped 0 variants
    Prepared data for serialisation in 0.00s
Serialized binary data for shader Hidden/VR/BlitTexArraySlice in 0.00s
    gles3 (total internal programs: 1, unique: 1)
Compiling shader "Hidden/Internal-ODSWorldTexture" pass "" (vp)
    Full variant space:         1
    After settings filtering:   1
    After built-in stripping:   1
    After scriptable stripping: 1
    Processed in 0.00 seconds
    starting compilation...
    finished in 0.00 seconds. Local cache hits 1 (0.00s CPU time), remote cache hits 0 (0.00s CPU time), compiled 0 variants (0.00s CPU time), skipped 0 variants
    Prepared data for serialisation in 0.00s
Compiling shader "Hidden/Internal-ODSWorldTexture" pass "" (vp)
    Full variant space:         1
    After settings filtering:   1
    After built-in stripping:   1
    After scriptable stripping: 1
    Processed in 0.00 seconds
    starting compilation...
    finished in 0.00 seconds. Local cache hits 1 (0.00s CPU time), remote cache hits 0 (0.00s CPU time), compiled 0 variants (0.00s CPU time), skipped 0 variants
    Prepared data for serialisation in 0.00s
Compiling shader "Hidden/Internal-ODSWorldTexture" pass "" (vp)
    Full variant space:         1
    After settings filtering:   1
    After built-in stripping:   1
    After scriptable stripping: 1
    Processed in 0.00 seconds
    starting compilation...
    finished in 0.00 seconds. Local cache hits 1 (0.00s CPU time), remote cache hits 0 (0.00s CPU time), compiled 0 variants (0.00s CPU time), skipped 0 variants
    Prepared data for serialisation in 0.00s
Compiling shader "Hidden/Internal-ODSWorldTexture" pass "" (vp)
    Full variant space:         1
    After settings filtering:   1
    After built-in stripping:   1
    After scriptable stripping: 1
    Processed in 0.00 seconds
    starting compilation...
    finished in 0.00 seconds. Local cache hits 1 (0.00s CPU time), remote cache hits 0 (0.00s CPU time), compiled 0 variants (0.00s CPU time), skipped 0 variants
    Prepared data for serialisation in 0.00s
Compiling shader "Hidden/Internal-ODSWorldTexture" pass "" (vp)
    Full variant space:         1
    After settings filtering:   1
    After built-in stripping:   1
    After scriptable stripping: 1
    Processed in 0.00 seconds
    starting compilation...
    finished in 0.00 seconds. Local cache hits 1 (0.00s CPU time), remote cache hits 0 (0.00s CPU time), compiled 0 variants (0.00s CPU time), skipped 0 variants
    Prepared data for serialisation in 0.00s
Compiling shader "Hidden/Internal-ODSWorldTexture" pass "" (vp)
    Full variant space:         1
    After settings filtering:   1
    After built-in stripping:   1
    After scriptable stripping: 1
    Processed in 0.00 seconds
    starting compilation...
    finished in 0.00 seconds. Local cache hits 1 (0.00s CPU time), remote cache hits 0 (0.00s CPU time), compiled 0 variants (0.00s CPU time), skipped 0 variants
    Prepared data for serialisation in 0.00s
Compiling shader "Hidden/Internal-ODSWorldTexture" pass "" (vp)
    Full variant space:         1
    After settings filtering:   1
    After built-in stripping:   1
    After scriptable stripping: 1
    Processed in 0.00 seconds
    starting compilation...
    finished in 0.00 seconds. Local cache hits 1 (0.00s CPU time), remote cache hits 0 (0.00s CPU time), compiled 0 variants (0.00s CPU time), skipped 0 variants
    Prepared data for serialisation in 0.00s
Compiling shader "Hidden/Internal-ODSWorldTexture" pass "" (vp)
    Full variant space:         1
    After settings filtering:   1
    After built-in stripping:   1
    After scriptable stripping: 1
    Processed in 0.00 seconds
    starting compilation...
    finished in 0.00 seconds. Local cache hits 1 (0.00s CPU time), remote cache hits 0 (0.00s CPU time), compiled 0 variants (0.00s CPU time), skipped 0 variants
    Prepared data for serialisation in 0.00s
Compiling shader "Hidden/Internal-ODSWorldTexture" pass "" (vp)
    Full variant space:         1
    After settings filtering:   1
    After built-in stripping:   1
    After scriptable stripping: 1
    Processed in 0.00 seconds
    starting compilation...
    finished in 0.00 seconds. Local cache hits 1 (0.00s CPU time), remote cache hits 0 (0.00s CPU time), compiled 0 variants (0.00s CPU time), skipped 0 variants
    Prepared data for serialisation in 0.00s
Compiling shader "Hidden/Internal-ODSWorldTexture" pass "" (vp)
    Full variant space:         1
    After settings filtering:   1
    After built-in stripping:   1
    After scriptable stripping: 1
    Processed in 0.00 seconds
    starting compilation...
    finished in 0.00 seconds. Local cache hits 1 (0.00s CPU time), remote cache hits 0 (0.00s CPU time), compiled 0 variants (0.00s CPU time), skipped 0 variants
    Prepared data for serialisation in 0.00s
Serialized binary data for shader Hidden/Internal-ODSWorldTexture in 0.00s
    gles3 (total internal programs: 10, unique: 9)
Compiling shader "Hidden/Internal-CubemapToEquirect" pass "" (vp)
    Full variant space:         1
    After settings filtering:   1
    After built-in stripping:   1
    After scriptable stripping: 1
    Processed in 0.00 seconds
    starting compilation...
    finished in 0.00 seconds. Local cache hits 1 (0.00s CPU time), remote cache hits 0 (0.00s CPU time), compiled 0 variants (0.00s CPU time), skipped 0 variants
    Prepared data for serialisation in 0.00s
Serialized binary data for shader Hidden/Internal-CubemapToEquirect in 0.00s
    gles3 (total internal programs: 1, unique: 1)
Compiling shader "Hidden/VR/BlitFromTex2DToTexArraySlice" pass "" (vp)
    Full variant space:         1
    After settings filtering:   1
    After built-in stripping:   1
    After scriptable stripping: 1
    Processed in 0.00 seconds
    starting compilation...
    finished in 0.00 seconds. Local cache hits 1 (0.00s CPU time), remote cache hits 0 (0.00s CPU time), compiled 0 variants (0.00s CPU time), skipped 0 variants
    Prepared data for serialisation in 0.00s
Compiling shader "Hidden/VR/BlitFromTex2DToTexArraySlice" pass "" (vp)
    Full variant space:         1
    After settings filtering:   1
    After built-in stripping:   1
    After scriptable stripping: 1
    Processed in 0.00 seconds
    starting compilation...
    finished in 0.00 seconds. Local cache hits 1 (0.00s CPU time), remote cache hits 0 (0.00s CPU time), compiled 0 variants (0.00s CPU time), skipped 0 variants
    Prepared data for serialisation in 0.00s
Serialized binary data for shader Hidden/VR/BlitFromTex2DToTexArraySlice in 0.00s
    gles3 (total internal programs: 2, unique: 2)
Compiling shader "Hidden/VideoComposite" pass "Default" (vp)
    Full variant space:         1
    After settings filtering:   1
    After built-in stripping:   1
    After scriptable stripping: 1
    Processed in 0.00 seconds
    starting compilation...
    finished in 0.00 seconds. Local cache hits 1 (0.00s CPU time), remote cache hits 0 (0.00s CPU time), compiled 0 variants (0.00s CPU time), skipped 0 variants
    Prepared data for serialisation in 0.00s
Serialized binary data for shader Hidden/VideoComposite in 0.00s
    gles3 (total internal programs: 1, unique: 1)
Compiling shader "Hidden/TextCore/Distance Field SSD" pass "" (vp)
    Full variant space:         1
    After settings filtering:   1
    After built-in stripping:   1
    After scriptable stripping: 1
    Processed in 0.00 seconds
    starting compilation...
    finished in 0.00 seconds. Local cache hits 1 (0.00s CPU time), remote cache hits 0 (0.00s CPU time), compiled 0 variants (0.00s CPU time), skipped 0 variants
    Prepared data for serialisation in 0.00s
Serialized binary data for shader Hidden/TextCore/Distance Field SSD in 0.00s
    gles3 (total internal programs: 1, unique: 1)

***Player size statistics***
Level 0 'Assets/Scenes/Main.unity' uses 4.7 MB compressed / 67.8 MB uncompressed.
Total compressed size 4.7 MB. Total uncompressed size 67.8 MB.
[40m[32minfo[39m[22m[49m: Microsoft.AspNetCore.Hosting.Diagnostics[1]
      Request starting HTTP/2 POST http://ilpp/UnityILPP.PostProcessing/Ping application/grpc -
[40m[32minfo[39m[22m[49m: Microsoft.AspNetCore.Routing.EndpointMiddleware[0]
      Executing endpoint 'gRPC - /UnityILPP.PostProcessing/Ping'
[40m[32minfo[39m[22m[49m: Microsoft.AspNetCore.Routing.EndpointMiddleware[1]
      Executed endpoint 'gRPC - /UnityILPP.PostProcessing/Ping'
[40m[32minfo[39m[22m[49m: Microsoft.AspNetCore.Hosting.Diagnostics[2]
      Request finished HTTP/2 POST http://ilpp/UnityILPP.PostProcessing/Ping application/grpc - - 200 - application/grpc 0.3623ms
Starting: /home/keith/Unity/Hub/Editor/2022.3.62f1/Editor/Data/bee_backend --ipc --dagfile="Library/Bee/Player731bf136.dag" --profile="Library/Bee/backend1.traceevents" Player
WorkingDir: /home/keith/Pokemon Luminary
DisplayProgressbar: Incremental Player Build
Rebuilding DAG because directory contents changed: Library/PlayerDataCache/WebGL/Data
*** Tundra requires additional run (0.08 seconds), 0 items updated, 0 evaluated
Starting: /home/keith/Unity/Hub/Editor/2022.3.62f1/Editor/Data/Tools/netcorerun/netcorerun "/home/keith/Unity/Hub/Editor/2022.3.62f1/Editor/Data/PlaybackEngines/WebGLSupport/WebGLPlayerBuildProgram.exe" "/home/keith/Unity/Hub/Editor/2022.3.62f1/Editor/Data/PlaybackEngines/WebGLSupport/Bee:/home/keith/Unity/Hub/Editor/2022.3.62f1/Editor/Data/Tools/BuildPipeline" "Library/Bee/Player731bf136.dag.json" "Library/Bee/Player731bf136-inputdata.json" "Library/Bee/buildprogram0.traceevents"
WorkingDir: /home/keith/Pokemon Luminary
ExitCode: 4 Duration: 0s243ms
ExitCode: 0 Duration: 0s956ms
Starting: /home/keith/Unity/Hub/Editor/2022.3.62f1/Editor/Data/bee_backend --ipc --dagfile="Library/Bee/Player731bf136.dag" --dagfilejson="Library/Bee/Player731bf136.dag.json" --profile="Library/Bee/backend2.traceevents" Player
WorkingDir: /home/keith/Pokemon Luminary
Finished compiling graph: 457 nodes, 1147 flattened edges (1143 ToBuild, 3 ToUse), maximum node priority 251
[193/455    0s] WriteText Library/Bee/artifacts/csharpactions/webgl.data_qnm2.info
[196/455    0s] WriteText Library/Bee/artifacts/csharpactions/boot.config_7kyv.info
[197/455    0s] CopyFiles Build/Build/Build.loader.js
[199/455    0s] CopyFiles Build/TemplateData/webmemd-icon.png
[200/455    0s] CopyFiles Build/TemplateData/progress-bar-empty-dark.png
[201/455    0s] CopyFiles Build/TemplateData/fullscreen-button.png
[202/455    0s] CopyFiles Build/TemplateData/MemoryProfiler.png
[203/455    0s] CopyFiles Build/TemplateData/progress-bar-full-dark.png
[204/455    0s] CopyFiles Build/TemplateData/progress-bar-full-light.png
[205/455    0s] CopyFiles Build/TemplateData/unity-logo-dark.png
[206/455    0s] CopyFiles Build/TemplateData/progress-bar-empty-light.png
[207/455    0s] PreprocessJS Build/TemplateData/style.css
[208/455    0s] CopyFiles Build/TemplateData/unity-logo-light.png
[209/455    0s] CopyFiles Build/TemplateData/webgl-logo.png
[210/455    0s] CopyFiles Build/TemplateData/favicon.ico
[211/455    0s] PreprocessJS Build/index.html
[212/455    1s] AddBootConfigGUID Library/Bee/artifacts/WebGL/boot.config
[BUSY       6s] UnityLinker /home/keith/Pokemon Luminary/Library/Bee/artifacts/unitylinker_ber2.traceevents
[213/455    7s] UnityLinker /home/keith/Pokemon Luminary/Library/Bee/artifacts/unitylinker_ber2.traceevents
/home/keith/Unity/Hub/Editor/2022.3.62f1/Editor/Data/il2cpp/build/deploy/UnityLinker --allowed-assembly=/home/keith/Unity/Hub/Editor/2022.3.62f1/Editor/Data/PlaybackEngines/WebGLSupport/Managed/UnityEngine.AIModule.dll --allowed-assembly=/home/keith/Unity/Hub/Editor/2022.3.62f1/Editor/Data/PlaybackEngines/WebGLSupport/Managed/UnityEngine.AccessibilityModule.dll --allowed-assembly=/home/keith/Unity/Hub/Editor/2022.3.62f1/Editor/Data/PlaybackEngines/WebGLSupport/Managed/UnityEngine.AndroidJNIModule.dll --allowed-assembly=/home/keith/Unity/Hub/Editor/2022.3.62f1/Editor/Data/PlaybackEngines/WebGLSupport/Managed/UnityEngine.AnimationModule.dll --allowed-assembly=/home/keith/Unity/Hub/Editor/2022.3.62f1/Editor/Data/PlaybackEngines/WebGLSupport/Managed/UnityEngine.AssetBundleModule.dll --allowed-assembly=/home/keith/Unity/Hub/Editor/2022.3.62f1/Editor/Data/PlaybackEngines/WebGLSupport/Managed/UnityEngine.AudioModule.dll --allowed-assembly=/home/keith/Unity/Hub/Editor/2022.3.62f1/Editor/Data/PlaybackEngines/WebGLSupport/Managed/UnityEngine.ClothModule.dll --allowed-assembly=/home/keith/Unity/Hub/Editor/2022.3.62f1/Editor/Data/PlaybackEngines/WebGLSupport/Managed/UnityEngine.ContentLoadModule.dll --allowed-assembly=/home/keith/Unity/Hub/Editor/2022.3.62f1/Editor/Data/PlaybackEngines/WebGLSupport/Managed/UnityEngine.CoreModule.dll --allowed-assembly=/home/keith/Unity/Hub/Editor/2022.3.62f1/Editor/Data/PlaybackEngines/WebGLSupport/Managed/UnityEngine.CrashReportingModule.dll --allowed-assembly=/home/keith/Unity/Hub/Editor/2022.3.62f1/Editor/Data/PlaybackEngines/WebGLSupport/Managed/UnityEngine.DSPGraphModule.dll --allowed-assembly=/home/keith/Unity/Hub/Editor/2022.3.62f1/Editor/Data/PlaybackEngines/WebGLSupport/Managed/UnityEngine.DirectorModule.dll --allowed-assembly=/home/keith/Unity/Hub/Editor/2022.3.62f1/Editor/Data/PlaybackEngines/WebGLSupport/Managed/UnityEngine.GIModule.dll --allowed-assembly=/home/keith/Unity/Hub/Editor/2022.3.62f1/Editor/Data/PlaybackEngines/WebGLSupport/Managed/UnityEngine.GameCenterModule.dll --allowed-assembly=/home/keith/Unity/Hub/Editor/2022.3.62f1/Editor/Data/PlaybackEngines/WebGLSupport/Managed/UnityEngine.GridModule.dll --allowed-assembly=/home/keith/Unity/Hub/Editor/2022.3.62f1/Editor/Data/PlaybackEngines/WebGLSupport/Managed/UnityEngine.HotReloadModule.dll --allowed-assembly=/home/keith/Unity/Hub/Editor/2022.3.62f1/Editor/Data/PlaybackEngines/WebGLSupport/Managed/UnityEngine.IMGUIModule.dll --allowed-assembly=/home/keith/Unity/Hub/Editor/2022.3.62f1/Editor/Data/PlaybackEngines/WebGLSupport/Managed/UnityEngine.ImageConversionModule.dll --allowed-assembly=/home/keith/Unity/Hub/Editor/2022.3.62f1/Editor/Data/PlaybackEngines/WebGLSupport/Managed/UnityEngine.InputLegacyModule.dll --allowed-assembly=/home/keith/Unity/Hub/Editor/2022.3.62f1/Editor/Data/PlaybackEngines/WebGLSupport/Managed/UnityEngine.InputModule.dll --allowed-assembly=/home/keith/Unity/Hub/Editor/2022.3.62f1/Editor/Data/PlaybackEngines/WebGLSupport/Managed/UnityEngine.JSONSerializeModule.dll --allowed-assembly=/home/keith/Unity/Hub/Editor/2022.3.62f1/Editor/Data/PlaybackEngines/WebGLSupport/Managed/UnityEngine.LocalizationModule.dll --allowed-assembly=/home/keith/Unity/Hub/Editor/2022.3.62f1/Editor/Data/PlaybackEngines/WebGLSupport/Managed/UnityEngine.ParticleSystemModule.dll --allowed-assembly=/home/keith/Unity/Hub/Editor/2022.3.62f1/Editor/Data/PlaybackEngines/WebGLSupport/Managed/UnityEngine.PerformanceReportingModule.dll --allowed-assembly=/home/keith/Unity/Hub/Editor/2022.3.62f1/Editor/Data/PlaybackEngines/WebGLSupport/Managed/UnityEngine.Physics2DModule.dll --allowed-assembly=/home/keith/Unity/Hub/Editor/2022.3.62f1/Editor/Data/PlaybackEngines/WebGLSupport/Managed/UnityEngine.PhysicsModule.dll --allowed-assembly=/home/keith/Unity/Hub/Editor/2022.3.62f1/Editor/Data/PlaybackEngines/WebGLSupport/Managed/UnityEngine.ProfilerModule.dll --allowed-assembly=/home/keith/Unity/Hub/Editor/2022.3.62f1/Editor/Data/PlaybackEngines/WebGLSupport/Managed/UnityEngine.PropertiesModule.dll --allowed-assembly=/home/keith/Unity/Hub/Editor/2022.3.62f1/Editor/Data/PlaybackEngines/WebGLSupport/Managed/UnityEngine.RuntimeInitializeOnLoadManagerInitializerModule.dll --allowed-assembly=/home/keith/Unity/Hub/Editor/2022.3.62f1/Editor/Data/PlaybackEngines/WebGLSupport/Managed/UnityEngine.ScreenCaptureModule.dll --allowed-assembly=/home/keith/Unity/Hub/Editor/2022.3.62f1/Editor/Data/PlaybackEngines/WebGLSupport/Managed/UnityEngine.SharedInternalsModule.dll --allowed-assembly=/home/keith/Unity/Hub/Editor/2022.3.62f1/Editor/Data/PlaybackEngines/WebGLSupport/Managed/UnityEngine.SpriteMaskModule.dll --allowed-assembly=/home/keith/Unity/Hub/Editor/2022.3.62f1/Editor/Data/PlaybackEngines/WebGLSupport/Managed/UnityEngine.SpriteShapeModule.dll --allowed-assembly=/home/keith/Unity/Hub/Editor/2022.3.62f1/Editor/Data/PlaybackEngines/WebGLSupport/Managed/UnityEngine.StreamingModule.dll --allowed-assembly=/home/keith/Unity/Hub/Editor/2022.3.62f1/Editor/Data/PlaybackEngines/WebGLSupport/Managed/UnityEngine.SubstanceModule.dll --allowed-assembly=/home/keith/Unity/Hub/Editor/2022.3.62f1/Editor/Data/PlaybackEngines/WebGLSupport/Managed/UnityEngine.SubsystemsModule.dll --allowed-assembly=/home/keith/Unity/Hub/Editor/2022.3.62f1/Editor/Data/PlaybackEngines/WebGLSupport/Managed/UnityEngine.TLSModule.dll --allowed-assembly=/home/keith/Unity/Hub/Editor/2022.3.62f1/Editor/Data/PlaybackEngines/WebGLSupport/Managed/UnityEngine.TerrainModule.dll --allowed-assembly=/home/keith/Unity/Hub/Editor/2022.3.62f1/Editor/Data/PlaybackEngines/WebGLSupport/Managed/UnityEngine.TerrainPhysicsModule.dll --allowed-assembly=/home/keith/Unity/Hub/Editor/2022.3.62f1/Editor/Data/PlaybackEngines/WebGLSupport/Managed/UnityEngine.TextCoreFontEngineModule.dll --allowed-assembly=/home/keith/Unity/Hub/Editor/2022.3.62f1/Editor/Data/PlaybackEngines/WebGLSupport/Managed/UnityEngine.TextCoreTextEngineModule.dll --allowed-assembly=/home/keith/Unity/Hub/Editor/2022.3.62f1/Editor/Data/PlaybackEngines/WebGLSupport/Managed/UnityEngine.TextRenderingModule.dll --allowed-assembly=/home/keith/Unity/Hub/Editor/2022.3.62f1/Editor/Data/PlaybackEngines/WebGLSupport/Managed/UnityEngine.TilemapModule.dll --allowed-assembly=/home/keith/Unity/Hub/Editor/2022.3.62f1/Editor/Data/PlaybackEngines/WebGLSupport/Managed/UnityEngine.UIElementsModule.dll --allowed-assembly=/home/keith/Unity/Hub/Editor/2022.3.62f1/Editor/Data/PlaybackEngines/WebGLSupport/Managed/UnityEngine.UIModule.dll --allowed-assembly=/home/keith/Unity/Hub/Editor/2022.3.62f1/Editor/Data/PlaybackEngines/WebGLSupport/Managed/UnityEngine.UmbraModule.dll --allowed-assembly=/home/keith/Unity/Hub/Editor/2022.3.62f1/Editor/Data/PlaybackEngines/WebGLSupport/Managed/UnityEngine.UnityAnalyticsCommonModule.dll --allowed-assembly=/home/keith/Unity/Hub/Editor/2022.3.62f1/Editor/Data/PlaybackEngines/WebGLSupport/Managed/UnityEngine.UnityAnalyticsModule.dll --allowed-assembly=/home/keith/Unity/Hub/Editor/2022.3.62f1/Editor/Data/PlaybackEngines/WebGLSupport/Managed/UnityEngine.UnityConnectModule.dll --allowed-assembly=/home/keith/Unity/Hub/Editor/2022.3.62f1/Editor/Data/PlaybackEngines/WebGLSupport/Managed/UnityEngine.UnityCurlModule.dll --allowed-assembly=/home/keith/Unity/Hub/Editor/2022.3.62f1/Editor/Data/PlaybackEngines/WebGLSupport/Managed/UnityEngine.UnityTestProtocolModule.dll --allowed-assembly=/home/keith/Unity/Hub/Editor/2022.3.62f1/Editor/Data/PlaybackEngines/WebGLSupport/Managed/UnityEngine.UnityWebRequestAssetBundleModule.dll --allowed-assembly=/home/keith/Unity/Hub/Editor/2022.3.62f1/Editor/Data/PlaybackEngines/WebGLSupport/Managed/UnityEngine.UnityWebRequestAudioModule.dll --allowed-assembly=/home/keith/Unity/Hub/Editor/2022.3.62f1/Editor/Data/PlaybackEngines/WebGLSupport/Managed/UnityEngine.UnityWebRequestModule.dll --allowed-assembly=/home/keith/Unity/Hub/Editor/2022.3.62f1/Editor/Data/PlaybackEngines/WebGLSupport/Managed/UnityEngine.UnityWebRequestTextureModule.dll --allowed-assembly=/home/keith/Unity/Hub/Editor/2022.3.62f1/Editor/Data/PlaybackEngines/WebGLSupport/Managed/UnityEngine.UnityWebRequestWWWModule.dll --allowed-assembly=/home/keith/Unity/Hub/Editor/2022.3.62f1/Editor/Data/PlaybackEngines/WebGLSupport/Managed/UnityEngine.VFXModule.dll --allowed-assembly=/home/keith/Unity/Hub/Editor/2022.3.62f1/Editor/Data/PlaybackEngines/WebGLSupport/Managed/UnityEngine.VRModule.dll --allowed-assembly=/home/keith/Unity/Hub/Editor/2022.3.62f1/Editor/Data/PlaybackEngines/WebGLSupport/Managed/UnityEngine.VehiclesModule.dll --allowed-assembly=/home/keith/Unity/Hub/Editor/2022.3.62f1/Editor/Data/PlaybackEngines/WebGLSupport/Managed/UnityEngine.VideoModule.dll --allowed-assembly=/home/keith/Unity/Hub/Editor/2022.3.62f1/Editor/Data/PlaybackEngines/WebGLSupport/Managed/UnityEngine.WebGLModule.dll --allowed-assembly=/home/keith/Unity/Hub/Editor/2022.3.62f1/Editor/Data/PlaybackEngines/WebGLSupport/Managed/UnityEngine.WindModule.dll --allowed-assembly=/home/keith/Unity/Hub/Editor/2022.3.62f1/Editor/Data/PlaybackEngines/WebGLSupport/Managed/UnityEngine.XRModule.dll --allowed-assembly=/home/keith/Unity/Hub/Editor/2022.3.62f1/Editor/Data/PlaybackEngines/WebGLSupport/Managed/UnityEngine.dll --allowed-assembly=/home/keith/Pokemon Luminary/Library/Bee/PlayerScriptAssemblies/Assembly-CSharp.dll --allowed-assembly=/home/keith/Pokemon Luminary/Library/Bee/PlayerScriptAssemblies/Unity.2D.IK.Runtime.dll --allowed-assembly=/home/keith/Pokemon Luminary/Library/Bee/PlayerScriptAssemblies/Unity.AI.Navigation.dll --allowed-assembly=/home/keith/Pokemon Luminary/Library/Bee/PlayerScriptAssemblies/Unity.Burst.dll --allowed-assembly=/home/keith/Pokemon Luminary/Library/Bee/PlayerScriptAssemblies/Unity.VisualScripting.Core.dll --allowed-assembly=/home/keith/Pokemon Luminary/Library/Bee/PlayerScriptAssemblies/Unity.2D.Animation.Runtime.dll --allowed-assembly=/home/keith/Pokemon Luminary/Library/Bee/PlayerScriptAssemblies/Unity.2D.Tilemap.Extras.dll --allowed-assembly=/home/keith/Pokemon Luminary/Library/Bee/PlayerScriptAssemblies/Unity.VisualScripting.Flow.dll --allowed-assembly=/home/keith/Pokemon Luminary/Library/Bee/PlayerScriptAssemblies/Unity.InternalAPIEngineBridge.001.dll --allowed-assembly=/home/keith/Pokemon Luminary/Library/Bee/PlayerScriptAssemblies/Unity.2D.Common.Runtime.dll --allowed-assembly=/home/keith/Pokemon Luminary/Library/Bee/PlayerScriptAssemblies/UnityEngine.UI.dll --allowed-assembly=/home/keith/Pokemon Luminary/Library/Bee/PlayerScriptAssemblies/Unity.Timeline.dll --allowed-assembly=/home/keith/Pokemon Luminary/Library/Bee/PlayerScriptAssemblies/Unity.Collections.dll --allowed-assembly=/home/keith/Pokemon Luminary/Library/Bee/PlayerScriptAssemblies/Unity.2D.SpriteShape.Runtime.dll --allowed-assembly=/home/keith/Pokemon Luminary/Library/Bee/PlayerScriptAssemblies/Unity.2D.PixelPerfect.dll --allowed-assembly=/home/keith/Pokemon Luminary/Library/Bee/PlayerScriptAssemblies/Unity.Mathematics.dll --allowed-assembly=/home/keith/Pokemon Luminary/Library/Bee/PlayerScriptAssemblies/Unity.TextMeshPro.dll --allowed-assembly=/home/keith/Pokemon Luminary/Library/Bee/PlayerScriptAssemblies/Unity.VisualScripting.State.dll --allowed-assembly=/home/keith/Pokemon Luminary/Library/PackageCache/com.unity.collections@1.2.4/Unity.Collections.LowLevel.ILSupport/Unity.Collections.LowLevel.ILSupport.dll --allowed-assembly=/home/keith/Pokemon Luminary/Library/PackageCache/com.unity.visualscripting@1.9.4/Runtime/VisualScripting.Flow/Dependencies/NCalc/Unity.VisualScripting.Antlr3.Runtime.dll --allowed-assembly=/home/keith/Pokemon Luminary/Library/PackageCache/com.unity.burst@1.8.21/Unity.Burst.Unsafe.dll --allowed-assembly=/home/keith/Unity/Hub/Editor/2022.3.62f1/Editor/Data/MonoBleedingEdge/lib/mono/unityaot-linux/Accessibility.dll --allowed-assembly=/home/keith/Unity/Hub/Editor/2022.3.62f1/Editor/Data/MonoBleedingEdge/lib/mono/unityaot-linux/Facades/Microsoft.Win32.Primitives.dll --allowed-assembly=/home/keith/Unity/Hub/Editor/2022.3.62f1/Editor/Data/MonoBleedingEdge/lib/mono/unityaot-linux/Facades/Microsoft.Win32.Registry.AccessControl.dll --allowed-assembly=/home/keith/Unity/Hub/Editor/2022.3.62f1/Editor/Data/MonoBleedingEdge/lib/mono/unityaot-linux/Facades/Microsoft.Win32.Registry.dll --allowed-assembly=/home/keith/Unity/Hub/Editor/2022.3.62f1/Editor/Data/MonoBleedingEdge/lib/mono/unityaot-linux/Facades/System.AppContext.dll --allowed-assembly=/home/keith/Unity/Hub/Editor/2022.3.62f1/Editor/Data/MonoBleedingEdge/lib/mono/unityaot-linux/Facades/System.Buffers.dll --allowed-assembly=/home/keith/Unity/Hub/Editor/2022.3.62f1/Editor/Data/MonoBleedingEdge/lib/mono/unityaot-linux/Facades/System.Collections.Concurrent.dll --allowed-assembly=/home/keith/Unity/Hub/Editor/2022.3.62f1/Editor/Data/MonoBleedingEdge/lib/mono/unityaot-linux/Facades/System.Collections.NonGeneric.dll --allowed-assembly=/home/keith/Unity/Hub/Editor/2022.3.62f1/Editor/Data/MonoBleedingEdge/lib/mono/unityaot-linux/Facades/System.Collections.Specialized.dll --allowed-assembly=/home/keith/Unity/Hub/Editor/2022.3.62f1/Editor/Data/MonoBleedingEdge/lib/mono/unityaot-linux/Facades/System.Collections.dll --allowed-assembly=/home/keith/Unity/Hub/Editor/2022.3.62f1/Editor/Data/MonoBleedingEdge/lib/mono/unityaot-linux/Facades/System.ComponentModel.Annotations.dll --allowed-assembly=/home/keith/Unity/Hub/Editor/2022.3.62f1/Editor/Data/MonoBleedingEdge/lib/mono/unityaot-linux/Facades/System.ComponentModel.EventBasedAsync.dll --allowed-assembly=/home/keith/Unity/Hub/Editor/2022.3.62f1/Editor/Data/MonoBleedingEdge/lib/mono/unityaot-linux/Facades/System.ComponentModel.Primitives.dll --allowed-assembly=/home/keith/Unity/Hub/Editor/2022.3.62f1/Editor/Data/MonoBleedingEdge/lib/mono/unityaot-linux/Facades/System.ComponentModel.TypeConverter.dll --allowed-assembly=/home/keith/Unity/Hub/Editor/2022.3.62f1/Editor/Data/MonoBleedingEdge/lib/mono/unityaot-linux/Facades/System.ComponentModel.dll --allowed-assembly=/home/keith/Unity/Hub/Editor/2022.3.62f1/Editor/Data/MonoBleedingEdge/lib/mono/unityaot-linux/Facades/System.Console.dll --allowed-assembly=/home/keith/Unity/Hub/Editor/2022.3.62f1/Editor/Data/MonoBleedingEdge/lib/mono/unityaot-linux/Facades/System.Data.Common.dll --allowed-assembly=/home/keith/Unity/Hub/Editor/2022.3.62f1/Editor/Data/MonoBleedingEdge/lib/mono/unityaot-linux/Facades/System.Data.SqlClient.dll --allowed-assembly=/home/keith/Unity/Hub/Editor/2022.3.62f1/Editor/Data/MonoBleedingEdge/lib/mono/unityaot-linux/Facades/System.Diagnostics.Contracts.dll --allowed-assembly=/home/keith/Unity/Hub/Editor/2022.3.62f1/Editor/Data/MonoBleedingEdge/lib/mono/unityaot-linux/Facades/System.Diagnostics.Debug.dll --allowed-assembly=/home/keith/Unity/Hub/Editor/2022.3.62f1/Editor/Data/MonoBleedingEdge/lib/mono/unityaot-linux/Facades/System.Diagnostics.FileVersionInfo.dll --allowed-assembly=/home/keith/Unity/Hub/Editor/2022.3.62f1/Editor/Data/MonoBleedingEdge/lib/mono/unityaot-linux/Facades/System.Diagnostics.Process.dll --allowed-assembly=/home/keith/Unity/Hub/Editor/2022.3.62f1/Editor/Data/MonoBleedingEdge/lib/mono/unityaot-linux/Facades/System.Diagnostics.StackTrace.dll --allowed-assembly=/home/keith/Unity/Hub/Editor/2022.3.62f1/Editor/Data/MonoBleedingEdge/lib/mono/unityaot-linux/Facades/System.Diagnostics.TextWriterTraceListener.dll --allowed-assembly=/home/keith/Unity/Hub/Editor/2022.3.62f1/Editor/Data/MonoBleedingEdge/lib/mono/unityaot-linux/Facades/System.Diagnostics.Tools.dll --allowed-assembly=/home/keith/Unity/Hub/Editor/2022.3.62f1/Editor/Data/MonoBleedingEdge/lib/mono/unityaot-linux/Facades/System.Diagnostics.TraceEvent.dll --allowed-assembly=/home/keith/Unity/Hub/Editor/2022.3.62f1/Editor/Data/MonoBleedingEdge/lib/mono/unityaot-linux/Facades/System.Diagnostics.TraceSource.dll --allowed-assembly=/home/keith/Unity/Hub/Editor/2022.3.62f1/Editor/Data/MonoBleedingEdge/lib/mono/unityaot-linux/Facades/System.Diagnostics.Tracing.dll --allowed-assembly=/home/keith/Unity/Hub/Editor/2022.3.62f1/Editor/Data/MonoBleedingEdge/lib/mono/unityaot-linux/Facades/System.Drawing.Primitives.dll --allowed-assembly=/home/keith/Unity/Hub/Editor/2022.3.62f1/Editor/Data/MonoBleedingEdge/lib/mono/unityaot-linux/Facades/System.Dynamic.Runtime.dll --allowed-assembly=/home/keith/Unity/Hub/Editor/2022.3.62f1/Editor/Data/MonoBleedingEdge/lib/mono/unityaot-linux/Facades/System.Globalization.Calendars.dll --allowed-assembly=/home/keith/Unity/Hub/Editor/2022.3.62f1/Editor/Data/MonoBleedingEdge/lib/mono/unityaot-linux/Facades/System.Globalization.Extensions.dll --allowed-assembly=/home/keith/Unity/Hub/Editor/2022.3.62f1/Editor/Data/MonoBleedingEdge/lib/mono/unityaot-linux/Facades/System.Globalization.dll --allowed-assembly=/home/keith/Unity/Hub/Editor/2022.3.62f1/Editor/Data/MonoBleedingEdge/lib/mono/unityaot-linux/Facades/System.IO.Compression.ZipFile.dll --allowed-assembly=/home/keith/Unity/Hub/Editor/2022.3.62f1/Editor/Data/MonoBleedingEdge/lib/mono/unityaot-linux/Facades/System.IO.FileSystem.AccessControl.dll --allowed-assembly=/home/keith/Unity/Hub/Editor/2022.3.62f1/Editor/Data/MonoBleedingEdge/lib/mono/unityaot-linux/Facades/System.IO.FileSystem.DriveInfo.dll --allowed-assembly=/home/keith/Unity/Hub/Editor/2022.3.62f1/Editor/Data/MonoBleedingEdge/lib/mono/unityaot-linux/Facades/System.IO.FileSystem.Primitives.dll --allowed-assembly=/home/keith/Unity/Hub/Editor/2022.3.62f1/Editor/Data/MonoBleedingEdge/lib/mono/unityaot-linux/Facades/System.IO.FileSystem.Watcher.dll --allowed-assembly=/home/keith/Unity/Hub/Editor/2022.3.62f1/Editor/Data/MonoBleedingEdge/lib/mono/unityaot-linux/Facades/System.IO.FileSystem.dll --allowed-assembly=/home/keith/Unity/Hub/Editor/2022.3.62f1/Editor/Data/MonoBleedingEdge/lib/mono/unityaot-linux/Facades/System.IO.IsolatedStorage.dll --allowed-assembly=/home/keith/Unity/Hub/Editor/2022.3.62f1/Editor/Data/MonoBleedingEdge/lib/mono/unityaot-linux/Facades/System.IO.MemoryMappedFiles.dll --allowed-assembly=/home/keith/Unity/Hub/Editor/2022.3.62f1/Editor/Data/MonoBleedingEdge/lib/mono/unityaot-linux/Facades/System.IO.Pipes.dll --allowed-assembly=/home/keith/Unity/Hub/Editor/2022.3.62f1/Editor/Data/MonoBleedingEdge/lib/mono/unityaot-linux/Facades/System.IO.UnmanagedMemoryStream.dll --allowed-assembly=/home/keith/Unity/Hub/Editor/2022.3.62f1/Editor/Data/MonoBleedingEdge/lib/mono/unityaot-linux/Facades/System.IO.dll --allowed-assembly=/home/keith/Unity/Hub/Editor/2022.3.62f1/Editor/Data/MonoBleedingEdge/lib/mono/unityaot-linux/Facades/System.Linq.Expressions.dll --allowed-assembly=/home/keith/Unity/Hub/Editor/2022.3.62f1/Editor/Data/MonoBleedingEdge/lib/mono/unityaot-linux/Facades/System.Linq.Parallel.dll --allowed-assembly=/home/keith/Unity/Hub/Editor/2022.3.62f1/Editor/Data/MonoBleedingEdge/lib/mono/unityaot-linux/Facades/System.Linq.Queryable.dll --allowed-assembly=/home/keith/Unity/Hub/Editor/2022.3.62f1/Editor/Data/MonoBleedingEdge/lib/mono/unityaot-linux/Facades/System.Linq.dll --allowed-assembly=/home/keith/Unity/Hub/Editor/2022.3.62f1/Editor/Data/MonoBleedingEdge/lib/mono/unityaot-linux/Facades/System.Memory.dll --allowed-assembly=/home/keith/Unity/Hub/Editor/2022.3.62f1/Editor/Data/MonoBleedingEdge/lib/mono/unityaot-linux/Facades/System.Net.AuthenticationManager.dll --allowed-assembly=/home/keith/Unity/Hub/Editor/2022.3.62f1/Editor/Data/MonoBleedingEdge/lib/mono/unityaot-linux/Facades/System.Net.Cache.dll --allowed-assembly=/home/keith/Unity/Hub/Editor/2022.3.62f1/Editor/Data/MonoBleedingEdge/lib/mono/unityaot-linux/Facades/System.Net.HttpListener.dll --allowed-assembly=/home/keith/Unity/Hub/Editor/2022.3.62f1/Editor/Data/MonoBleedingEdge/lib/mono/unityaot-linux/Facades/System.Net.Mail.dll --allowed-assembly=/home/keith/Unity/Hub/Editor/2022.3.62f1/Editor/Data/MonoBleedingEdge/lib/mono/unityaot-linux/Facades/System.Net.NameResolution.dll --allowed-assembly=/home/keith/Unity/Hub/Editor/2022.3.62f1/Editor/Data/MonoBleedingEdge/lib/mono/unityaot-linux/Facades/System.Net.NetworkInformation.dll --allowed-assembly=/home/keith/Unity/Hub/Editor/2022.3.62f1/Editor/Data/MonoBleedingEdge/lib/mono/unityaot-linux/Facades/System.Net.Ping.dll --allowed-assembly=/home/keith/Unity/Hub/Editor/2022.3.62f1/Editor/Data/MonoBleedingEdge/lib/mono/unityaot-linux/Facades/System.Net.Primitives.dll --allowed-assembly=/home/keith/Unity/Hub/Editor/2022.3.62f1/Editor/Data/MonoBleedingEdge/lib/mono/unityaot-linux/Facades/System.Net.Requests.dll --allowed-assembly=/home/keith/Unity/Hub/Editor/2022.3.62f1/Editor/Data/MonoBleedingEdge/lib/mono/unityaot-linux/Facades/System.Net.Security.dll --allowed-assembly=/home/keith/Unity/Hub/Editor/2022.3.62f1/Editor/Data/MonoBleedingEdge/lib/mono/unityaot-linux/Facades/System.Net.ServicePoint.dll --allowed-assembly=/home/keith/Unity/Hub/Editor/2022.3.62f1/Editor/Data/MonoBleedingEdge/lib/mono/unityaot-linux/Facades/System.Net.Sockets.dll --allowed-assembly=/home/keith/Unity/Hub/Editor/2022.3.62f1/Editor/Data/MonoBleedingEdge/lib/mono/unityaot-linux/Facades/System.Net.Utilities.dll --allowed-assembly=/home/keith/Unity/Hub/Editor/2022.3.62f1/Editor/Data/MonoBleedingEdge/lib/mono/unityaot-linux/Facades/System.Net.WebHeaderCollection.dll --allowed-assembly=/home/keith/Unity/Hub/Editor/2022.3.62f1/Editor/Data/MonoBleedingEdge/lib/mono/unityaot-linux/Facades/System.Net.WebSockets.Client.dll --allowed-assembly=/home/keith/Unity/Hub/Editor/2022.3.62f1/Editor/Data/MonoBleedingEdge/lib/mono/unityaot-linux/Facades/System.Net.WebSockets.dll --allowed-assembly=/home/keith/Unity/Hub/Editor/2022.3.62f1/Editor/Data/MonoBleedingEdge/lib/mono/unityaot-linux/Facades/System.ObjectModel.dll --allowed-assembly=/home/keith/Unity/Hub/Editor/2022.3.62f1/Editor/Data/MonoBleedingEdge/lib/mono/unityaot-linux/Facades/System.Reflection.DispatchProxy.dll --allowed-assembly=/home/keith/Unity/Hub/Editor/2022.3.62f1/Editor/Data/MonoBleedingEdge/lib/mono/unityaot-linux/Facades/System.Reflection.Emit.ILGeneration.dll --allowed-assembly=/home/keith/Unity/Hub/Editor/2022.3.62f1/Editor/Data/MonoBleedingEdge/lib/mono/unityaot-linux/Facades/System.Reflection.Emit.Lightweight.dll --allowed-assembly=/home/keith/Unity/Hub/Editor/2022.3.62f1/Editor/Data/MonoBleedingEdge/lib/mono/unityaot-linux/Facades/System.Reflection.Emit.dll --allowed-assembly=/home/keith/Unity/Hub/Editor/2022.3.62f1/Editor/Data/MonoBleedingEdge/lib/mono/unityaot-linux/Facades/System.Reflection.Extensions.dll --allowed-assembly=/home/keith/Unity/Hub/Editor/2022.3.62f1/Editor/Data/MonoBleedingEdge/lib/mono/unityaot-linux/Facades/System.Reflection.Primitives.dll --allowed-assembly=/home/keith/Unity/Hub/Editor/2022.3.62f1/Editor/Data/MonoBleedingEdge/lib/mono/unityaot-linux/Facades/System.Reflection.TypeExtensions.dll --allowed-assembly=/home/keith/Unity/Hub/Editor/2022.3.62f1/Editor/Data/MonoBleedingEdge/lib/mono/unityaot-linux/Facades/System.Reflection.dll --allowed-assembly=/home/keith/Unity/Hub/Editor/2022.3.62f1/Editor/Data/MonoBleedingEdge/lib/mono/unityaot-linux/Facades/System.Resources.Reader.dll --allowed-assembly=/home/keith/Unity/Hub/Editor/2022.3.62f1/Editor/Data/MonoBleedingEdge/lib/mono/unityaot-linux/Facades/System.Resources.ReaderWriter.dll --allowed-assembly=/home/keith/Unity/Hub/Editor/2022.3.62f1/Editor/Data/MonoBleedingEdge/lib/mono/unityaot-linux/Facades/System.Resources.ResourceManager.dll --allowed-assembly=/home/keith/Unity/Hub/Editor/2022.3.62f1/Editor/Data/MonoBleedingEdge/lib/mono/unityaot-linux/Facades/System.Resources.Writer.dll --allowed-assembly=/home/keith/Unity/Hub/Editor/2022.3.62f1/Editor/Data/MonoBleedingEdge/lib/mono/unityaot-linux/Facades/System.Runtime.CompilerServices.VisualC.dll --allowed-assembly=/home/keith/Unity/Hub/Editor/2022.3.62f1/Editor/Data/MonoBleedingEdge/lib/mono/unityaot-linux/Facades/System.Runtime.Extensions.dll --allowed-assembly=/home/keith/Unity/Hub/Editor/2022.3.62f1/Editor/Data/MonoBleedingEdge/lib/mono/unityaot-linux/Facades/System.Runtime.Handles.dll --allowed-assembly=/home/keith/Unity/Hub/Editor/2022.3.62f1/Editor/Data/MonoBleedingEdge/lib/mono/unityaot-linux/Facades/System.Runtime.InteropServices.RuntimeInformation.dll --allowed-assembly=/home/keith/Unity/Hub/Editor/2022.3.62f1/Editor/Data/MonoBleedingEdge/lib/mono/unityaot-linux/Facades/System.Runtime.InteropServices.WindowsRuntime.dll --allowed-assembly=/home/keith/Unity/Hub/Editor/2022.3.62f1/Editor/Data/MonoBleedingEdge/lib/mono/unityaot-linux/Facades/System.Runtime.InteropServices.dll --allowed-assembly=/home/keith/Unity/Hub/Editor/2022.3.62f1/Editor/Data/MonoBleedingEdge/lib/mono/unityaot-linux/Facades/System.Runtime.Loader.dll --allowed-assembly=/home/keith/Unity/Hub/Editor/2022.3.62f1/Editor/Data/MonoBleedingEdge/lib/mono/unityaot-linux/Facades/System.Runtime.Numerics.dll --allowed-assembly=/home/keith/Unity/Hub/Editor/2022.3.62f1/Editor/Data/MonoBleedingEdge/lib/mono/unityaot-linux/Facades/System.Runtime.Serialization.Formatters.dll --allowed-assembly=/home/keith/Unity/Hub/Editor/2022.3.62f1/Editor/Data/MonoBleedingEdge/lib/mono/unityaot-linux/Facades/System.Runtime.Serialization.Json.dll --allowed-assembly=/home/keith/Unity/Hub/Editor/2022.3.62f1/Editor/Data/MonoBleedingEdge/lib/mono/unityaot-linux/Facades/System.Runtime.Serialization.Primitives.dll --allowed-assembly=/home/keith/Unity/Hub/Editor/2022.3.62f1/Editor/Data/MonoBleedingEdge/lib/mono/unityaot-linux/Facades/System.Runtime.Serialization.Xml.dll --allowed-assembly=/home/keith/Unity/Hub/Editor/2022.3.62f1/Editor/Data/MonoBleedingEdge/lib/mono/unityaot-linux/Facades/System.Runtime.dll --allowed-assembly=/home/keith/Unity/Hub/Editor/2022.3.62f1/Editor/Data/MonoBleedingEdge/lib/mono/unityaot-linux/Facades/System.Security.AccessControl.dll --allowed-assembly=/home/keith/Unity/Hub/Editor/2022.3.62f1/Editor/Data/MonoBleedingEdge/lib/mono/unityaot-linux/Facades/System.Security.Claims.dll --allowed-assembly=/home/keith/Unity/Hub/Editor/2022.3.62f1/Editor/Data/MonoBleedingEdge/lib/mono/unityaot-linux/Facades/System.Security.Cryptography.Algorithms.dll --allowed-assembly=/home/keith/Unity/Hub/Editor/2022.3.62f1/Editor/Data/MonoBleedingEdge/lib/mono/unityaot-linux/Facades/System.Security.Cryptography.Cng.dll --allowed-assembly=/home/keith/Unity/Hub/Editor/2022.3.62f1/Editor/Data/MonoBleedingEdge/lib/mono/unityaot-linux/Facades/System.Security.Cryptography.Csp.dll --allowed-assembly=/home/keith/Unity/Hub/Editor/2022.3.62f1/Editor/Data/MonoBleedingEdge/lib/mono/unityaot-linux/Facades/System.Security.Cryptography.DeriveBytes.dll --allowed-assembly=/home/keith/Unity/Hub/Editor/2022.3.62f1/Editor/Data/MonoBleedingEdge/lib/mono/unityaot-linux/Facades/System.Security.Cryptography.Encoding.dll --allowed-assembly=/home/keith/Unity/Hub/Editor/2022.3.62f1/Editor/Data/MonoBleedingEdge/lib/mono/unityaot-linux/Facades/System.Security.Cryptography.Encryption.Aes.dll --allowed-assembly=/home/keith/Unity/Hub/Editor/2022.3.62f1/Editor/Data/MonoBleedingEdge/lib/mono/unityaot-linux/Facades/System.Security.Cryptography.Encryption.ECDiffieHellman.dll --allowed-assembly=/home/keith/Unity/Hub/Editor/2022.3.62f1/Editor/Data/MonoBleedingEdge/lib/mono/unityaot-linux/Facades/System.Security.Cryptography.Encryption.ECDsa.dll --allowed-assembly=/home/keith/Unity/Hub/Editor/2022.3.62f1/Editor/Data/MonoBleedingEdge/lib/mono/unityaot-linux/Facades/System.Security.Cryptography.Encryption.dll --allowed-assembly=/home/keith/Unity/Hub/Editor/2022.3.62f1/Editor/Data/MonoBleedingEdge/lib/mono/unityaot-linux/Facades/System.Security.Cryptography.Hashing.Algorithms.dll --allowed-assembly=/home/keith/Unity/Hub/Editor/2022.3.62f1/Editor/Data/MonoBleedingEdge/lib/mono/unityaot-linux/Facades/System.Security.Cryptography.Hashing.dll --allowed-assembly=/home/keith/Unity/Hub/Editor/2022.3.62f1/Editor/Data/MonoBleedingEdge/lib/mono/unityaot-linux/Facades/System.Security.Cryptography.OpenSsl.dll --allowed-assembly=/home/keith/Unity/Hub/Editor/2022.3.62f1/Editor/Data/MonoBleedingEdge/lib/mono/unityaot-linux/Facades/System.Security.Cryptography.Pkcs.dll --allowed-assembly=/home/keith/Unity/Hub/Editor/2022.3.62f1/Editor/Data/MonoBleedingEdge/lib/mono/unityaot-linux/Facades/System.Security.Cryptography.Primitives.dll --allowed-assembly=/home/keith/Unity/Hub/Editor/2022.3.62f1/Editor/Data/MonoBleedingEdge/lib/mono/unityaot-linux/Facades/System.Security.Cryptography.ProtectedData.dll --allowed-assembly=/home/keith/Unity/Hub/Editor/2022.3.62f1/Editor/Data/MonoBleedingEdge/lib/mono/unityaot-linux/Facades/System.Security.Cryptography.RSA.dll --allowed-assembly=/home/keith/Unity/Hub/Editor/2022.3.62f1/Editor/Data/MonoBleedingEdge/lib/mono/unityaot-linux/Facades/System.Security.Cryptography.RandomNumberGenerator.dll --allowed-assembly=/home/keith/Unity/Hub/Editor/2022.3.62f1/Editor/Data/MonoBleedingEdge/lib/mono/unityaot-linux/Facades/System.Security.Cryptography.X509Certificates.dll --allowed-assembly=/home/keith/Unity/Hub/Editor/2022.3.62f1/Editor/Data/MonoBleedingEdge/lib/mono/unityaot-linux/Facades/System.Security.Principal.Windows.dll --allowed-assembly=/home/keith/Unity/Hub/Editor/2022.3.62f1/Editor/Data/MonoBleedingEdge/lib/mono/unityaot-linux/Facades/System.Security.Principal.dll --allowed-assembly=/home/keith/Unity/Hub/Editor/2022.3.62f1/Editor/Data/MonoBleedingEdge/lib/mono/unityaot-linux/Facades/System.Security.SecureString.dll --allowed-assembly=/home/keith/Unity/Hub/Editor/2022.3.62f1/Editor/Data/MonoBleedingEdge/lib/mono/unityaot-linux/Facades/System.ServiceModel.Duplex.dll --allowed-assembly=/home/keith/Unity/Hub/Editor/2022.3.62f1/Editor/Data/MonoBleedingEdge/lib/mono/unityaot-linux/Facades/System.ServiceModel.Http.dll --allowed-assembly=/home/keith/Unity/Hub/Editor/2022.3.62f1/Editor/Data/MonoBleedingEdge/lib/mono/unityaot-linux/Facades/System.ServiceModel.NetTcp.dll --allowed-assembly=/home/keith/Unity/Hub/Editor/2022.3.62f1/Editor/Data/MonoBleedingEdge/lib/mono/unityaot-linux/Facades/System.ServiceModel.Primitives.dll --allowed-assembly=/home/keith/Unity/Hub/Editor/2022.3.62f1/Editor/Data/MonoBleedingEdge/lib/mono/unityaot-linux/Facades/System.ServiceModel.Security.dll --allowed-assembly=/home/keith/Unity/Hub/Editor/2022.3.62f1/Editor/Data/MonoBleedingEdge/lib/mono/unityaot-linux/Facades/System.ServiceProcess.ServiceController.dll --allowed-assembly=/home/keith/Unity/Hub/Editor/2022.3.62f1/Editor/Data/MonoBleedingEdge/lib/mono/unityaot-linux/Facades/System.Text.Encoding.CodePages.dll --allowed-assembly=/home/keith/Unity/Hub/Editor/2022.3.62f1/Editor/Data/MonoBleedingEdge/lib/mono/unityaot-linux/Facades/System.Text.Encoding.Extensions.dll --allowed-assembly=/home/keith/Unity/Hub/Editor/2022.3.62f1/Editor/Data/MonoBleedingEdge/lib/mono/unityaot-linux/Facades/System.Text.Encoding.dll --allowed-assembly=/home/keith/Unity/Hub/Editor/2022.3.62f1/Editor/Data/MonoBleedingEdge/lib/mono/unityaot-linux/Facades/System.Text.RegularExpressions.dll --allowed-assembly=/home/keith/Unity/Hub/Editor/2022.3.62f1/Editor/Data/MonoBleedingEdge/lib/mono/unityaot-linux/Facades/System.Threading.AccessControl.dll --allowed-assembly=/home/keith/Unity/Hub/Editor/2022.3.62f1/Editor/Data/MonoBleedingEdge/lib/mono/unityaot-linux/Facades/System.Threading.Overlapped.dll --allowed-assembly=/home/keith/Unity/Hub/Editor/2022.3.62f1/Editor/Data/MonoBleedingEdge/lib/mono/unityaot-linux/Facades/System.Threading.Tasks.Extensions.dll --allowed-assembly=/home/keith/Unity/Hub/Editor/2022.3.62f1/Editor/Data/MonoBleedingEdge/lib/mono/unityaot-linux/Facades/System.Threading.Tasks.Parallel.dll --allowed-assembly=/home/keith/Unity/Hub/Editor/2022.3.62f1/Editor/Data/MonoBleedingEdge/lib/mono/unityaot-linux/Facades/System.Threading.Tasks.dll --allowed-assembly=/home/keith/Unity/Hub/Editor/2022.3.62f1/Editor/Data/MonoBleedingEdge/lib/mono/unityaot-linux/Facades/System.Threading.Thread.dll --allowed-assembly=/home/keith/Unity/Hub/Editor/2022.3.62f1/Editor/Data/MonoBleedingEdge/lib/mono/unityaot-linux/Facades/System.Threading.ThreadPool.dll --allowed-assembly=/home/keith/Unity/Hub/Editor/2022.3.62f1/Editor/Data/MonoBleedingEdge/lib/mono/unityaot-linux/Facades/System.Threading.Timer.dll --allowed-assembly=/home/keith/Unity/Hub/Editor/2022.3.62f1/Editor/Data/MonoBleedingEdge/lib/mono/unityaot-linux/Facades/System.Threading.dll --allowed-assembly=/home/keith/Unity/Hub/Editor/2022.3.62f1/Editor/Data/MonoBleedingEdge/lib/mono/unityaot-linux/Facades/System.ValueTuple.dll --allowed-assembly=/home/keith/Unity/Hub/Editor/2022.3.62f1/Editor/Data/MonoBleedingEdge/lib/mono/unityaot-linux/Facades/System.Xml.ReaderWriter.dll --allowed-assembly=/home/keith/Unity/Hub/Editor/2022.3.62f1/Editor/Data/MonoBleedingEdge/lib/mono/unityaot-linux/Facades/System.Xml.XDocument.dll --allowed-assembly=/home/keith/Unity/Hub/Editor/2022.3.62f1/Editor/Data/MonoBleedingEdge/lib/mono/unityaot-linux/Facades/System.Xml.XPath.XDocument.dll --allowed-assembly=/home/keith/Unity/Hub/Editor/2022.3.62f1/Editor/Data/MonoBleedingEdge/lib/mono/unityaot-linux/Facades/System.Xml.XPath.XmlDocument.dll --allowed-assembly=/home/keith/Unity/Hub/Editor/2022.3.62f1/Editor/Data/MonoBleedingEdge/lib/mono/unityaot-linux/Facades/System.Xml.XPath.dll --allowed-assembly=/home/keith/Unity/Hub/Editor/2022.3.62f1/Editor/Data/MonoBleedingEdge/lib/mono/unityaot-linux/Facades/System.Xml.XmlDocument.dll --allowed-assembly=/home/keith/Unity/Hub/Editor/2022.3.62f1/Editor/Data/MonoBleedingEdge/lib/mono/unityaot-linux/Facades/System.Xml.XmlSerializer.dll --allowed-assembly=/home/keith/Unity/Hub/Editor/2022.3.62f1/Editor/Data/MonoBleedingEdge/lib/mono/unityaot-linux/Facades/System.Xml.Xsl.Primitives.dll --allowed-assembly=/home/keith/Unity/Hub/Editor/2022.3.62f1/Editor/Data/MonoBleedingEdge/lib/mono/unityaot-linux/Facades/netstandard.dll --allowed-assembly=/home/keith/Unity/Hub/Editor/2022.3.62f1/Editor/Data/MonoBleedingEdge/lib/mono/unityaot-linux/Microsoft.CSharp.dll --allowed-assembly=/home/keith/Unity/Hub/Editor/2022.3.62f1/Editor/Data/MonoBleedingEdge/lib/mono/unityaot-linux/Mono.Data.Sqlite.dll --allowed-assembly=/home/keith/Unity/Hub/Editor/2022.3.62f1/Editor/Data/MonoBleedingEdge/lib/mono/unityaot-linux/Mono.Data.Tds.dll --allowed-assembly=/home/keith/Unity/Hub/Editor/2022.3.62f1/Editor/Data/MonoBleedingEdge/lib/mono/unityaot-linux/Mono.Security.dll --allowed-assembly=/home/keith/Unity/Hub/Editor/2022.3.62f1/Editor/Data/MonoBleedingEdge/lib/mono/unityaot-linux/System.ComponentModel.Composition.dll --allowed-assembly=/home/keith/Unity/Hub/Editor/2022.3.62f1/Editor/Data/MonoBleedingEdge/lib/mono/unityaot-linux/System.ComponentModel.DataAnnotations.dll --allowed-assembly=/home/keith/Unity/Hub/Editor/2022.3.62f1/Editor/Data/MonoBleedingEdge/lib/mono/unityaot-linux/System.Configuration.Install.dll --allowed-assembly=/home/keith/Unity/Hub/Editor/2022.3.62f1/Editor/Data/MonoBleedingEdge/lib/mono/unityaot-linux/System.Configuration.dll --allowed-assembly=/home/keith/Unity/Hub/Editor/2022.3.62f1/Editor/Data/MonoBleedingEdge/lib/mono/unityaot-linux/System.Core.dll --allowed-assembly=/home/keith/Unity/Hub/Editor/2022.3.62f1/Editor/Data/MonoBleedingEdge/lib/mono/unityaot-linux/System.Data.DataSetExtensions.dll --allowed-assembly=/home/keith/Unity/Hub/Editor/2022.3.62f1/Editor/Data/MonoBleedingEdge/lib/mono/unityaot-linux/System.Data.Entity.dll --allowed-assembly=/home/keith/Unity/Hub/Editor/2022.3.62f1/Editor/Data/MonoBleedingEdge/lib/mono/unityaot-linux/System.Data.Linq.dll --allowed-assembly=/home/keith/Unity/Hub/Editor/2022.3.62f1/Editor/Data/MonoBleedingEdge/lib/mono/unityaot-linux/System.Data.OracleClient.dll --allowed-assembly=/home/keith/Unity/Hub/Editor/2022.3.62f1/Editor/Data/MonoBleedingEdge/lib/mono/unityaot-linux/System.Data.Services.Client.dll --allowed-assembly=/home/keith/Unity/Hub/Editor/2022.3.62f1/Editor/Data/MonoBleedingEdge/lib/mono/unityaot-linux/System.Data.Services.dll --allowed-assembly=/home/keith/Unity/Hub/Editor/2022.3.62f1/Editor/Data/MonoBleedingEdge/lib/mono/unityaot-linux/System.Data.dll --allowed-assembly=/home/keith/Unity/Hub/Editor/2022.3.62f1/Editor/Data/MonoBleedingEdge/lib/mono/unityaot-linux/System.Design.dll --allowed-assembly=/home/keith/Unity/Hub/Editor/2022.3.62f1/Editor/Data/MonoBleedingEdge/lib/mono/unityaot-linux/System.DirectoryServices.Protocols.dll --allowed-assembly=/home/keith/Unity/Hub/Editor/2022.3.62f1/Editor/Data/MonoBleedingEdge/lib/mono/unityaot-linux/System.DirectoryServices.dll --allowed-assembly=/home/keith/Unity/Hub/Editor/2022.3.62f1/Editor/Data/MonoBleedingEdge/lib/mono/unityaot-linux/System.Drawing.Design.dll --allowed-assembly=/home/keith/Unity/Hub/Editor/2022.3.62f1/Editor/Data/MonoBleedingEdge/lib/mono/unityaot-linux/System.Drawing.dll --allowed-assembly=/home/keith/Unity/Hub/Editor/2022.3.62f1/Editor/Data/MonoBleedingEdge/lib/mono/unityaot-linux/System.EnterpriseServices.dll --allowed-assembly=/home/keith/Unity/Hub/Editor/2022.3.62f1/Editor/Data/MonoBleedingEdge/lib/mono/unityaot-linux/System.IO.Compression.FileSystem.dll --allowed-assembly=/home/keith/Unity/Hub/Editor/2022.3.62f1/Editor/Data/MonoBleedingEdge/lib/mono/unityaot-linux/System.IO.Compression.dll --allowed-assembly=/home/keith/Unity/Hub/Editor/2022.3.62f1/Editor/Data/MonoBleedingEdge/lib/mono/unityaot-linux/System.IdentityModel.Selectors.dll --allowed-assembly=/home/keith/Unity/Hub/Editor/2022.3.62f1/Editor/Data/MonoBleedingEdge/lib/mono/unityaot-linux/System.IdentityModel.dll --allowed-assembly=/home/keith/Unity/Hub/Editor/2022.3.62f1/Editor/Data/MonoBleedingEdge/lib/mono/unityaot-linux/System.Json.dll --allowed-assembly=/home/keith/Unity/Hub/Editor/2022.3.62f1/Editor/Data/MonoBleedingEdge/lib/mono/unityaot-linux/System.Management.dll --allowed-assembly=/home/keith/Unity/Hub/Editor/2022.3.62f1/Editor/Data/MonoBleedingEdge/lib/mono/unityaot-linux/System.Messaging.dll --allowed-assembly=/home/keith/Unity/Hub/Editor/2022.3.62f1/Editor/Data/MonoBleedingEdge/lib/mono/unityaot-linux/System.Net.Http.WebRequest.dll --allowed-assembly=/home/keith/Unity/Hub/Editor/2022.3.62f1/Editor/Data/MonoBleedingEdge/lib/mono/unityaot-linux/System.Net.Http.dll --allowed-assembly=/home/keith/Unity/Hub/Editor/2022.3.62f1/Editor/Data/MonoBleedingEdge/lib/mono/unityaot-linux/System.Net.dll --allowed-assembly=/home/keith/Unity/Hub/Editor/2022.3.62f1/Editor/Data/MonoBleedingEdge/lib/mono/unityaot-linux/System.Numerics.Vectors.dll --allowed-assembly=/home/keith/Unity/Hub/Editor/2022.3.62f1/Editor/Data/MonoBleedingEdge/lib/mono/unityaot-linux/System.Numerics.dll --allowed-assembly=/home/keith/Unity/Hub/Editor/2022.3.62f1/Editor/Data/MonoBleedingEdge/lib/mono/unityaot-linux/System.Reflection.Context.dll --allowed-assembly=/home/keith/Unity/Hub/Editor/2022.3.62f1/Editor/Data/MonoBleedingEdge/lib/mono/unityaot-linux/System.Runtime.Caching.dll --allowed-assembly=/home/keith/Unity/Hub/Editor/2022.3.62f1/Editor/Data/MonoBleedingEdge/lib/mono/unityaot-linux/System.Runtime.DurableInstancing.dll --allowed-assembly=/home/keith/Unity/Hub/Editor/2022.3.62f1/Editor/Data/MonoBleedingEdge/lib/mono/unityaot-linux/System.Runtime.Remoting.dll --allowed-assembly=/home/keith/Unity/Hub/Editor/2022.3.62f1/Editor/Data/MonoBleedingEdge/lib/mono/unityaot-linux/System.Runtime.Serialization.Formatters.Soap.dll --allowed-assembly=/home/keith/Unity/Hub/Editor/2022.3.62f1/Editor/Data/MonoBleedingEdge/lib/mono/unityaot-linux/System.Runtime.Serialization.dll --allowed-assembly=/home/keith/Unity/Hub/Editor/2022.3.62f1/Editor/Data/MonoBleedingEdge/lib/mono/unityaot-linux/System.Security.dll --allowed-assembly=/home/keith/Unity/Hub/Editor/2022.3.62f1/Editor/Data/MonoBleedingEdge/lib/mono/unityaot-linux/System.ServiceModel.Activation.dll --allowed-assembly=/home/keith/Unity/Hub/Editor/2022.3.62f1/Editor/Data/MonoBleedingEdge/lib/mono/unityaot-linux/System.ServiceModel.Discovery.dll --allowed-assembly=/home/keith/Unity/Hub/Editor/2022.3.62f1/Editor/Data/MonoBleedingEdge/lib/mono/unityaot-linux/System.ServiceModel.Internals.dll --allowed-assembly=/home/keith/Unity/Hub/Editor/2022.3.62f1/Editor/Data/MonoBleedingEdge/lib/mono/unityaot-linux/System.ServiceModel.Routing.dll --allowed-assembly=/home/keith/Unity/Hub/Editor/2022.3.62f1/Editor/Data/MonoBleedingEdge/lib/mono/unityaot-linux/System.ServiceModel.Web.dll --allowed-assembly=/home/keith/Unity/Hub/Editor/2022.3.62f1/Editor/Data/MonoBleedingEdge/lib/mono/unityaot-linux/System.ServiceModel.dll --allowed-assembly=/home/keith/Unity/Hub/Editor/2022.3.62f1/Editor/Data/MonoBleedingEdge/lib/mono/unityaot-linux/System.ServiceProcess.dll --allowed-assembly=/home/keith/Unity/Hub/Editor/2022.3.62f1/Editor/Data/MonoBleedingEdge/lib/mono/unityaot-linux/System.Transactions.dll --allowed-assembly=/home/keith/Unity/Hub/Editor/2022.3.62f1/Editor/Data/MonoBleedingEdge/lib/mono/unityaot-linux/System.Web.ApplicationServices.dll --allowed-assembly=/home/keith/Unity/Hub/Editor/2022.3.62f1/Editor/Data/MonoBleedingEdge/lib/mono/unityaot-linux/System.Web.DynamicData.dll --allowed-assembly=/home/keith/Unity/Hub/Editor/2022.3.62f1/Editor/Data/MonoBleedingEdge/lib/mono/unityaot-linux/System.Web.Extensions.Design.dll --allowed-assembly=/home/keith/Unity/Hub/Editor/2022.3.62f1/Editor/Data/MonoBleedingEdge/lib/mono/unityaot-linux/System.Web.Extensions.dll --allowed-assembly=/home/keith/Unity/Hub/Editor/2022.3.62f1/Editor/Data/MonoBleedingEdge/lib/mono/unityaot-linux/System.Web.RegularExpressions.dll --allowed-assembly=/home/keith/Unity/Hub/Editor/2022.3.62f1/Editor/Data/MonoBleedingEdge/lib/mono/unityaot-linux/System.Web.Services.dll --allowed-assembly=/home/keith/Unity/Hub/Editor/2022.3.62f1/Editor/Data/MonoBleedingEdge/lib/mono/unityaot-linux/System.Web.dll --allowed-assembly=/home/keith/Unity/Hub/Editor/2022.3.62f1/Editor/Data/MonoBleedingEdge/lib/mono/unityaot-linux/System.Windows.Forms.DataVisualization.dll --allowed-assembly=/home/keith/Unity/Hub/Editor/2022.3.62f1/Editor/Data/MonoBleedingEdge/lib/mono/unityaot-linux/System.Windows.Forms.dll --allowed-assembly=/home/keith/Unity/Hub/Editor/2022.3.62f1/Editor/Data/MonoBleedingEdge/lib/mono/unityaot-linux/System.Windows.dll --allowed-assembly=/home/keith/Unity/Hub/Editor/2022.3.62f1/Editor/Data/MonoBleedingEdge/lib/mono/unityaot-linux/System.Xaml.dll --allowed-assembly=/home/keith/Unity/Hub/Editor/2022.3.62f1/Editor/Data/MonoBleedingEdge/lib/mono/unityaot-linux/System.Xml.Linq.dll --allowed-assembly=/home/keith/Unity/Hub/Editor/2022.3.62f1/Editor/Data/MonoBleedingEdge/lib/mono/unityaot-linux/System.Xml.Serialization.dll --allowed-assembly=/home/keith/Unity/Hub/Editor/2022.3.62f1/Editor/Data/MonoBleedingEdge/lib/mono/unityaot-linux/System.Xml.dll --allowed-assembly=/home/keith/Unity/Hub/Editor/2022.3.62f1/Editor/Data/MonoBleedingEdge/lib/mono/unityaot-linux/System.dll --allowed-assembly=/home/keith/Unity/Hub/Editor/2022.3.62f1/Editor/Data/MonoBleedingEdge/lib/mono/unityaot-linux/mscorlib.dll --out=Library/Bee/artifacts/WebGL/ManagedStripped --include-link-xml=/home/keith/Pokemon Luminary/Temp/StagingArea/Data/Managed/MethodsToPreserve.xml --include-link-xml=/home/keith/Pokemon Luminary/Temp/StagingArea/Data/Managed/TypesInScenes.xml --include-link-xml=/home/keith/Pokemon Luminary/Temp/StagingArea/Data/Managed/SerializedTypes.xml --include-directory=/home/keith/Pokemon Luminary/Library/Bee/PlayerScriptAssemblies --include-directory=/home/keith/Unity/Hub/Editor/2022.3.62f1/Editor/Data/PlaybackEngines/WebGLSupport/Managed --include-directory=/home/keith/Pokemon Luminary/Library/PackageCache/com.unity.collections@1.2.4/Unity.Collections.LowLevel.ILSupport --include-directory=/home/keith/Pokemon Luminary/Library/PackageCache/com.unity.visualscripting@1.9.4/Runtime/VisualScripting.Flow/Dependencies/NCalc --include-directory=/home/keith/Pokemon Luminary/Library/PackageCache/com.unity.burst@1.8.21 --include-directory=/home/keith/Unity/Hub/Editor/2022.3.62f1/Editor/Data/MonoBleedingEdge/lib/mono/unityaot-linux --include-directory=/home/keith/Unity/Hub/Editor/2022.3.62f1/Editor/Data/MonoBleedingEdge/lib/mono/unityaot-linux/Facades --rule-set=Conservative --profiler-report --profiler-output-file=/home/keith/Pokemon Luminary/Library/Bee/artifacts/unitylinker_ber2.traceevents --dotnetprofile=unityaot-linux --dotnetruntime=Il2Cpp --architecture=EmscriptenJavaScript --platform=WebGL --use-editor-options --enable-engine-module-stripping --engine-modules-asset-file=/home/keith/Unity/Hub/Editor/2022.3.62f1/Editor/Data/PlaybackEngines/WebGLSupport/modules.asset --editor-data-file=/home/keith/Pokemon Luminary/Temp/StagingArea/Data/Managed/EditorToUnityLinkerData.json --include-unity-root-assembly=/home/keith/Pokemon Luminary/Library/Bee/PlayerScriptAssemblies/Assembly-CSharp.dll --include-unity-root-assembly=/home/keith/Pokemon Luminary/Library/Bee/PlayerScriptAssemblies/Unity.2D.Animation.Runtime.dll --include-unity-root-assembly=/home/keith/Pokemon Luminary/Library/Bee/PlayerScriptAssemblies/Unity.2D.Tilemap.Extras.dll --include-unity-root-assembly=/home/keith/Pokemon Luminary/Library/Bee/PlayerScriptAssemblies/UnityEngine.UI.dll --include-unity-root-assembly=/home/keith/Pokemon Luminary/Library/Bee/PlayerScriptAssemblies/Unity.2D.PixelPerfect.dll --include-unity-root-assembly=/home/keith/Pokemon Luminary/Library/Bee/PlayerScriptAssemblies/Unity.TextMeshPro.dll --print-command-line --enable-analytics
*** Tundra requires additional run (7.77 seconds), 18 items updated, 455 evaluated
*** Additional run caused by: contents change of Library/Bee/artifacts/WebGL/ManagedStripped
Starting: /home/keith/Unity/Hub/Editor/2022.3.62f1/Editor/Data/Tools/netcorerun/netcorerun "/home/keith/Unity/Hub/Editor/2022.3.62f1/Editor/Data/PlaybackEngines/WebGLSupport/WebGLPlayerBuildProgram.exe" "/home/keith/Unity/Hub/Editor/2022.3.62f1/Editor/Data/PlaybackEngines/WebGLSupport/Bee:/home/keith/Unity/Hub/Editor/2022.3.62f1/Editor/Data/Tools/BuildPipeline" "Library/Bee/Player731bf136.dag.json" "Library/Bee/Player731bf136-inputdata.json" "Library/Bee/buildprogram1.traceevents"
WorkingDir: /home/keith/Pokemon Luminary
ExitCode: 4 Duration: 7s955ms
ExitCode: 0 Duration: 0s893ms
Starting: /home/keith/Unity/Hub/Editor/2022.3.62f1/Editor/Data/bee_backend --ipc --dagfile="Library/Bee/Player731bf136.dag" --dagfilejson="Library/Bee/Player731bf136.dag.json" --profile="Library/Bee/backend3.traceevents" Player
WorkingDir: /home/keith/Pokemon Luminary
Finished compiling graph: 457 nodes, 1147 flattened edges (1143 ToBuild, 3 ToUse), maximum node priority 251
[214/455    0s] CopyFiles Temp/EditorBuildOutput/UnityLinkerToEditorData.json
[215/455    0s] ICallRegistrationGenerator /home/keith/Pokemon Luminary/Library/Bee/artifacts/WebGL/il2cppOutput/UnityICallRegistration.cpp
[216/455    0s] ClassRegistrationGenerator /home/keith/Pokemon Luminary/Library/Bee/artifacts/WebGL/il2cppOutput/UnityClassRegistration.cpp
[217/455    0s] C_WebGL_wasm Library/Bee/artifacts/WebGL/GameAssembly/release_WebGL_wasm/qacuodeskw5a.o
[218/455    0s] C_WebGL_wasm Library/Bee/artifacts/WebGL/GameAssembly/release_WebGL_wasm/td4gausqo3ll.o
[BUSY       6s] IL2CPP_CodeGen /home/keith/Pokemon Luminary/Library/Bee/artifacts/il2cpp_conv_uyx1.traceevents
[219/455   11s] IL2CPP_CodeGen /home/keith/Pokemon Luminary/Library/Bee/artifacts/il2cpp_conv_uyx1.traceevents
/home/keith/Unity/Hub/Editor/2022.3.62f1/Editor/Data/il2cpp/build/deploy/il2cpp --convert-to-cpp --assembly=Library/Bee/artifacts/WebGL/ManagedStripped/Assembly-CSharp.dll --assembly=Library/Bee/artifacts/WebGL/ManagedStripped/Mono.Security.dll --assembly=Library/Bee/artifacts/WebGL/ManagedStripped/System.Configuration.dll --assembly=Library/Bee/artifacts/WebGL/ManagedStripped/System.Core.dll --assembly=Library/Bee/artifacts/WebGL/ManagedStripped/System.Xml.dll --assembly=Library/Bee/artifacts/WebGL/ManagedStripped/System.dll --assembly=Library/Bee/artifacts/WebGL/ManagedStripped/Unity.2D.Animation.Runtime.dll --assembly=Library/Bee/artifacts/WebGL/ManagedStripped/Unity.2D.PixelPerfect.dll --assembly=Library/Bee/artifacts/WebGL/ManagedStripped/Unity.2D.Tilemap.Extras.dll --assembly=Library/Bee/artifacts/WebGL/ManagedStripped/Unity.Burst.Unsafe.dll --assembly=Library/Bee/artifacts/WebGL/ManagedStripped/Unity.Burst.dll --assembly=Library/Bee/artifacts/WebGL/ManagedStripped/Unity.Collections.dll --assembly=Library/Bee/artifacts/WebGL/ManagedStripped/Unity.InternalAPIEngineBridge.001.dll --assembly=Library/Bee/artifacts/WebGL/ManagedStripped/Unity.Mathematics.dll --assembly=Library/Bee/artifacts/WebGL/ManagedStripped/Unity.TextMeshPro.dll --assembly=Library/Bee/artifacts/WebGL/ManagedStripped/UnityEngine.AnimationModule.dll --assembly=Library/Bee/artifacts/WebGL/ManagedStripped/UnityEngine.AudioModule.dll --assembly=Library/Bee/artifacts/WebGL/ManagedStripped/UnityEngine.CoreModule.dll --assembly=Library/Bee/artifacts/WebGL/ManagedStripped/UnityEngine.GridModule.dll --assembly=Library/Bee/artifacts/WebGL/ManagedStripped/UnityEngine.IMGUIModule.dll --assembly=Library/Bee/artifacts/WebGL/ManagedStripped/UnityEngine.InputLegacyModule.dll --assembly=Library/Bee/artifacts/WebGL/ManagedStripped/UnityEngine.JSONSerializeModule.dll --assembly=Library/Bee/artifacts/WebGL/ManagedStripped/UnityEngine.Physics2DModule.dll --assembly=Library/Bee/artifacts/WebGL/ManagedStripped/UnityEngine.PhysicsModule.dll --assembly=Library/Bee/artifacts/WebGL/ManagedStripped/UnityEngine.PropertiesModule.dll --assembly=Library/Bee/artifacts/WebGL/ManagedStripped/UnityEngine.SharedInternalsModule.dll --assembly=Library/Bee/artifacts/WebGL/ManagedStripped/UnityEngine.SpriteMaskModule.dll --assembly=Library/Bee/artifacts/WebGL/ManagedStripped/UnityEngine.SpriteShapeModule.dll --assembly=Library/Bee/artifacts/WebGL/ManagedStripped/UnityEngine.TextCoreFontEngineModule.dll --assembly=Library/Bee/artifacts/WebGL/ManagedStripped/UnityEngine.TextCoreTextEngineModule.dll --assembly=Library/Bee/artifacts/WebGL/ManagedStripped/UnityEngine.TextRenderingModule.dll --assembly=Library/Bee/artifacts/WebGL/ManagedStripped/UnityEngine.TilemapModule.dll --assembly=Library/Bee/artifacts/WebGL/ManagedStripped/UnityEngine.UI.dll --assembly=Library/Bee/artifacts/WebGL/ManagedStripped/UnityEngine.UIElementsModule.dll --assembly=Library/Bee/artifacts/WebGL/ManagedStripped/UnityEngine.UIModule.dll --assembly=Library/Bee/artifacts/WebGL/ManagedStripped/UnityEngine.dll --assembly=Library/Bee/artifacts/WebGL/ManagedStripped/mscorlib.dll --generatedcppdir=/home/keith/Pokemon Luminary/Library/Bee/artifacts/WebGL/il2cppOutput/cpp --symbols-folder=/home/keith/Pokemon Luminary/Library/Bee/artifacts/WebGL/il2cppOutput/cpp/Symbols --enable-analytics --emit-method-map --dotnetprofile=unityaot-linux --profiler-report --profiler-output-file=/home/keith/Pokemon Luminary/Library/Bee/artifacts/il2cpp_conv_uyx1.traceevents --print-command-line --data-folder=/home/keith/Pokemon Luminary/Library/Bee/artifacts/WebGL/il2cppOutput/data
*** Tundra requires additional run (11.55 seconds), 6 items updated, 455 evaluated
*** Additional run caused by: contents change of /home/keith/Pokemon Luminary/Library/Bee/artifacts/WebGL/il2cppOutput/cpp
Starting: /home/keith/Unity/Hub/Editor/2022.3.62f1/Editor/Data/Tools/netcorerun/netcorerun "/home/keith/Unity/Hub/Editor/2022.3.62f1/Editor/Data/PlaybackEngines/WebGLSupport/WebGLPlayerBuildProgram.exe" "/home/keith/Unity/Hub/Editor/2022.3.62f1/Editor/Data/PlaybackEngines/WebGLSupport/Bee:/home/keith/Unity/Hub/Editor/2022.3.62f1/Editor/Data/Tools/BuildPipeline" "Library/Bee/Player731bf136.dag.json" "Library/Bee/Player731bf136-inputdata.json" "Library/Bee/buildprogram2.traceevents"
WorkingDir: /home/keith/Pokemon Luminary
ExitCode: 4 Duration: 11s
ExitCode: 0 Duration: 0s871ms
Starting: /home/keith/Unity/Hub/Editor/2022.3.62f1/Editor/Data/bee_backend --ipc --dagfile="Library/Bee/Player731bf136.dag" --dagfilejson="Library/Bee/Player731bf136.dag.json" --profile="Library/Bee/backend4.traceevents" Player
WorkingDir: /home/keith/Pokemon Luminary
Finished compiling graph: 458 nodes, 1150 flattened edges (1146 ToBuild, 3 ToUse), maximum node priority 252
[223/456    0s] C_WebGL_wasm Library/Bee/artifacts/WebGL/GameAssembly/release_WebGL_wasm/z4b67vdirjrt.o
[224/456    0s] C_WebGL_wasm Library/Bee/artifacts/WebGL/GameAssembly/release_WebGL_wasm/zpxluhzajj18.o
[225/456    1s] C_WebGL_wasm Library/Bee/artifacts/WebGL/GameAssembly/release_WebGL_wasm/m5tfn0e4hs2j.o
[226/456    0s] C_WebGL_wasm Library/Bee/artifacts/WebGL/GameAssembly/release_WebGL_wasm/kdazvc4tcy51.o
[227/456    1s] C_WebGL_wasm Library/Bee/artifacts/WebGL/GameAssembly/release_WebGL_wasm/femss50qhg0a.o
[228/456    1s] C_WebGL_wasm Library/Bee/artifacts/WebGL/GameAssembly/release_WebGL_wasm/x6dv92owymr7.o
[230/456    0s] C_WebGL_wasm Library/Bee/artifacts/WebGL/GameAssembly/release_WebGL_wasm/vfx7vg0epke0.o
[231/456    4s] C_WebGL_wasm Library/Bee/artifacts/WebGL/GameAssembly/release_WebGL_wasm/rn7j66z7sfow.o
[232/456    0s] C_WebGL_wasm Library/Bee/artifacts/WebGL/GameAssembly/release_WebGL_wasm/6imbxvylc6an.o
[233/456    5s] C_WebGL_wasm Library/Bee/artifacts/WebGL/GameAssembly/release_WebGL_wasm/c5rvgddh1y0d.o
[234/456    5s] C_WebGL_wasm Library/Bee/artifacts/WebGL/GameAssembly/release_WebGL_wasm/5jslvspcy7iz.o
[235/456    1s] C_WebGL_wasm Library/Bee/artifacts/WebGL/GameAssembly/release_WebGL_wasm/6kton48csymn.o
[236/456    0s] C_WebGL_wasm Library/Bee/artifacts/WebGL/GameAssembly/release_WebGL_wasm/zy4gio3nddaq.o
[238/456    0s] C_WebGL_wasm Library/Bee/artifacts/WebGL/GameAssembly/release_WebGL_wasm/2ct4v1rqv0w1.o
[239/456    4s] C_WebGL_wasm Library/Bee/artifacts/WebGL/GameAssembly/release_WebGL_wasm/kemhmu3w9jld.o
[242/456    0s] C_WebGL_wasm Library/Bee/artifacts/WebGL/GameAssembly/release_WebGL_wasm/cazufr65nhat.o
[245/456    0s] C_WebGL_wasm Library/Bee/artifacts/WebGL/GameAssembly/release_WebGL_wasm/65yn6xsb7quk.o
[247/456    0s] C_WebGL_wasm Library/Bee/artifacts/WebGL/GameAssembly/release_WebGL_wasm/m50ic7wut39t.o
[250/456    0s] C_WebGL_wasm Library/Bee/artifacts/WebGL/GameAssembly/release_WebGL_wasm/0cuy6ikrs3ra.o
[252/456    0s] C_WebGL_wasm Library/Bee/artifacts/WebGL/GameAssembly/release_WebGL_wasm/8j4tz3gm2z5n.o
[256/456    0s] C_WebGL_wasm Library/Bee/artifacts/WebGL/GameAssembly/release_WebGL_wasm/his8b8proa03.o
[257/456    6s] C_WebGL_wasm Library/Bee/artifacts/WebGL/GameAssembly/release_WebGL_wasm/do51ph0ws30z.o
[258/456    4s] C_WebGL_wasm Library/Bee/artifacts/WebGL/GameAssembly/release_WebGL_wasm/c3a8lge5v3zf.o
[261/456    6s] C_WebGL_wasm Library/Bee/artifacts/WebGL/GameAssembly/release_WebGL_wasm/zbt6p6usztty.o
[263/456    8s] C_WebGL_wasm Library/Bee/artifacts/WebGL/GameAssembly/release_WebGL_wasm/7kmwbyhvyr4l.o
[264/456    0s] C_WebGL_wasm Library/Bee/artifacts/WebGL/GameAssembly/release_WebGL_wasm/eoyvvflw3m2r.o
[267/456    0s] C_WebGL_wasm Library/Bee/artifacts/WebGL/GameAssembly/release_WebGL_wasm/ku9jevz7i489.o
[269/456    2s] C_WebGL_wasm Library/Bee/artifacts/WebGL/GameAssembly/release_WebGL_wasm/tei5izq612s8.o
[270/456    5s] C_WebGL_wasm Library/Bee/artifacts/WebGL/GameAssembly/release_WebGL_wasm/6rc2f85a29ze.o
[271/456    6s] C_WebGL_wasm Library/Bee/artifacts/WebGL/GameAssembly/release_WebGL_wasm/z5bbftbxzklj.o
[273/456    8s] C_WebGL_wasm Library/Bee/artifacts/WebGL/GameAssembly/release_WebGL_wasm/runnleijcw9z.o
[274/456    0s] C_WebGL_wasm Library/Bee/artifacts/WebGL/GameAssembly/release_WebGL_wasm/9o7c5b0af5pk.o
[277/456    7s] C_WebGL_wasm Library/Bee/artifacts/WebGL/GameAssembly/release_WebGL_wasm/k4oxfjbfvj7f.o
[278/456    7s] C_WebGL_wasm Library/Bee/artifacts/WebGL/GameAssembly/release_WebGL_wasm/57qss06zcfmo.o
[281/456    7s] C_WebGL_wasm Library/Bee/artifacts/WebGL/GameAssembly/release_WebGL_wasm/lqd8zjg5ab8y.o
[282/456    1s] C_WebGL_wasm Library/Bee/artifacts/WebGL/GameAssembly/release_WebGL_wasm/urdb58bvpbd8.o
[287/456    0s] C_WebGL_wasm Library/Bee/artifacts/WebGL/GameAssembly/release_WebGL_wasm/zgfdseuqduxu.o
[288/456    1s] C_WebGL_wasm Library/Bee/artifacts/WebGL/GameAssembly/release_WebGL_wasm/ec8iph8zcp46.o
[289/456    6s] C_WebGL_wasm Library/Bee/artifacts/WebGL/GameAssembly/release_WebGL_wasm/0b1trllkfw12.o
[290/456    1s] C_WebGL_wasm Library/Bee/artifacts/WebGL/GameAssembly/release_WebGL_wasm/wfutg50nu0s2.o
[296/456    1s] C_WebGL_wasm Library/Bee/artifacts/WebGL/GameAssembly/release_WebGL_wasm/4g0ob5kj3i8f.o
[297/456    6s] C_WebGL_wasm Library/Bee/artifacts/WebGL/GameAssembly/release_WebGL_wasm/s81da8lzpfpg.o
[300/456    7s] C_WebGL_wasm Library/Bee/artifacts/WebGL/GameAssembly/release_WebGL_wasm/dibsl3cfjm2y.o
[304/456    4s] C_WebGL_wasm Library/Bee/artifacts/WebGL/GameAssembly/release_WebGL_wasm/zyit6kpz6v9t.o
[305/456    0s] C_WebGL_wasm Library/Bee/artifacts/WebGL/GameAssembly/release_WebGL_wasm/6rnvdqflynrr.o
[306/456    6s] C_WebGL_wasm Library/Bee/artifacts/WebGL/GameAssembly/release_WebGL_wasm/5lav728chak0.o
[309/456    5s] C_WebGL_wasm Library/Bee/artifacts/WebGL/GameAssembly/release_WebGL_wasm/cnjebry57lnh.o
[310/456    0s] C_WebGL_wasm Library/Bee/artifacts/WebGL/GameAssembly/release_WebGL_wasm/3y3iwrxe2m0e.o
[314/456    7s] C_WebGL_wasm Library/Bee/artifacts/WebGL/GameAssembly/release_WebGL_wasm/t7ir4btey8rx.o
[315/456    6s] C_WebGL_wasm Library/Bee/artifacts/WebGL/GameAssembly/release_WebGL_wasm/ya7ibgt1ecgg.o
[316/456    0s] C_WebGL_wasm Library/Bee/artifacts/WebGL/GameAssembly/release_WebGL_wasm/q15w6dwv10lr.o
[317/456    0s] C_WebGL_wasm Library/Bee/artifacts/WebGL/GameAssembly/release_WebGL_wasm/gxxdhl1uxbwp.o
[318/456    6s] C_WebGL_wasm Library/Bee/artifacts/WebGL/GameAssembly/release_WebGL_wasm/yg1sfugjoteh.o
[321/456    1s] C_WebGL_wasm Library/Bee/artifacts/WebGL/GameAssembly/release_WebGL_wasm/hckx1825iepg.o
[322/456   11s] C_WebGL_wasm Library/Bee/artifacts/WebGL/GameAssembly/release_WebGL_wasm/s2kizu23p6g1.o
[323/456    7s] C_WebGL_wasm Library/Bee/artifacts/WebGL/GameAssembly/release_WebGL_wasm/eodprwqo8583.o
[325/456    1s] C_WebGL_wasm Library/Bee/artifacts/WebGL/GameAssembly/release_WebGL_wasm/8oofd2qj2zed.o
[326/456    5s] C_WebGL_wasm Library/Bee/artifacts/WebGL/GameAssembly/release_WebGL_wasm/s0pkr7vs1fg5.o
[327/456    7s] C_WebGL_wasm Library/Bee/artifacts/WebGL/GameAssembly/release_WebGL_wasm/klfzu2pu28w2.o
[330/456    5s] C_WebGL_wasm Library/Bee/artifacts/WebGL/GameAssembly/release_WebGL_wasm/r7fqvhk84xby.o
[335/456    6s] C_WebGL_wasm Library/Bee/artifacts/WebGL/GameAssembly/release_WebGL_wasm/lr4h7uzhikdm.o
[336/456    0s] C_WebGL_wasm Library/Bee/artifacts/WebGL/GameAssembly/release_WebGL_wasm/sg7d6ombfjbt.o
[338/456    6s] C_WebGL_wasm Library/Bee/artifacts/WebGL/GameAssembly/release_WebGL_wasm/eq8mzjxzww9z.o
[339/456    3s] C_WebGL_wasm Library/Bee/artifacts/WebGL/GameAssembly/release_WebGL_wasm/if4j3t55cxut.o
[342/456    8s] C_WebGL_wasm Library/Bee/artifacts/WebGL/GameAssembly/release_WebGL_wasm/a9hgpe6adv82.o
[343/456    0s] C_WebGL_wasm Library/Bee/artifacts/WebGL/GameAssembly/release_WebGL_wasm/ot3gqhb6ghuq.o
[346/456    0s] C_WebGL_wasm Library/Bee/artifacts/WebGL/GameAssembly/release_WebGL_wasm/2k2o1vh6kf0n.o
[348/456    4s] C_WebGL_wasm Library/Bee/artifacts/WebGL/GameAssembly/release_WebGL_wasm/5tp513huc8ww.o
[349/456    4s] C_WebGL_wasm Library/Bee/artifacts/WebGL/GameAssembly/release_WebGL_wasm/dbvo6vu3z5gv.o
[354/456    4s] C_WebGL_wasm Library/Bee/artifacts/WebGL/GameAssembly/release_WebGL_wasm/i21ujvq733k1.o
[355/456    6s] C_WebGL_wasm Library/Bee/artifacts/WebGL/GameAssembly/release_WebGL_wasm/dgt86gaq43ro.o
[356/456    7s] C_WebGL_wasm Library/Bee/artifacts/WebGL/GameAssembly/release_WebGL_wasm/kkbbuq2vlr1t.o
[357/456    5s] C_WebGL_wasm Library/Bee/artifacts/WebGL/GameAssembly/release_WebGL_wasm/0aakka277mwf.o
[359/456    0s] CopyFiles /home/keith/Pokemon Luminary/Library/Bee/artifacts/WebGL/il2cppOutput/build/Data/Resources/mscorlib.dll-resources.dat
[362/456    5s] C_WebGL_wasm Library/Bee/artifacts/WebGL/GameAssembly/release_WebGL_wasm/zol9z9whsvvw.o
[364/456    0s] C_WebGL_wasm Library/Bee/artifacts/WebGL/GameAssembly/release_WebGL_wasm/cg3pz08yzi6j.o
[365/456    4s] C_WebGL_wasm Library/Bee/artifacts/WebGL/GameAssembly/release_WebGL_wasm/5zjf6h5bmpvx.o
[367/456    0s] C_WebGL_wasm Library/Bee/artifacts/WebGL/GameAssembly/release_WebGL_wasm/3htulgw0w4cj.o
[369/456    5s] C_WebGL_wasm Library/Bee/artifacts/WebGL/GameAssembly/release_WebGL_wasm/6ekz543l97xg.o
[373/456    0s] C_WebGL_wasm Library/Bee/artifacts/WebGL/GameAssembly/release_WebGL_wasm/69f9m6z9no0i.o
[374/456   10s] C_WebGL_wasm Library/Bee/artifacts/WebGL/GameAssembly/release_WebGL_wasm/krwu5f9p2h5h.o
[379/456    5s] C_WebGL_wasm Library/Bee/artifacts/WebGL/GameAssembly/release_WebGL_wasm/z2p3zul93kf0.o
[381/456    0s] C_WebGL_wasm Library/Bee/artifacts/WebGL/GameAssembly/release_WebGL_wasm/lmkcle6hs8qa.o
[383/456    8s] C_WebGL_wasm Library/Bee/artifacts/WebGL/GameAssembly/release_WebGL_wasm/s2735tyhgyqf.o
[387/456    0s] C_WebGL_wasm Library/Bee/artifacts/WebGL/GameAssembly/release_WebGL_wasm/5dgciuq9v7y5.o
[391/456   16s] C_WebGL_wasm Library/Bee/artifacts/WebGL/GameAssembly/release_WebGL_wasm/dd4xi08yt2dw.o
[392/456    1s] C_WebGL_wasm Library/Bee/artifacts/WebGL/GameAssembly/release_WebGL_wasm/ddfzhj4e00yd.o
[393/456    0s] C_WebGL_wasm Library/Bee/artifacts/WebGL/GameAssembly/release_WebGL_wasm/hh6v0cqufmhb.o
[394/456    7s] C_WebGL_wasm Library/Bee/artifacts/WebGL/GameAssembly/release_WebGL_wasm/6fb9cgnygh33.o
[395/456    0s] C_WebGL_wasm Library/Bee/artifacts/WebGL/GameAssembly/release_WebGL_wasm/lurd4efbyrbq.o
[397/456    0s] C_WebGL_wasm Library/Bee/artifacts/WebGL/GameAssembly/release_WebGL_wasm/2jomnqewh7o1.o
[400/456    7s] C_WebGL_wasm Library/Bee/artifacts/WebGL/GameAssembly/release_WebGL_wasm/z47mehoyi3pa.o
[401/456    0s] C_WebGL_wasm Library/Bee/artifacts/WebGL/GameAssembly/release_WebGL_wasm/7h4hh4kos87m.o
[404/456    8s] C_WebGL_wasm Library/Bee/artifacts/WebGL/GameAssembly/release_WebGL_wasm/enmfkl7b1w3g.o
[408/456    0s] C_WebGL_wasm Library/Bee/artifacts/WebGL/GameAssembly/release_WebGL_wasm/22o0hbh7qe6l.o
[412/456    7s] C_WebGL_wasm Library/Bee/artifacts/WebGL/GameAssembly/release_WebGL_wasm/7esm7judpa6k.o
[415/456    8s] C_WebGL_wasm Library/Bee/artifacts/WebGL/GameAssembly/release_WebGL_wasm/6675m4dfl8o5.o
[416/456    4s] C_WebGL_wasm Library/Bee/artifacts/WebGL/GameAssembly/release_WebGL_wasm/9sqx7wgfad9h.o
[419/456    8s] C_WebGL_wasm Library/Bee/artifacts/WebGL/GameAssembly/release_WebGL_wasm/ltzffi6s6aei.o
[421/456    0s] C_WebGL_wasm Library/Bee/artifacts/WebGL/GameAssembly/release_WebGL_wasm/dynmmf5a2qnq.o
[425/456    0s] C_WebGL_wasm Library/Bee/artifacts/WebGL/GameAssembly/release_WebGL_wasm/pyvjpdfwx7me.o
[426/456    7s] C_WebGL_wasm Library/Bee/artifacts/WebGL/GameAssembly/release_WebGL_wasm/lzgbqvpo6jmx.o
[427/456    0s] C_WebGL_wasm Library/Bee/artifacts/WebGL/GameAssembly/release_WebGL_wasm/esij4i2pqb5q.o
[428/456    3s] C_WebGL_wasm Library/Bee/artifacts/WebGL/GameAssembly/release_WebGL_wasm/yqycm5802tse.o
[429/456    0s] C_WebGL_wasm Library/Bee/artifacts/WebGL/GameAssembly/release_WebGL_wasm/d9q935j9pohf.o
[431/456    8s] C_WebGL_wasm Library/Bee/artifacts/WebGL/GameAssembly/release_WebGL_wasm/dv3uv6e4bo4w.o
[433/456    4s] C_WebGL_wasm Library/Bee/artifacts/WebGL/GameAssembly/release_WebGL_wasm/673vqxlaqrcd.o
[434/456    0s] C_WebGL_wasm Library/Bee/artifacts/WebGL/GameAssembly/release_WebGL_wasm/h6cl0yn54zyc.o
[436/456    6s] C_WebGL_wasm Library/Bee/artifacts/WebGL/GameAssembly/release_WebGL_wasm/odn9rn2h7oxy.o
[438/456    9s] C_WebGL_wasm Library/Bee/artifacts/WebGL/GameAssembly/release_WebGL_wasm/ksn4crs29qa5.o
[440/456    6s] C_WebGL_wasm Library/Bee/artifacts/WebGL/GameAssembly/release_WebGL_wasm/z3gd754lbukn.o
[443/456    0s] CopyFiles /home/keith/Pokemon Luminary/Library/Bee/artifacts/WebGL/il2cppOutput/build/Data/Metadata/global-metadata.dat
[444/456    0s] Assemble WebGL Data Library/Bee/artifacts/WebGL/webgl.data
[445/456    8s] C_WebGL_wasm Library/Bee/artifacts/WebGL/GameAssembly/release_WebGL_wasm/6c2fri1wupn6.o
[446/456    0s] CopyFiles Temp/EditorBuildOutput/MethodMap.tsv
[447/456    0s] CopyFiles Build/Build/Build.data
[448/456    6s] C_WebGL_wasm Library/Bee/artifacts/WebGL/GameAssembly/release_WebGL_wasm/dio6e4g1susk.o
[BUSY      12s] C_WebGL_wasm Library/Bee/artifacts/WebGL/GameAssembly/release_WebGL_wasm/iimhd2in81rc.o
[449/456   12s] C_WebGL_wasm Library/Bee/artifacts/WebGL/GameAssembly/release_WebGL_wasm/iimhd2in81rc.o
[450/456    0s] Lib_WebGL_wasm Library/Bee/artifacts/WebGL/GameAssembly/release_WebGL_wasm/GameAssembly.a
[451/456    0s] CopyFiles /home/keith/Pokemon Luminary/Library/Bee/artifacts/WebGL/il2cppOutput/build/GameAssembly.a
[BUSY       6s] Link_WebGL_wasm Library/Bee/artifacts/WebGL/build/debug_WebGL_wasm/build.js (+wasm)
[BUSY      16s] Link_WebGL_wasm Library/Bee/artifacts/WebGL/build/debug_WebGL_wasm/build.js (+wasm)
[BUSY      26s] Link_WebGL_wasm Library/Bee/artifacts/WebGL/build/debug_WebGL_wasm/build.js (+wasm)
[BUSY      36s] Link_WebGL_wasm Library/Bee/artifacts/WebGL/build/debug_WebGL_wasm/build.js (+wasm)
[BUSY      46s] Link_WebGL_wasm Library/Bee/artifacts/WebGL/build/debug_WebGL_wasm/build.js (+wasm)
[BUSY      56s] Link_WebGL_wasm Library/Bee/artifacts/WebGL/build/debug_WebGL_wasm/build.js (+wasm)
[BUSY      66s] Link_WebGL_wasm Library/Bee/artifacts/WebGL/build/debug_WebGL_wasm/build.js (+wasm)
[BUSY      76s] Link_WebGL_wasm Library/Bee/artifacts/WebGL/build/debug_WebGL_wasm/build.js (+wasm)
[BUSY      86s] Link_WebGL_wasm Library/Bee/artifacts/WebGL/build/debug_WebGL_wasm/build.js (+wasm)
[BUSY      96s] Link_WebGL_wasm Library/Bee/artifacts/WebGL/build/debug_WebGL_wasm/build.js (+wasm)
[BUSY     106s] Link_WebGL_wasm Library/Bee/artifacts/WebGL/build/debug_WebGL_wasm/build.js (+wasm)
[BUSY     116s] Link_WebGL_wasm Library/Bee/artifacts/WebGL/build/debug_WebGL_wasm/build.js (+wasm)
[BUSY     126s] Link_WebGL_wasm Library/Bee/artifacts/WebGL/build/debug_WebGL_wasm/build.js (+wasm)
[BUSY     136s] Link_WebGL_wasm Library/Bee/artifacts/WebGL/build/debug_WebGL_wasm/build.js (+wasm)
[452/456   140s] Link_WebGL_wasm Library/Bee/artifacts/WebGL/build/debug_WebGL_wasm/build.js (+wasm)
[453/456    0s] CopyFiles Build/Build/Build.wasm
[454/456    0s] FrameworkAssembler Library/Bee/artifacts/WebGL/build/debug_WebGL_wasm/build.framework.js
[455/456    0s] CopyFiles Build/Build/Build.framework.js
*** Tundra build success (261.49 seconds - 0:04:21), 124 items updated, 456 evaluated
[websockify wrapper] Start node and websockify.js
ExitCode: 0 Duration: 4m:21s
Total cache size 115296376
Total cache size after purge 115296376
Refreshing native plugins compatible for Editor in 3.39 ms, found 1 plugins.
Preloading 0 native plugins for Editor in 0.00 ms.

-------------------------------------------------------------------------------
Build Report
Uncompressed usage by category (Percentages based on user generated assets only):
Textures               62.7 mb	 68.6% 
Meshes                 0.0 kb	 0.0% 
Animations             136.1 kb	 0.1% 
Sounds                 26.9 mb	 29.4% 
Shaders                16.1 kb	 0.0% 
Other Assets           1.4 mb	 1.6% 
Levels                 0.0 kb	 0.0% 
Scripts                173.0 kb	 0.2% 
Included DLLs          0.0 kb	 0.0% 
File headers           109.2 kb	 0.1% 
Total User Assets      91.4 mb	 100.0% 
Complete build size    73.5 mb
Used Assets and files from the Resources folder, sorted by uncompressed size:
 6.0 mb	 8.2% Assets/Non_loaded_assets/non_loaded_ui/controls.png
 6.0 mb	 8.2% Assets/Non_loaded_assets/non_loaded_ui/extra cntrols.png
 4.1 mb	 5.6% Assets/Resources/Pokemon_project_assets/Sound/1-17 - Battle! (Trainer Battle).flac
 3.0 mb	 4.0% Assets/Non_loaded_assets/non_loaded_ui/battlr ui 2.png
 2.8 mb	 3.8% Assets/Resources/Pokemon_project_assets/pokemon_img/pokemon sprites.png
 2.7 mb	 3.7% Assets/Resources/Pokemon_project_assets/Sound/1-05 - Littleroot Town.flac
 2.7 mb	 3.6% Built-in Texture2D: Splash Screen Unity Logo
 2.5 mb	 3.4% Assets/Resources/Pokemon_project_assets/pokemon_img/battle intros/battle intros.png
 2.4 mb	 3.3% Assets/Resources/Pokemon_project_assets/Sound/1-09 - Battle! (Wild Pokémon).flac
 2.3 mb	 3.1% Assets/Non_loaded_assets/pokemon pc ui/Game Boy Advance - Pokemon Emerald - Miscellaneous - Box System.png
 2.2 mb	 3.0% Assets/Non_loaded_assets/non_loaded_ui/store item info ui.jpg
 2.2 mb	 3.0% Assets/Non_loaded_assets/non_loaded_ui/Basic info dialouge bar.jpg
 2.2 mb	 3.0% Assets/Non_loaded_assets/non_loaded_ui/trainer card ui.jpg
 2.2 mb	 3.0% Assets/Non_loaded_assets/non_loaded_ui/player menu ui.jpg
 2.2 mb	 3.0% Assets/Non_loaded_assets/non_loaded_ui/ability ui.jpg
 2.2 mb	 3.0% Assets/Non_loaded_assets/non_loaded_ui/stat ui.jpg
 2.2 mb	 3.0% Assets/Non_loaded_assets/non_loaded_ui/moves ui.jpg
 2.1 mb	 2.8% Assets/Resources/Pokemon_project_assets/Sound/1-22 - Route 104.flac
 2.1 mb	 2.8% Assets/Resources/Pokemon_project_assets/Sound/1-13 - Pokémon Center.flac
 2.0 mb	 2.7% Assets/Resources/Pokemon_project_assets/Sound/1-12 - Oldale Town.flac
 1.8 mb	 2.5% Assets/Resources/Pokemon_project_assets/Sound/1-11 - Route 101.flac
 1.8 mb	 2.5% Assets/Non_loaded_assets/non_loaded_ui/Battle platforms.png
 1.7 mb	 2.4% Assets/Resources/Pokemon_project_assets/Sound/1-07. May.flac
 1.7 mb	 2.3% Assets/Resources/Pokemon_project_assets/Sound/1-20 - Petalburg City.flac
 1.6 mb	 2.2% Assets/Non_loaded_assets/Npc Sprites/Game Boy Advance - Pokemon FireRed _ LeafGreen - Trainers & Non-Playable Characters - Trainers.png
 1.6 mb	 2.1% Assets/Resources/Game Boy Advance - Pokemon Emerald - Miscellaneous - Pokemon Menu.png
 1.6 mb	 2.1% Assets/Resources/Pokemon_project_assets/Sound/1-06 - Birch Pokémon Lab.flac
 1.5 mb	 2.0% Assets/Non_loaded_assets/tileset/new tileset/Game Boy Advance - Pokemon FireRed _ LeafGreen - Tilesets - Tileset 2.png
 1.4 mb	 1.9% Assets/Non_loaded_assets/non_loaded_ui/status.png
 1.2 mb	 1.6% Assets/Non_loaded_assets/non_loaded_ui/types_ui.png
 1.1 mb	 1.5% Assets/Resources/Pokemon_project_assets/Overwolrd_obj/berry sprites/berrier full.png
 1.0 mb	 1.4% Assets/TextMesh Pro/Resources/Fonts & Materials/LiberationSans SDF.asset
 1007.8 kb	 1.3% Assets/Non_loaded_assets/Npc Sprites/Game Boy Advance - Pokemon FireRed _ LeafGreen - Trainers & Non-Playable Characters - Overworld NPCs.png
 966.3 kb	 1.3% Assets/Resources/Pokemon_project_assets/Sound/1-18 - Victory! (Trainer Battle).flac
 952.9 kb	 1.3% Assets/Resources/Pokemon_project_assets/Sound/1-10 - Victory! (Wild Pokémon).flac
 942.3 kb	 1.3% Assets/Resources/Pokemon_project_assets/Sound/1-15 - Trainers' Eyes Meet (Youngster).flac
 883.9 kb	 1.2% Assets/Resources/Pokemon_project_assets/ui/Item_images/Game Boy Advance - Pokemon Emerald - Miscellaneous - Item Icons.png
 847.7 kb	 1.1% Assets/Non_loaded_assets/player Sprite sheets/Main Character Male.png
 815.7 kb	 1.1% Assets/Resources/Pokemon_project_assets/Sound/1-16 - Trainers' Eyes Meet (Lass).flac
 760.3 kb	 1.0% Assets/Non_loaded_assets/non_loaded_ui/battle ui.png
 742.0 kb	 1.0% Assets/Non_loaded_assets/non_loaded_ui/Game Boy Advance - Pokemon Emerald - Miscellaneous - Battle Introductions.png
 712.9 kb	 0.9% Assets/Non_loaded_assets/non_loaded_ui/pokeball battle ui.png
 547.5 kb	 0.7% Assets/Non_loaded_assets/tileset/new tileset/Game Boy Advance - Pokemon FireRed _ LeafGreen - Tilesets - Tileset.png
 516.7 kb	 0.7% Assets/Non_loaded_assets/non_loaded_ui/Game Boy Advance - Pokemon Emerald - Miscellaneous - Bag.png
 480.1 kb	 0.6% Assets/Non_loaded_assets/non_loaded_ui/key map book.png
 439.8 kb	 0.6% Assets/Non_loaded_assets/non_loaded_ui/pokeball spark.png
 380.3 kb	 0.5% Assets/Non_loaded_assets/non_loaded_ui/pokemonchoice ui.jpg
 377.3 kb	 0.5% Assets/Non_loaded_assets/non_loaded_ui/exp bar.png
 344.5 kb	 0.5% Assets/TextMesh Pro/Fonts/LiberationSans.ttf
 341.5 kb	 0.5% Assets/TextMesh Pro/Sprites/EmojiOne.png
 321.9 kb	 0.4% Assets/Non_loaded_assets/player Sprite sheets/player anim.png
 283.6 kb	 0.4% Assets/Non_loaded_assets/non_loaded_ui/typing interface plain.png
 282.5 kb	 0.4% Assets/Non_loaded_assets/non_loaded_ui/typing interface.png
 255.4 kb	 0.3% Assets/Resources/Pokemon_project_assets/ui/Item_images/extra items.png
 244.7 kb	 0.3% Assets/Non_loaded_assets/non_loaded_ui/party_bg.jpg
 237.4 kb	 0.3% Assets/Resources/Pokemon_project_assets/pokemon_img/party icons.png
 232.8 kb	 0.3% Assets/Non_loaded_assets/non_loaded_ui/Game Boy Advance - Pokemon FireRed _ LeafGreen - Menu Elements - Menu Frames.png
 195.9 kb	 0.3% Assets/Non_loaded_assets/non_loaded_ui/held item.png
 194.0 kb	 0.3% Assets/Resources/Pokemon_project_assets/Overwolrd_obj/berry sprites/soil bed.png
 162.8 kb	 0.2% Assets/Non_loaded_assets/tileset/new tileset/ground tiles.png
 156.4 kb	 0.2% Assets/Non_loaded_assets/non_loaded_ui/ui selection visual bottom.png
 156.4 kb	 0.2% Assets/Non_loaded_assets/non_loaded_ui/ui selection visual.png
 116.3 kb	 0.2% Assets/Non_loaded_assets/battle visuals/stat change sprites.png
 100.2 kb	 0.1% Assets/Non_loaded_assets/tileset/new tileset/open mart 1.png
 100.0 kb	 0.1% Assets/Non_loaded_assets/tileset/new tileset/mart multiple.png
 83.2 kb	 0.1% Assets/Non_loaded_assets/non_loaded_ui/bag category images.png
 79.7 kb	 0.1% Assets/Resources/Pokemon_project_assets/Sound/0092 - Status Burn (Flamethrower guess).wav
 63.3 kb	 0.1% Assets/Resources/Pokemon_project_assets/Sound/1-14 - Pokémon Healed.flac
 61.4 kb	 0.1% Assets/Resources/pokemon party icons.png
 57.0 kb	 0.1% Assets/Resources/types and status.png
 51.2 kb	 0.1% Assets/Non_loaded_assets/tileset/new tileset/pokeballs and shelf.png
 50.9 kb	 0.1% Assets/Non_loaded_assets/tileset/new tileset/green table.png
 40.4 kb	 0.1% Assets/Resources/Pokemon_project_assets/Sound/0021 - EXP Gain.wav
 37.9 kb	 0.1% Assets/Resources/Pokemon_project_assets/Sound/1-19 - Level Up!.flac
 37.3 kb	 0.0% Assets/Resources/Pokemon_project_assets/Sound/000E - Hit Super Effective.wav
 33.7 kb	 0.0% Assets/Non_loaded_assets/non_loaded_ui/sign.png
 33.3 kb	 0.0% Assets/Non_loaded_assets/tileset/new tileset/poke center oputside.png
 33.1 kb	 0.0% Assets/Non_loaded_assets/non_loaded_ui/battle background.png
 33.0 kb	 0.0% Assets/Non_loaded_assets/tileset/new tileset/wooden walk.png
 32.6 kb	 0.0% Packages/com.unity.2d.sprite/Editor/ObjectMenuCreation/DefaultAssets/Textures/Square.png
 32.4 kb	 0.0% Assets/Resources/Pokemon_project_assets/Sound/00F5 - Stat Decrease.wav
 32.2 kb	 0.0% Assets/Resources/Pokemon_project_assets/Sound/00EF - Stat Increase.wav
 30.9 kb	 0.0% Assets/Resources/Pokemon_project_assets/Sound/005A - Low Health Beep.wav
 30.9 kb	 0.0% Assets/Non_loaded_assets/non_loaded_ui/bag ui icons.png
 30.0 kb	 0.0% Assets/Resources/Pokemon_project_assets/Sound/0004 - PC On.wav
 25.4 kb	 0.0% Assets/Resources/Pokemon_project_assets/Sound/0049 - Ding Dong.wav
 24.0 kb	 0.0% Assets/Resources/Pokemon_project_assets/Sound/002E - Warp Out.wav
 23.9 kb	 0.0% Assets/Non_loaded_assets/battle visuals/burn effect visual.png
 22.4 kb	 0.0% Assets/Resources/Pokemon_project_assets/Sound/002D - Warp In.wav
 20.2 kb	 0.0% Assets/Resources/Pokemon_project_assets/Sound/0010 - Faint.wav
 19.5 kb	 0.0% Assets/Resources/Pokemon_project_assets/Sound/0066 - Shiny Sparkle.wav
 19.5 kb	 0.0% Assets/Resources/Pokemon_project_assets/Sound/00FF - FRLG Shop.wav
 18.3 kb	 0.0% Assets/Resources/Pokemon_project_assets/Sound/000D - Hit Normal.wav
 18.2 kb	 0.0% Assets/Resources/Pokemon_project_assets/Sound/0037 - Save.wav
 17.7 kb	 0.0% Assets/Non_loaded_assets/non_loaded_ui/move selector.png
 16.8 kb	 0.0% Assets/Resources/Pokemon_project_assets/Sound/008A - Status Paralysis (Thunder Wave guess).wav
 16.7 kb	 0.0% Assets/Resources/Pokemon_project_assets/Sound/0011 - Flee.wav
 16.6 kb	 0.0% Assets/Resources/Pokemon_project_assets/Sound/0101 - FRLG Help Open.wav
 16.5 kb	 0.0% Assets/Resources/Pokemon_project_assets/Sound/0102 - FRLG Help Close.wav
 16.4 kb	 0.0% Assets/Resources/Pokemon_project_assets/Sound/0048 - Itemfinder.wav
 15.4 kb	 0.0% Assets/Resources/Pokemon_project_assets/Sound/000F - Ball Open (release recall guess).wav
 15.4 kb	 0.0% Assets/Resources/Pokemon_project_assets/Sound/003D - Ball Throw.wav
 15.2 kb	 0.0% Assets/Resources/Pokemon_project_assets/Sound/0071 - Egg Hatch.wav
 15.1 kb	 0.0% Assets/Resources/Pokemon_project_assets/Sound/005F - Shop.wav
 14.9 kb	 0.0% Assets/Resources/Pokemon_project_assets/Sound/002C - Unlock.wav
 14.5 kb	 0.0% Assets/Resources/Pokemon_project_assets/Sound/000B - Bike Bell.wav
 14.5 kb	 0.0% Assets/Resources/Pokemon_project_assets/Sound/0001 - Use Item Heal.wav
 14.0 kb	 0.0% Assets/Resources/Pokemon_project_assets/Sound/0094 - Status Poison (Toxic guess).wav
 13.8 kb	 0.0% Assets/Resources/Pokemon_project_assets/Sound/0002 - PC Login.wav
 13.6 kb	 0.0% Assets/Non_loaded_assets/tileset/new tileset/river edge.png
 13.3 kb	 0.0% Assets/Resources/Pokemon_project_assets/Sound/0012 - Sliding Door.wav
 12.6 kb	 0.0% Assets/Resources/Pokemon_project_assets/Sound/000C - Hit Not Very Effective.wav
 12.6 kb	 0.0% Assets/Resources/Pokemon_project_assets/Sound/0009 - Exit Stairs.wav
 12.1 kb	 0.0% Assets/Resources/Pokemon_project_assets/Sound/003C - Ball Pull In Trade.wav
 11.9 kb	 0.0% Assets/Resources/Pokemon_project_assets/Sound/006F - PokeNav Off.wav
 11.6 kb	 0.0% Assets/Resources/Pokemon_project_assets/Sound/0103 - FRLG Help Error.wav
 11.5 kb	 0.0% Assets/Resources/Pokemon_project_assets/Sound/006E - PokeNav On.wav
 11.0 kb	 0.0% Assets/Non_loaded_assets/battle visuals/paralysis visual.png
 11.0 kb	 0.0% Assets/Resources/Pokemon_project_assets/Sound/0097 - Status Burn Alt (Ember guess).wav
 10.8 kb	 0.0% Assets/TextMesh Pro/Shaders/TMP_SDF-Mobile.shader
 10.4 kb	 0.0% Assets/Resources/Pokemon_project_assets/Sound/0020 - Failure.wav
 9.8 kb	 0.0% Assets/Non_loaded_assets/battle visuals/frozen visual.png
 9.7 kb	 0.0% Assets/Resources/Pokemon_project_assets/Sound/0003 - PC Off.wav
 9.2 kb	 0.0% Assets/Resources/Pokemon_project_assets/Sound/00FD - FRLG Bag Pocket Switch.wav
 9.0 kb	 0.0% Assets/Resources/Pokemon_project_assets/Sound/0038 - Ball Bounce 1.wav
 9.0 kb	 0.0% Assets/Resources/Pokemon_project_assets/Sound/001F - Success (catch confirm guess).wav
 8.9 kb	 0.0% Assets/Resources/Pokemon_project_assets/Sound/003A - Ball Bounce 3.wav
 8.5 kb	 0.0% Assets/Resources/Pokemon_project_assets/Sound/004F - Poison Damage Overworld.wav
 8.5 kb	 0.0% Assets/Resources/Pokemon_project_assets/Sound/0039 - Ball Bounce 2.wav
 8.4 kb	 0.0% Assets/Resources/Pokemon_project_assets/Sound/0015 - Alert Exclamation.wav
 8.1 kb	 0.0% Assets/Resources/Pokemon_project_assets/Sound/00FE - FRLG Ball Click.wav
 8.0 kb	 0.0% Assets/Resources/Pokemon_project_assets/Sound/0008 - Door.wav
 8.0 kb	 0.0% Assets/Resources/Pokemon_project_assets/Sound/0016 - Bad Error Buzz.wav
 7.9 kb	 0.0% Assets/Resources/Pokemon_project_assets/Sound/003B - Ball Bounce 4.wav
 7.7 kb	 0.0% Assets/Resources/Pokemon_project_assets/Sound/0006 - Window Open.wav
 7.4 kb	 0.0% Assets/Resources/Pokemon_project_assets/Sound/006D - Pokedex Page Turn.wav
 7.2 kb	 0.0% Assets/Full_Animations/player_animation.controller
 7.1 kb	 0.0% Assets/Non_loaded_assets/tileset/new tileset/table.png
 6.6 kb	 0.0% Resources/unity_builtin_extra
 6.5 kb	 0.0% Assets/Resources/Pokemon_project_assets/Sound/0005 - Select Cursor.wav
 6.4 kb	 0.0% Assets/Resources/Pokemon_project_assets/Sound/0007 - Wall Bump.wav
 6.2 kb	 0.0% Assets/Resources/Pokemon_project_assets/Sound/00FC - FRLG Bag Cursor.wav
 5.6 kb	 0.0% Assets/Resources/Pokemon_project_assets/Tests/Logs/End To End Test Logs.html
 5.3 kb	 0.0% Assets/TextMesh Pro/Shaders/TMP_Sprite.shader
 5.2 kb	 0.0% Assets/Resources/Pokemon_project_assets/Sound/000A - Ledge Jump.wav
 4.4 kb	 0.0% Assets/Non_loaded_assets/battle visuals/confusion visual.png
 4.2 kb	 0.0% Assets/Resources/Pokemon_project_assets/Sound/0024 - Click Mechanical.wav
 4.1 kb	 0.0% Assets/Resources/Pokemon_project_assets/Tests/Logs/Unit Test Logs.html
 3.8 kb	 0.0% Assets/Resources/Pokemon_project_assets/Overwolrd_obj/Interactions/Berry Trees/Berry Soil Bed.prefab
 3.7 kb	 0.0% Assets/Full_Animations/battle/Send out pokemon.anim
 3.7 kb	 0.0% Assets/Full_Animations/battle/Catch pokemon.anim
 3.5 kb	 0.0% Assets/Resources/Pokemon_project_assets/Sound/0022 - Bike Hop.wav
 3.5 kb	 0.0% Assets/Resources/Pokemon_project_assets/Sound/0017 - Ball Shake.wav
 3.4 kb	 0.0% Assets/Non_loaded_assets/UI Animation/burn status.anim
 3.3 kb	 0.0% Assets/TextMesh Pro/Resources/Sprite Assets/EmojiOne.asset
 3.2 kb	 0.0% Assets/TextMesh Pro/Resources/Fonts & Materials/LiberationSans SDF - Fallback.asset
 3.1 kb	 0.0% Assets/Non_loaded_assets/UI Animation/partner pokeball drop.anim
 3.0 kb	 0.0% Assets/Non_loaded_assets/UI Animation/confusion status.anim
 2.9 kb	 0.0% Assets/Full_Animations/battle/pokeball shake.anim
 2.9 kb	 0.0% Assets/Non_loaded_assets/UI Animation/enemy pokeball drop.anim
 2.8 kb	 0.0% Assets/Non_loaded_assets/UI Animation/paralysis status.anim
 2.8 kb	 0.0% Assets/Non_loaded_assets/UI Animation/sleep status.anim
 2.7 kb	 0.0% Assets/Resources/Pokemon_project_assets/Overwolrd_obj/Animated/Poke center door close.anim
 2.7 kb	 0.0% Assets/Resources/Pokemon_project_assets/Overwolrd_obj/Animated/Poke center door.anim
 2.7 kb	 0.0% Assets/Resources/Pokemon_project_assets/Overwolrd_obj/Animated/Mart Door close.anim
 2.7 kb	 0.0% Assets/Resources/Pokemon_project_assets/Overwolrd_obj/Animated/Mart Door.anim
 2.6 kb	 0.0% Assets/Full_Animations/battle/pokeball escape.anim
 2.6 kb	 0.0% Assets/Non_loaded_assets/UI Animation/freeze status.anim
 2.6 kb	 0.0% Assets/Full_Animations/battle/enemy pokeball send out.anim
 2.5 kb	 0.0% Assets/Full_Animations/Fishing/Fishing_Start_Left.anim
 2.5 kb	 0.0% Assets/Full_Animations/Fishing/Fishing_End_Left.anim
 2.5 kb	 0.0% Assets/Full_Animations/battle/pokeball successful.anim
 2.5 kb	 0.0% Assets/Full_Animations/walking/Player_walk_right.anim
 2.5 kb	 0.0% Assets/Full_Animations/running/Player_run_right.anim
 2.5 kb	 0.0% Assets/Full_Animations/Bike/Bike_right.anim
 2.5 kb	 0.0% Assets/Full_Animations/Fishing/Fishing_Start_down.anim
 2.5 kb	 0.0% Assets/Full_Animations/Fishing/Fishing_Start_Right.anim
 2.5 kb	 0.0% Assets/Full_Animations/Fishing/Fishing_Start_Up.anim
 2.5 kb	 0.0% Assets/Full_Animations/Fishing/Fishing_End_Right.anim
 2.5 kb	 0.0% Assets/Full_Animations/Fishing/Fishing_End_Up.anim
 2.5 kb	 0.0% Assets/Full_Animations/Fishing/Fishing_End_Down.anim
 2.4 kb	 0.0% Assets/Resources/Pokemon_project_assets/Overwolrd_obj/Animated/fountain_flow.anim
 2.4 kb	 0.0% Assets/Full_Animations/walking/Player_walk_up.anim
 2.4 kb	 0.0% Assets/Full_Animations/walking/Player_walk_left.anim
 2.4 kb	 0.0% Assets/Full_Animations/walking/Player_walk_down.anim
 2.4 kb	 0.0% Assets/Full_Animations/running/Player_run_up.anim
 2.4 kb	 0.0% Assets/Full_Animations/running/Player_run_left.anim
 2.4 kb	 0.0% Assets/Full_Animations/running/Player_run_down.anim
 2.4 kb	 0.0% Assets/Full_Animations/Bike/Bike_left.anim
 2.4 kb	 0.0% Assets/Full_Animations/Bike/Bike_down.anim
 2.4 kb	 0.0% Assets/Full_Animations/Bike/Bike_up.anim
 2.4 kb	 0.0% Assets/Full_Animations/walking/Player_idle_right.anim
 2.4 kb	 0.0% Assets/Full_Animations/Fishing/Fishing_idle_Left.anim
 2.4 kb	 0.0% Assets/Full_Animations/Watering/Watering_Right.anim
 2.3 kb	 0.0% Assets/Resources/Pokemon_project_assets/Overwolrd_obj/Animated/House door open.anim
 2.3 kb	 0.0% Assets/Resources/Pokemon_project_assets/Overwolrd_obj/Animated/House door close.anim
 2.3 kb	 0.0% Assets/Full_Animations/Fishing/Fishing_idle_down.anim
 2.3 kb	 0.0% Assets/Full_Animations/Fishing/Fishing_idle_Right.anim
 2.3 kb	 0.0% Assets/Full_Animations/walking/Player_idle_up.anim
 2.3 kb	 0.0% Assets/Full_Animations/walking/Player_idle_left.anim
 2.3 kb	 0.0% Assets/Full_Animations/walking/Player_idle_down.anim
 2.3 kb	 0.0% Assets/Full_Animations/Watering/watering_Left.anim
 2.3 kb	 0.0% Assets/Full_Animations/Watering/Watering_Down.anim
 2.3 kb	 0.0% Assets/Full_Animations/Fishing/Fishing_idle_Up.anim
 2.3 kb	 0.0% Assets/Full_Animations/Watering/Watering_Up.anim
 2.3 kb	 0.0% Assets/Resources/Pokemon_project_assets/Overwolrd_obj/Animated/Berry Tree Animation.anim
 2.2 kb	 0.0% Assets/TextMesh Pro/Resources/Style Sheets/Default Style Sheet.asset
 2.0 kb	 0.0% Assets/Full_Animations/battle/player battle.controller
 1.9 kb	 0.0% Assets/Resources/Pokemon_project_assets/Overwolrd_obj/Interactions/NPCs/NPC.prefab
 1.8 kb	 0.0% Assets/Resources/Pokemon_project_assets/Tests/Logs/Integration Test Logs.html
 1.8 kb	 0.0% Assets/Resources/Pokemon_project_assets/Sound/006C - Pokedex Scroll.wav
 1.7 kb	 0.0% Assets/Non_loaded_assets/UI Animation/Battle visuals.controller
 1.6 kb	 0.0% Assets/TextMesh Pro/Resources/Fonts & Materials/LiberationSans SDF - Drop Shadow.mat
 1.6 kb	 0.0% Assets/Non_loaded_assets/battle visuals/sleep visual.png
 1.6 kb	 0.0% Assets/TextMesh Pro/Resources/Fonts & Materials/LiberationSans SDF - Outline.mat
 1.5 kb	 0.0% Assets/Non_loaded_assets/non_loaded_ui/item equipped.png
 1.3 kb	 0.0% Assets/Resources/Pokemon_project_assets/pokemon_img/raichu_s_intro.asset
 1.3 kb	 0.0% Assets/Resources/Pokemon_project_assets/pokemon_img/raichu_intro.asset
 1.3 kb	 0.0% Assets/Resources/Pokemon_project_assets/pokemon_img/raichu_s.asset
 1.3 kb	 0.0% Assets/Resources/Pokemon_project_assets/pokemon_img/raichu_f.asset
 1.2 kb	 0.0% Assets/Resources/Pokemon_project_assets/pokemon_img/flygon_s_intro.asset
 1.2 kb	 0.0% Assets/Resources/Pokemon_project_assets/pokemon_img/flygon_intro.asset
 1.1 kb	 0.0% Assets/Resources/Pokemon_project_assets/pokemon_img/marshtomp_sb.asset
 1.1 kb	 0.0% Assets/Resources/Pokemon_project_assets/pokemon_img/marshtomp_b.asset
 1.1 kb	 0.0% Assets/Resources/Pokemon_project_assets/pokemon_img/flygon_sb.asset
 1.1 kb	 0.0% Assets/Resources/Pokemon_project_assets/pokemon_img/flygon_b.asset
 1.0 kb	 0.0% Assets/Resources/Pokemon_project_assets/pokemon_img/flygon_s.asset
 1.0 kb	 0.0% Assets/Resources/Pokemon_project_assets/pokemon_img/flygon_f.asset
 1.0 kb	 0.0% Assets/Resources/Pokemon_project_assets/pokemon_img/grovyle_s_intro.asset
 1.0 kb	 0.0% Assets/Resources/Pokemon_project_assets/pokemon_img/grovyle_intro.asset
 1.0 kb	 0.0% Assets/Resources/Pokemon_project_assets/pokemon_img/sceptile_s.asset
 1.0 kb	 0.0% Assets/Resources/Pokemon_project_assets/pokemon_img/sceptile_f.asset
 0.9 kb	 0.0% Assets/Resources/Pokemon_project_assets/pokemon_img/blaziken_s.asset
 0.9 kb	 0.0% Assets/Resources/Pokemon_project_assets/pokemon_img/blaziken_f.asset
 0.9 kb	 0.0% Assets/Resources/Pokemon_project_assets/pokemon_img/zubat_s_intro.asset
 0.9 kb	 0.0% Assets/Resources/Pokemon_project_assets/pokemon_img/grovyle_sb.asset
 0.9 kb	 0.0% Assets/Resources/Pokemon_project_assets/pokemon_img/grovyle_b.asset
 0.9 kb	 0.0% Assets/Resources/Pokemon_project_assets/pokemon_img/zubat_intro.asset
 0.9 kb	 0.0% Assets/Resources/Pokemon_project_assets/pokemon_img/golbat_sb.asset
 0.9 kb	 0.0% Assets/Resources/Pokemon_project_assets/pokemon_img/golbat_b.asset
 0.8 kb	 0.0% Assets/Resources/Pokemon_project_assets/pokemon_img/golbat_s.asset
 0.8 kb	 0.0% Assets/Resources/Pokemon_project_assets/pokemon_img/golbat_f.asset
 0.8 kb	 0.0% Assets/Resources/Pokemon_project_assets/pokemon_img/swampert_s.asset
 0.8 kb	 0.0% Assets/Resources/Pokemon_project_assets/pokemon_img/swampert_f.asset
 0.8 kb	 0.0% Assets/Resources/Pokemon_project_assets/Overwolrd_obj/Animated/Berry Tree Controller.controller
 0.8 kb	 0.0% Assets/Resources/Pokemon_project_assets/pokemon_img/combusken_s.asset
 0.8 kb	 0.0% Assets/Resources/Pokemon_project_assets/pokemon_img/combusken_f.asset
 0.8 kb	 0.0% Assets/Resources/Pokemon_project_assets/pokemon_img/pikachu_s.asset
 0.8 kb	 0.0% Assets/Resources/Pokemon_project_assets/pokemon_img/pikachu_f.asset
 0.8 kb	 0.0% Assets/Resources/Pokemon_project_assets/Overwolrd_obj/Interactions/Berry Trees/Berry Tree.prefab
 0.8 kb	 0.0% Assets/Resources/Pokemon_project_assets/pokemon_img/blaziken_s_intro.asset
 0.8 kb	 0.0% Assets/Resources/Pokemon_project_assets/pokemon_img/blaziken_intro.asset
 0.8 kb	 0.0% Assets/Non_loaded_assets/UI Animation/battle intro pokeball.controller
 0.8 kb	 0.0% Assets/Resources/Pokemon_project_assets/pokemon_img/cascoon_s_intro.asset
 0.8 kb	 0.0% Assets/Resources/Pokemon_project_assets/pokemon_img/cascoon_intro.asset
 0.8 kb	 0.0% Assets/Resources/Pokemon_project_assets/pokemon_img/cascoon_f.asset
 0.8 kb	 0.0% Assets/Resources/Pokemon_project_assets/pokemon_img/beautifly_s.asset
 0.8 kb	 0.0% Assets/Resources/Pokemon_project_assets/pokemon_img/beautifly_f.asset
 0.8 kb	 0.0% Assets/Non_loaded_assets/non_loaded_ui/genders.png
 0.7 kb	 0.0% Assets/Resources/Pokemon_project_assets/pokemon_img/combusken_sb.asset
 0.7 kb	 0.0% Assets/Resources/Pokemon_project_assets/pokemon_img/combusken_b.asset
 0.7 kb	 0.0% Assets/Resources/Pokemon_project_assets/pokemon_img/vibrava_s_intro.asset
 0.7 kb	 0.0% Assets/Resources/Pokemon_project_assets/pokemon_img/vibrava_intro.asset
 0.7 kb	 0.0% Assets/Resources/Pokemon_project_assets/pokemon_img/golbat_s_intro.asset
 0.7 kb	 0.0% Assets/Resources/Pokemon_project_assets/Overwolrd_obj/Interactions/Overworld pickup item.prefab
 0.7 kb	 0.0% Assets/Resources/Pokemon_project_assets/pokemon_img/golbat_intro.asset
 0.7 kb	 0.0% Assets/Resources/Pokemon_project_assets/pokemon_img/treecko_sb.asset
 0.7 kb	 0.0% Assets/Resources/Pokemon_project_assets/pokemon_img/treecko_b.asset
 0.7 kb	 0.0% Assets/Resources/Pokemon_project_assets/pokemon_img/grovyle_s.asset
 0.7 kb	 0.0% Assets/Resources/Pokemon_project_assets/pokemon_img/grovyle_f.asset
 0.7 kb	 0.0% Assets/Resources/Pokemon_project_assets/pokemon_img/cascoon_s.asset
 0.7 kb	 0.0% Assets/Resources/Pokemon_project_assets/pokemon_img/treecko_s.asset
 0.7 kb	 0.0% Assets/Resources/Pokemon_project_assets/pokemon_img/treecko_f.asset
 0.7 kb	 0.0% Assets/Resources/Pokemon_project_assets/pokemon_img/crobat_sb.asset
 0.7 kb	 0.0% Assets/Resources/Pokemon_project_assets/pokemon_img/vibrava_s.asset
 0.7 kb	 0.0% Assets/Resources/Pokemon_project_assets/pokemon_img/vibrava_f.asset
 0.7 kb	 0.0% Assets/Resources/Pokemon_project_assets/pokemon_img/party_img/blaziken_2.asset
 0.7 kb	 0.0% Assets/Resources/Pokemon_project_assets/pokemon_img/crobat_b.asset
 0.7 kb	 0.0% Assets/Resources/Pokemon_project_assets/pokemon_img/torchic_s.asset
 0.7 kb	 0.0% Assets/Resources/Pokemon_project_assets/pokemon_img/torchic_f.asset
 0.7 kb	 0.0% Assets/Resources/Pokemon_project_assets/pokemon_img/mudkip_sb.asset
 0.7 kb	 0.0% Assets/Resources/Pokemon_project_assets/pokemon_img/combusken_s_intro.asset
 0.7 kb	 0.0% Assets/Resources/Pokemon_project_assets/pokemon_img/mudkip_b.asset
 0.7 kb	 0.0% Assets/Resources/Pokemon_project_assets/pokemon_img/linoone_s.asset
 0.7 kb	 0.0% Assets/Resources/Pokemon_project_assets/pokemon_img/linoone_f.asset
 0.7 kb	 0.0% Assets/Resources/Pokemon_project_assets/pokemon_img/combusken_intro.asset
 0.7 kb	 0.0% Assets/Resources/Pokemon_project_assets/pokemon_img/beautifly_sb.asset
 0.7 kb	 0.0% Assets/Resources/Pokemon_project_assets/pokemon_img/beautifly_b.asset
 0.7 kb	 0.0% Assets/Resources/Pokemon_project_assets/Overwolrd_obj/Interactions/Berry Trees/BerryTree Registry.asset
 0.7 kb	 0.0% Assets/Resources/Pokemon_project_assets/pokemon_img/wurmple_sb.asset
 0.7 kb	 0.0% Assets/Resources/Pokemon_project_assets/pokemon_img/wurmple_b.asset
 0.7 kb	 0.0% Assets/Resources/Pokemon_project_assets/Overwolrd_obj/Animated/House Door.controller
 0.7 kb	 0.0% Assets/Resources/Pokemon_project_assets/pokemon_img/pikachu_s_intro.asset
 0.7 kb	 0.0% Assets/Resources/Pokemon_project_assets/pokemon_img/pikachu_intro.asset
 0.7 kb	 0.0% Assets/Resources/Pokemon_project_assets/Overwolrd_obj/Animated/mart_.controller
 0.7 kb	 0.0% Assets/Resources/Pokemon_project_assets/Overwolrd_obj/Animated/Center_.controller
 0.7 kb	 0.0% Assets/Resources/Pokemon_project_assets/pokemon_img/zigzagoon_sb.asset
 0.7 kb	 0.0% Assets/Resources/Pokemon_project_assets/pokemon_img/zigzagoon_s.asset
 0.7 kb	 0.0% Assets/Resources/Pokemon_project_assets/pokemon_img/zigzagoon_f.asset
 0.7 kb	 0.0% Assets/Resources/Pokemon_project_assets/pokemon_img/zigzagoon_b.asset
 0.7 kb	 0.0% Assets/Resources/Pokemon_project_assets/pokemon_img/crobat_s.asset
 0.7 kb	 0.0% Assets/Resources/Pokemon_project_assets/pokemon_img/crobat_f.asset
 0.7 kb	 0.0% Assets/Full_Animations/battle/Send out pokemon animator.controller
 0.7 kb	 0.0% Assets/Resources/Pokemon_project_assets/pokemon_img/blaziken_sb.asset
 0.7 kb	 0.0% Assets/Resources/Pokemon_project_assets/pokemon_img/blaziken_b.asset
 0.7 kb	 0.0% Assets/Resources/Pokemon_project_assets/pokemon_img/zubat_s.asset
 0.7 kb	 0.0% Assets/Resources/Pokemon_project_assets/pokemon_img/zubat_f.asset
 0.7 kb	 0.0% Assets/Resources/Pokemon_project_assets/pokemon_img/party_img/zigzagoon_1.asset
 0.7 kb	 0.0% Assets/Resources/Pokemon_project_assets/pokemon_img/party_img/trapinch_1.asset
 0.7 kb	 0.0% Assets/Resources/Pokemon_project_assets/pokemon_img/party_img/marshtomp_1.asset
 0.7 kb	 0.0% Assets/Resources/Pokemon_project_assets/pokemon_img/party_img/cascoon_2.asset
 0.7 kb	 0.0% Assets/Resources/Pokemon_project_assets/pokemon_img/party_img/blaziken_1.asset
 0.7 kb	 0.0% Assets/Resources/Pokemon_project_assets/pokemon_img/sceptile_s_intro.asset
 0.7 kb	 0.0% Assets/Resources/Pokemon_project_assets/pokemon_img/sceptile_intro.asset
 0.7 kb	 0.0% Assets/Resources/Pokemon_project_assets/pokemon_img/party_img/raichu_1.asset
 0.7 kb	 0.0% Assets/Resources/Pokemon_project_assets/pokemon_img/party_img/golbat_2.asset
 0.7 kb	 0.0% Assets/Resources/Pokemon_project_assets/pokemon_img/silcoon_s_intro.asset
 0.7 kb	 0.0% Assets/Resources/Pokemon_project_assets/pokemon_img/silcoon_intro.asset
 0.6 kb	 0.0% Assets/Resources/Pokemon_project_assets/pokemon_img/sceptile_sb.asset
 0.6 kb	 0.0% Assets/Resources/Pokemon_project_assets/pokemon_img/sceptile_b.asset
 0.6 kb	 0.0% Assets/Resources/Pokemon_project_assets/pokemon_img/swampert_sb.asset
 0.6 kb	 0.0% Assets/Resources/Pokemon_project_assets/pokemon_img/swampert_b.asset
 0.6 kb	 0.0% Assets/Resources/Pokemon_project_assets/pokemon_img/treecko_s_intro.asset
 0.6 kb	 0.0% Assets/Resources/Pokemon_project_assets/pokemon_img/treecko_intro.asset
 0.6 kb	 0.0% Assets/Resources/Pokemon_project_assets/pokemon_img/mudkip_s_intro.asset
 0.6 kb	 0.0% Assets/Resources/Pokemon_project_assets/pokemon_img/mudkip_s.asset
 0.6 kb	 0.0% Assets/Resources/Pokemon_project_assets/pokemon_img/mudkip_f.asset
 0.6 kb	 0.0% Assets/Resources/Pokemon_project_assets/pokemon_img/raichu_sb.asset
 0.6 kb	 0.0% Assets/Resources/Pokemon_project_assets/pokemon_img/mudkip_intro.asset
 0.6 kb	 0.0% Assets/Resources/Pokemon_project_assets/pokemon_img/raichu_b.asset
 0.6 kb	 0.0% Assets/Resources/Pokemon_project_assets/Pokemon_obj/Pokemon/Mudkip/Mudkip.asset
 0.6 kb	 0.0% Assets/Non_loaded_assets/non_loaded_ui/typing block sprite.png
 0.6 kb	 0.0% Assets/Resources/Pokemon_project_assets/pokemon_img/party_img/wurmple_2.asset
 0.6 kb	 0.0% Assets/Resources/Pokemon_project_assets/pokemon_img/party_img/vibrava_1.asset
 0.6 kb	 0.0% Assets/Resources/Pokemon_project_assets/pokemon_img/party_img/treecko_1.asset
 0.6 kb	 0.0% Assets/Resources/Pokemon_project_assets/pokemon_img/party_img/torchic_2.asset
 0.6 kb	 0.0% Assets/Resources/Pokemon_project_assets/pokemon_img/party_img/torchic_1.asset
 0.6 kb	 0.0% Assets/Resources/Pokemon_project_assets/pokemon_img/party_img/swampert_1.asset
 0.6 kb	 0.0% Assets/Resources/Pokemon_project_assets/pokemon_img/party_img/sceptile_1.asset
 0.6 kb	 0.0% Assets/Resources/Pokemon_project_assets/pokemon_img/party_img/pikachu_2.asset
 0.6 kb	 0.0% Assets/Resources/Pokemon_project_assets/pokemon_img/party_img/pikachu_1.asset
 0.6 kb	 0.0% Assets/Resources/Pokemon_project_assets/pokemon_img/party_img/marshtomp_2.asset
 0.6 kb	 0.0% Assets/Resources/Pokemon_project_assets/pokemon_img/party_img/linoone_2.asset
 0.6 kb	 0.0% Assets/Resources/Pokemon_project_assets/pokemon_img/party_img/linoone_1.asset
 0.6 kb	 0.0% Assets/Resources/Pokemon_project_assets/pokemon_img/party_img/combusken_2.asset
 0.6 kb	 0.0% Assets/Resources/Pokemon_project_assets/pokemon_img/marshtomp_s_intro.asset
 0.6 kb	 0.0% Assets/Resources/Pokemon_project_assets/Pokemon_obj/Pokemon/Zigzagoon/Zigzagoon.asset
 0.6 kb	 0.0% Assets/Resources/Pokemon_project_assets/pokemon_img/zigzagoon_s_intro.asset
 0.6 kb	 0.0% Assets/Resources/Pokemon_project_assets/pokemon_img/silcoon_s.asset
 0.6 kb	 0.0% Assets/Resources/Pokemon_project_assets/pokemon_img/silcoon_f.asset
 0.6 kb	 0.0% Assets/Resources/Pokemon_project_assets/pokemon_img/party_img/mudkip_2.asset
 0.6 kb	 0.0% Assets/Resources/Pokemon_project_assets/pokemon_img/party_img/golbat_1.asset
 0.6 kb	 0.0% Assets/Resources/Pokemon_project_assets/pokemon_img/party_img/flygon_1.asset
 0.6 kb	 0.0% Assets/Resources/Pokemon_project_assets/pokemon_img/party_img/dustox_1.asset
 0.6 kb	 0.0% Assets/Resources/Pokemon_project_assets/pokemon_img/marshtomp_intro.asset
 0.6 kb	 0.0% Assets/Resources/Pokemon_project_assets/Pokemon_obj/Pokemon/Torchic/Torchic.asset
 0.6 kb	 0.0% Assets/Resources/Pokemon_project_assets/pokemon_img/zigzagoon_intro.asset
 0.6 kb	 0.0% Assets/Resources/Pokemon_project_assets/pokemon_img/wurmple_s_intro.asset
 0.6 kb	 0.0% Assets/Resources/Pokemon_project_assets/pokemon_img/wurmple_s.asset
 0.6 kb	 0.0% Assets/Resources/Pokemon_project_assets/pokemon_img/wurmple_intro.asset
 0.6 kb	 0.0% Assets/Resources/Pokemon_project_assets/pokemon_img/wurmple_f.asset
 0.6 kb	 0.0% Assets/Resources/Pokemon_project_assets/pokemon_img/torchic_s_intro.asset
 0.6 kb	 0.0% Assets/Resources/Pokemon_project_assets/pokemon_img/torchic_intro.asset
 0.6 kb	 0.0% Assets/Resources/Pokemon_project_assets/pokemon_img/marshtomp_s.asset
 0.6 kb	 0.0% Assets/Resources/Pokemon_project_assets/pokemon_img/marshtomp_f.asset
 0.6 kb	 0.0% Assets/Resources/Pokemon_project_assets/pokemon_img/linoone_s_intro.asset
 0.6 kb	 0.0% Assets/Resources/Pokemon_project_assets/pokemon_img/linoone_intro.asset
 0.6 kb	 0.0% Assets/Resources/Pokemon_project_assets/pokemon_img/torchic_sb.asset
 0.6 kb	 0.0% Assets/Resources/Pokemon_project_assets/pokemon_img/torchic_b.asset
 0.6 kb	 0.0% Assets/Resources/Pokemon_project_assets/pokemon_img/beautifly_s_intro.asset
 0.6 kb	 0.0% Assets/Resources/Pokemon_project_assets/Pokemon_obj/Pokemon/Zubat/Zubat.asset
 0.6 kb	 0.0% Assets/Resources/Pokemon_project_assets/Pokemon_obj/Pokemon/Treecko/Treecko.asset
 0.6 kb	 0.0% Assets/Resources/Pokemon_project_assets/pokemon_img/beautifly_intro.asset
 0.6 kb	 0.0% Assets/Resources/Pokemon_project_assets/pokemon_img/zubat_sb.asset
 0.6 kb	 0.0% Assets/Resources/Pokemon_project_assets/pokemon_img/zubat_b.asset
 0.6 kb	 0.0% Assets/Resources/Pokemon_project_assets/pokemon_img/dustox_s_intro.asset
 0.6 kb	 0.0% Assets/Resources/Pokemon_project_assets/pokemon_img/dustox_s.asset
 0.6 kb	 0.0% Assets/Resources/Pokemon_project_assets/pokemon_img/dustox_f.asset
 0.6 kb	 0.0% Assets/Resources/Pokemon_project_assets/pokemon_img/cascoon_sb.asset
 0.6 kb	 0.0% Assets/Resources/Pokemon_project_assets/pokemon_img/cascoon_b.asset
 0.6 kb	 0.0% Assets/Resources/Pokemon_project_assets/Pokemon_obj/Pokemon/Pikachu/Pikachu.asset
 0.6 kb	 0.0% Assets/Resources/Pokemon_project_assets/pokemon_img/trapinch_s_intro.asset
 0.6 kb	 0.0% Assets/Resources/Pokemon_project_assets/pokemon_img/trapinch_intro.asset
 0.6 kb	 0.0% Assets/Resources/Pokemon_project_assets/pokemon_img/pikachu_sb.asset
 0.6 kb	 0.0% Assets/Resources/Pokemon_project_assets/pokemon_img/pikachu_b.asset
 0.6 kb	 0.0% Assets/Resources/Pokemon_project_assets/pokemon_img/dustox_intro.asset
 0.6 kb	 0.0% Assets/Resources/Pokemon_project_assets/pokemon_img/silcoon_sb.asset
 0.6 kb	 0.0% Assets/Resources/Pokemon_project_assets/pokemon_img/silcoon_b.asset
 0.6 kb	 0.0% Assets/Resources/Pokemon_project_assets/pokemon_img/party_img/wurmple_1.asset
 0.6 kb	 0.0% Assets/Resources/Pokemon_project_assets/pokemon_img/party_img/vibrava_2.asset
 0.6 kb	 0.0% Assets/Resources/Pokemon_project_assets/pokemon_img/party_img/treecko_2.asset
 0.6 kb	 0.0% Assets/Resources/Pokemon_project_assets/pokemon_img/party_img/trapinch_2.asset
 0.6 kb	 0.0% Assets/Resources/Pokemon_project_assets/pokemon_img/party_img/silcoon_2.asset
 0.6 kb	 0.0% Assets/Resources/Pokemon_project_assets/pokemon_img/party_img/grovyle_2.asset
 0.6 kb	 0.0% Assets/Resources/Pokemon_project_assets/pokemon_img/party_img/grovyle_1.asset
 0.6 kb	 0.0% Assets/Resources/Pokemon_project_assets/pokemon_img/party_img/combusken_1.asset
 0.6 kb	 0.0% Assets/Resources/Pokemon_project_assets/pokemon_img/linoone_sb.asset
 0.6 kb	 0.0% Assets/Resources/Pokemon_project_assets/pokemon_img/linoone_b.asset
 0.6 kb	 0.0% Assets/Resources/Pokemon_project_assets/pokemon_img/party_img/zubat_2.asset
 0.6 kb	 0.0% Assets/Resources/Pokemon_project_assets/pokemon_img/party_img/raichu_2.asset
 0.6 kb	 0.0% Assets/Resources/Pokemon_project_assets/pokemon_img/party_img/mudkip_1.asset
 0.6 kb	 0.0% Assets/Resources/Pokemon_project_assets/pokemon_img/party_img/flygon_2.asset
 0.6 kb	 0.0% Assets/Resources/Pokemon_project_assets/pokemon_img/party_img/crobat_2.asset
 0.6 kb	 0.0% Assets/Resources/Pokemon_project_assets/Pokemon_obj/Pokemon/Trapinch/Trapinch.asset
 0.6 kb	 0.0% Assets/Resources/Pokemon_project_assets/pokemon_img/party_img/crobat_1.asset
 0.6 kb	 0.0% Assets/Resources/Pokemon_project_assets/pokemon_img/swampert_s_intro.asset
 0.6 kb	 0.0% Assets/Resources/Pokemon_project_assets/pokemon_img/swampert_intro.asset
 0.6 kb	 0.0% Assets/Resources/Pokemon_project_assets/pokemon_img/party_img/sceptile_2.asset
 0.6 kb	 0.0% Assets/Resources/Pokemon_project_assets/pokemon_img/crobat_s_intro.asset
 0.6 kb	 0.0% Assets/Resources/Pokemon_project_assets/pokemon_img/crobat_intro.asset
 0.6 kb	 0.0% Assets/Resources/Pokemon_project_assets/pokemon_img/vibrava_sb.asset
 0.6 kb	 0.0% Assets/Resources/Pokemon_project_assets/pokemon_img/vibrava_b.asset
 0.6 kb	 0.0% Assets/Resources/Pokemon_project_assets/pokemon_img/trapinch_sb.asset
 0.6 kb	 0.0% Assets/Resources/Pokemon_project_assets/pokemon_img/trapinch_s.asset
 0.6 kb	 0.0% Assets/Resources/Pokemon_project_assets/pokemon_img/trapinch_f.asset
 0.6 kb	 0.0% Assets/Resources/Pokemon_project_assets/pokemon_img/trapinch_b.asset
 0.6 kb	 0.0% Assets/Resources/Pokemon_project_assets/pokemon_img/party_img/swampert_2.asset
 0.6 kb	 0.0% Assets/Resources/Pokemon_project_assets/pokemon_img/party_img/silcoon_1.asset
 0.6 kb	 0.0% Assets/Resources/Pokemon_project_assets/pokemon_img/party_img/cascoon_1.asset
 0.6 kb	 0.0% Assets/Resources/Pokemon_project_assets/pokemon_img/party_img/beautifly_1.asset
 0.6 kb	 0.0% Assets/Resources/Pokemon_project_assets/Overwolrd_obj/Interactions/Berry Trees/Soil Bed.prefab
 0.6 kb	 0.0% Assets/Resources/Pokemon_project_assets/pokemon_img/party_img/zubat_1.asset
 0.6 kb	 0.0% Assets/Resources/Pokemon_project_assets/Pokemon_obj/Pokemon/Wurmple/Wurmple.asset
 0.5 kb	 0.0% Assets/Resources/Pokemon_project_assets/ui/Item_images/good rod.asset
 0.5 kb	 0.0% Assets/Resources/Pokemon_project_assets/pokemon_img/party_img/zigzagoon_2.asset
 0.5 kb	 0.0% Assets/Resources/Pokemon_project_assets/pokemon_img/party_img/beautifly_2.asset
 0.5 kb	 0.0% Assets/Resources/Pokemon_project_assets/pokemon_img/dustox_sb.asset
 0.5 kb	 0.0% Assets/Resources/Pokemon_project_assets/ui/Item_images/old rod.asset
 0.5 kb	 0.0% Assets/Resources/Pokemon_project_assets/pokemon_img/party_img/dustox_2.asset
 0.5 kb	 0.0% Assets/Resources/Pokemon_project_assets/pokemon_img/dustox_b.asset
 0.5 kb	 0.0% Assets/Resources/Pokemon_project_assets/Overwolrd_obj/Story Objectives/Props/pokeball.prefab
 0.5 kb	 0.0% Assets/Resources/Pokemon_project_assets/ui/Item_images/hondew berry.asset
 0.5 kb	 0.0% Assets/Resources/Pokemon_project_assets/ui/Item_images/energy powder.asset
 0.5 kb	 0.0% Assets/Resources/Pokemon_project_assets/ui/Item_images/wailmer pail.asset
 0.5 kb	 0.0% Assets/Resources/Pokemon_project_assets/ui/Item_images/ultra ball.asset
 0.5 kb	 0.0% Assets/Resources/Pokemon_project_assets/ui/Item_images/tamato berry.asset
 0.5 kb	 0.0% Assets/Resources/Pokemon_project_assets/ui/Item_images/master ball.asset
 0.5 kb	 0.0% Assets/Resources/Pokemon_project_assets/ui/Item_images/luxury ball.asset
 0.5 kb	 0.0% Assets/Resources/Pokemon_project_assets/ui/Item_images/heal powder.asset
 0.5 kb	 0.0% Assets/Resources/Pokemon_project_assets/ui/Item_images/pokeball.asset
 0.5 kb	 0.0% Assets/Resources/Pokemon_project_assets/ui/Item_images/nugget.asset
 0.5 kb	 0.0% Assets/Resources/Pokemon_project_assets/ui/Item_images/sitrus berry.asset
 0.5 kb	 0.0% Assets/Resources/Pokemon_project_assets/ui/Item_images/persim berry.asset
 0.5 kb	 0.0% Assets/Resources/Pokemon_project_assets/ui/Item_images/max potion.asset
 0.5 kb	 0.0% Assets/Resources/Pokemon_project_assets/ui/Item_images/lum berry.asset
 0.5 kb	 0.0% Assets/Resources/Pokemon_project_assets/ui/Item_images/great ball.asset
 0.5 kb	 0.0% Assets/Resources/Pokemon_project_assets/ui/Item_images/full restore.asset
 0.5 kb	 0.0% Assets/Resources/Pokemon_project_assets/ui/Item_images/escape rope.asset
 0.5 kb	 0.0% Assets/Resources/Pokemon_project_assets/ui/Item_images/choice band.asset
 0.5 kb	 0.0% Assets/Resources/Pokemon_project_assets/ui/Item_images/thunder stone.asset
 0.5 kb	 0.0% Assets/Resources/Pokemon_project_assets/ui/Item_images/paralyze heal.asset
 0.5 kb	 0.0% Assets/Resources/Pokemon_project_assets/ui/Item_images/soothe bell.asset
 0.5 kb	 0.0% Assets/Resources/Pokemon_project_assets/ui/Item_images/rawst berry.asset
 0.5 kb	 0.0% Assets/Resources/Pokemon_project_assets/ui/Item_images/rare candy.asset
 0.5 kb	 0.0% Assets/Resources/Pokemon_project_assets/ui/Item_images/psychic tm.asset
 0.5 kb	 0.0% Assets/Resources/Pokemon_project_assets/ui/Item_images/psychic hm.asset
 0.5 kb	 0.0% Assets/Resources/Pokemon_project_assets/ui/Item_images/pomeg berry.asset
 0.5 kb	 0.0% Assets/Resources/Pokemon_project_assets/ui/Item_images/poison tm.asset
 0.5 kb	 0.0% Assets/Resources/Pokemon_project_assets/ui/Item_images/poison hm.asset
 0.5 kb	 0.0% Assets/Resources/Pokemon_project_assets/ui/Item_images/pecha berry.asset
 0.5 kb	 0.0% Assets/Resources/Pokemon_project_assets/ui/Item_images/oran berry.asset
 0.5 kb	 0.0% Assets/Resources/Pokemon_project_assets/ui/Item_images/normal tm.asset
 0.5 kb	 0.0% Assets/Resources/Pokemon_project_assets/ui/Item_images/normal hm.asset
 0.5 kb	 0.0% Assets/Resources/Pokemon_project_assets/ui/Item_images/max revive.asset
 0.5 kb	 0.0% Assets/Resources/Pokemon_project_assets/ui/Item_images/leppa berry.asset
 0.5 kb	 0.0% Assets/Resources/Pokemon_project_assets/ui/Item_images/kelpsy berry.asset
 0.5 kb	 0.0% Assets/Resources/Pokemon_project_assets/ui/Item_images/ground tm.asset
 0.5 kb	 0.0% Assets/Resources/Pokemon_project_assets/ui/Item_images/ground hm.asset
 0.5 kb	 0.0% Assets/Resources/Pokemon_project_assets/ui/Item_images/full heal.asset
 0.5 kb	 0.0% Assets/Resources/Pokemon_project_assets/ui/Item_images/flying tm.asset
 0.5 kb	 0.0% Assets/Resources/Pokemon_project_assets/ui/Item_images/flying hm.asset
 0.5 kb	 0.0% Assets/Resources/Pokemon_project_assets/ui/Item_images/fighting tm.asset
 0.5 kb	 0.0% Assets/Resources/Pokemon_project_assets/ui/Item_images/fighting hm.asset
 0.5 kb	 0.0% Assets/Resources/Pokemon_project_assets/ui/Item_images/electric tm.asset
 0.5 kb	 0.0% Assets/Resources/Pokemon_project_assets/ui/Item_images/electric hm.asset
 0.5 kb	 0.0% Assets/Resources/Pokemon_project_assets/ui/Item_images/dragon tm.asset
 0.5 kb	 0.0% Assets/Resources/Pokemon_project_assets/ui/Item_images/dragon hm.asset
 0.5 kb	 0.0% Assets/Resources/Pokemon_project_assets/ui/Item_images/burn heal.asset
 0.5 kb	 0.0% Assets/Resources/Pokemon_project_assets/ui/Item_images/awakening.asset
 0.5 kb	 0.0% Assets/Resources/Pokemon_project_assets/ui/Item_images/amulet coin.asset
 0.5 kb	 0.0% Assets/Resources/Pokemon_project_assets/ui/Item_images/x special attack.asset
 0.5 kb	 0.0% Assets/Resources/Pokemon_project_assets/ui/Item_images/water tm.asset
 0.5 kb	 0.0% Assets/Resources/Pokemon_project_assets/ui/Item_images/water hm.asset
 0.5 kb	 0.0% Assets/Resources/Pokemon_project_assets/ui/Item_images/steel tm.asset
 0.5 kb	 0.0% Assets/Resources/Pokemon_project_assets/ui/Item_images/steel hm.asset
 0.5 kb	 0.0% Assets/Resources/Pokemon_project_assets/ui/Item_images/rock tm.asset
 0.5 kb	 0.0% Assets/Resources/Pokemon_project_assets/ui/Item_images/rock hm.asset
 0.5 kb	 0.0% Assets/Resources/Pokemon_project_assets/ui/Item_images/revive.asset
 0.5 kb	 0.0% Assets/Resources/Pokemon_project_assets/ui/Item_images/ice tm.asset
 0.5 kb	 0.0% Assets/Resources/Pokemon_project_assets/ui/Item_images/ice hm.asset
 0.5 kb	 0.0% Assets/Resources/Pokemon_project_assets/ui/Item_images/ice heal.asset
 0.5 kb	 0.0% Assets/Resources/Pokemon_project_assets/ui/Item_images/grass tm.asset
 0.5 kb	 0.0% Assets/Resources/Pokemon_project_assets/ui/Item_images/grass hm.asset
 0.5 kb	 0.0% Assets/Resources/Pokemon_project_assets/ui/Item_images/ghost tm.asset
 0.5 kb	 0.0% Assets/Resources/Pokemon_project_assets/ui/Item_images/ghost hm.asset
 0.5 kb	 0.0% Assets/Resources/Pokemon_project_assets/ui/Item_images/fire tm.asset
 0.5 kb	 0.0% Assets/Resources/Pokemon_project_assets/ui/Item_images/fire hm.asset
 0.5 kb	 0.0% Assets/Resources/Pokemon_project_assets/ui/Item_images/dark tm.asset
 0.5 kb	 0.0% Assets/Resources/Pokemon_project_assets/ui/Item_images/dark hm.asset
 0.5 kb	 0.0% Assets/Resources/Pokemon_project_assets/ui/Item_images/antidote.asset
 0.5 kb	 0.0% Assets/Resources/Pokemon_project_assets/ui/Item_images/x defense.asset
 0.5 kb	 0.0% Assets/Resources/Pokemon_project_assets/ui/Item_images/x accuracy.asset
 0.5 kb	 0.0% Assets/Resources/Pokemon_project_assets/ui/Item_images/super rod.asset
 0.5 kb	 0.0% Assets/Resources/Pokemon_project_assets/ui/Item_images/revival herb.asset
 0.5 kb	 0.0% Assets/Resources/Pokemon_project_assets/ui/Item_images/qualot berry.asset
 0.5 kb	 0.0% Assets/Resources/Pokemon_project_assets/ui/Item_images/lucky egg.asset
 0.5 kb	 0.0% Assets/Resources/Pokemon_project_assets/ui/Item_images/guard spec.asset
 0.5 kb	 0.0% Assets/Resources/Pokemon_project_assets/ui/Item_images/grepa berry.asset
 0.5 kb	 0.0% Assets/Resources/Pokemon_project_assets/ui/Item_images/energy root.asset
 0.5 kb	 0.0% Assets/Resources/Pokemon_project_assets/ui/Item_images/cherri berry.asset
 0.5 kb	 0.0% Assets/Resources/Pokemon_project_assets/ui/Item_images/x speed.asset
 0.5 kb	 0.0% Assets/Resources/Pokemon_project_assets/ui/Item_images/x attack.asset
 0.5 kb	 0.0% Assets/Resources/Pokemon_project_assets/ui/Item_images/dire hit.asset
 0.5 kb	 0.0% Assets/Resources/Pokemon_project_assets/Overwolrd_obj/Story Objectives/Props/Obstruction.prefab
 0.5 kb	 0.0% Assets/Resources/Pokemon_project_assets/ui/Item_images/super repel.asset
 0.5 kb	 0.0% Assets/Resources/Pokemon_project_assets/ui/Item_images/super potion.asset
 0.5 kb	 0.0% Assets/Resources/Pokemon_project_assets/ui/Item_images/max repel.asset
 0.5 kb	 0.0% Assets/Resources/Pokemon_project_assets/ui/Item_images/max ether.asset
 0.5 kb	 0.0% Assets/Resources/Pokemon_project_assets/ui/Item_images/hyper potion.asset
 0.5 kb	 0.0% Assets/Resources/Pokemon_project_assets/ui/Item_images/exp share.asset
 0.5 kb	 0.0% Assets/Resources/Pokemon_project_assets/ui/Item_images/chesto berry.asset
 0.5 kb	 0.0% Assets/Resources/Pokemon_project_assets/ui/Item_images/bike.asset
 0.5 kb	 0.0% Assets/Resources/Pokemon_project_assets/ui/Item_images/aspear berry.asset
 0.5 kb	 0.0% Assets/Resources/Pokemon_project_assets/Pokemon_obj/Status/paralysis.asset
 0.5 kb	 0.0% Assets/Resources/Pokemon_project_assets/Pokemon_obj/Status/badlypoison.asset
 0.4 kb	 0.0% Assets/Resources/Pokemon_project_assets/ui/water.asset
 0.4 kb	 0.0% Assets/Resources/Pokemon_project_assets/ui/steel.asset
 0.4 kb	 0.0% Assets/Resources/Pokemon_project_assets/ui/psychic.asset
 0.4 kb	 0.0% Assets/Resources/Pokemon_project_assets/ui/poison.asset
 0.4 kb	 0.0% Assets/Resources/Pokemon_project_assets/ui/normal.asset
 0.4 kb	 0.0% Assets/Resources/Pokemon_project_assets/ui/ground.asset
 0.4 kb	 0.0% Assets/Resources/Pokemon_project_assets/ui/grass.asset
 0.4 kb	 0.0% Assets/Resources/Pokemon_project_assets/ui/ghost.asset
 0.4 kb	 0.0% Assets/Resources/Pokemon_project_assets/ui/flying.asset
 0.4 kb	 0.0% Assets/Resources/Pokemon_project_assets/ui/fighting.asset
 0.4 kb	 0.0% Assets/Resources/Pokemon_project_assets/ui/female.asset
 0.4 kb	 0.0% Assets/Resources/Pokemon_project_assets/ui/electric.asset
 0.4 kb	 0.0% Assets/Resources/Pokemon_project_assets/ui/dragon.asset
 0.4 kb	 0.0% Assets/Resources/Pokemon_project_assets/ui/Item_images/repel.asset
 0.4 kb	 0.0% Assets/Resources/Pokemon_project_assets/ui/Item_images/protein.asset
 0.4 kb	 0.0% Assets/Resources/Pokemon_project_assets/ui/Item_images/pp up.asset
 0.4 kb	 0.0% Assets/Resources/Pokemon_project_assets/ui/Item_images/pp max.asset
 0.4 kb	 0.0% Assets/Resources/Pokemon_project_assets/ui/Item_images/potion.asset
 0.4 kb	 0.0% Assets/Resources/Pokemon_project_assets/ui/Item_images/hp up.asset
 0.4 kb	 0.0% Assets/Resources/Pokemon_project_assets/ui/Item_images/ether.asset
 0.4 kb	 0.0% Assets/Resources/Pokemon_project_assets/ui/Item_images/carbos.asset
 0.4 kb	 0.0% Assets/Resources/Pokemon_project_assets/ui/Item_images/calcium.asset
 0.4 kb	 0.0% Assets/Resources/Pokemon_project_assets/Pokemon_obj/Status/sleep.asset
 0.4 kb	 0.0% Assets/Resources/Pokemon_project_assets/Pokemon_obj/Status/poison.asset
 0.4 kb	 0.0% Assets/Resources/Pokemon_project_assets/Pokemon_obj/Status/freeze.asset
 0.4 kb	 0.0% Assets/Resources/Pokemon_project_assets/Pokemon_obj/Status/fainted.asset
 0.4 kb	 0.0% Assets/Resources/Pokemon_project_assets/ui/rock.asset
 0.4 kb	 0.0% Assets/Resources/Pokemon_project_assets/ui/male.asset
 0.4 kb	 0.0% Assets/Resources/Pokemon_project_assets/ui/ice.asset
 0.4 kb	 0.0% Assets/Resources/Pokemon_project_assets/ui/fire.asset
 0.4 kb	 0.0% Assets/Resources/Pokemon_project_assets/ui/dark.asset
 0.4 kb	 0.0% Assets/Resources/Pokemon_project_assets/ui/bug.asset
 0.4 kb	 0.0% Assets/Resources/Pokemon_project_assets/ui/Item_images/zinc.asset
 0.4 kb	 0.0% Assets/Resources/Pokemon_project_assets/ui/Item_images/iron.asset
 0.4 kb	 0.0% Assets/Resources/Pokemon_project_assets/Pokemon_obj/Status/burn.asset
 0.4 kb	 0.0% Built-in Sprite: 
 0.4 kb	 0.0% Assets/Resources/Pokemon_project_assets/Overwolrd_obj/Animated/fountain.controller
 0.4 kb	 0.0% Assets/Resources/Pokemon_project_assets/Tests/End To End/Exp Share Test/Test Data.asset
 0.4 kb	 0.0% Assets/Resources/Pokemon_project_assets/Pokemon_obj/Moves/whirlpool.asset
 0.4 kb	 0.0% Assets/Resources/Pokemon_project_assets/Pokemon_obj/Moves/sand tomb.asset
 0.4 kb	 0.0% Assets/Resources/Pokemon_project_assets/Pokemon_obj/Moves/fire spin.asset
 0.4 kb	 0.0% Assets/Resources/Pokemon_project_assets/Pokemon_obj/Pokemon/Mudkip/Marshtomp.asset
 0.4 kb	 0.0% Assets/Resources/Pokemon_project_assets/Pokemon_obj/Pokemon/Torchic/Combusken.asset
 0.4 kb	 0.0% Assets/Resources/Pokemon_project_assets/Pokemon_obj/Pokemon/Torchic/Blaziken.asset
 0.4 kb	 0.0% Assets/Resources/Pokemon_project_assets/Pokemon_obj/Pokemon/Mudkip/Swampert.asset
 0.4 kb	 0.0% Assets/Resources/Pokemon_project_assets/Tests/End To End/Herb Item Test/Test Data.asset
 0.4 kb	 0.0% Assets/Resources/Pokemon_project_assets/Tests/End To End/Move Lock Test/Test Data.asset
 0.4 kb	 0.0% Assets/Resources/Pokemon_project_assets/Tests/Integration/Whirlwind Double Battle Test/Test Data.asset
 0.4 kb	 0.0% Assets/Resources/Pokemon_project_assets/Tests/Integration/On Field Damage Modification Test/Test Data.asset
 0.4 kb	 0.0% Assets/Resources/Pokemon_project_assets/Pokemon_obj/Pokemon/Zigzagoon/Linoone.asset
 0.3 kb	 0.0% Assets/Resources/Pokemon_project_assets/Pokemon_obj/Pokemon/Trapinch/Vibrava.asset
 0.3 kb	 0.0% Assets/Resources/Pokemon_project_assets/Pokemon_obj/Pokemon/Trapinch/Flygon.asset
 0.3 kb	 0.0% Assets/Resources/Pokemon_project_assets/Tests/Integration/Pursuit Double Target Test/Test Data.asset
 0.3 kb	 0.0% Assets/Resources/Pokemon_project_assets/Tests/End To End/Guard Spec Item Test/Test Data.asset
 0.3 kb	 0.0% Assets/Resources/Pokemon_project_assets/Pokemon_obj/Pokemon/Zubat/Golbat.asset
 0.3 kb	 0.0% Assets/Resources/Pokemon_project_assets/Pokemon_obj/Pokemon/Zubat/Crobat.asset
 0.3 kb	 0.0% Assets/Resources/Pokemon_project_assets/Tests/Integration/Choice Band Test/Test Data.asset
 0.3 kb	 0.0% Assets/Resources/Pokemon_project_assets/Tests/End To End/Revive Battle Test/Test Data.asset
 0.3 kb	 0.0% Assets/Resources/Pokemon_project_assets/Pokemon_obj/Pokemon/Treecko/Sceptile.asset
 0.3 kb	 0.0% Assets/Resources/Pokemon_project_assets/Pokemon_obj/Pokemon/Treecko/Grovyle.asset
 0.3 kb	 0.0% Assets/Resources/Pokemon_project_assets/Pokemon_obj/Pokemon/Wurmple/Beautifly.asset
 0.3 kb	 0.0% Assets/Resources/Pokemon_project_assets/Tests/Integration/Trap Effect Test/Test Data.asset
 0.3 kb	 0.0% Assets/Resources/Pokemon_project_assets/Tests/Integration/Semi Invulnerability Double Battle Test/Test Data.asset
 0.3 kb	 0.0% Assets/Resources/Pokemon_project_assets/Tests/Integration/Identify Target Test/Test Data.asset
 0.3 kb	 0.0% Assets/Resources/Pokemon_project_assets/Tests/Integration/Create Barrier Test/Test Data.asset
 0.3 kb	 0.0% Assets/Resources/Pokemon_project_assets/Tests/Integration/Multi Target Damage Test/Test Data.asset
 0.3 kb	 0.0% Assets/Resources/Pokemon_project_assets/Items/Choice Band.asset
 0.3 kb	 0.0% Assets/Resources/Pokemon_project_assets/Tests/Integration/Pursuit Test/Test Data.asset
 0.3 kb	 0.0% Assets/Resources/Pokemon_project_assets/Tests/Integration/Infatuation Effect Test/Test Data.asset
 0.3 kb	 0.0% Assets/Resources/Pokemon_project_assets/Pokemon_obj/Moves/light screen.asset
 0.3 kb	 0.0% Assets/Resources/Pokemon_project_assets/Items/Super Rod.asset
 0.3 kb	 0.0% Assets/Resources/Pokemon_project_assets/Items/Luxury Ball.asset
 0.3 kb	 0.0% Assets/Resources/Pokemon_project_assets/Pokemon_obj/Pokemon/Wurmple/Dustox.asset
 0.3 kb	 0.0% Assets/Resources/Pokemon_project_assets/Pokemon_obj/Moves/reflect.asset
 0.3 kb	 0.0% Assets/Resources/Pokemon_project_assets/Tests/Integration/Semi Invulnerability Single Battle Test/Test Data.asset
 0.3 kb	 0.0% Assets/Resources/Pokemon_project_assets/Pokemon_obj/Moves/odor sleuth.asset
 0.3 kb	 0.0% Assets/Resources/Pokemon_project_assets/Pokemon_obj/Moves/mean look.asset
 0.3 kb	 0.0% Assets/Resources/Pokemon_project_assets/Items/Good Rod.asset
 0.3 kb	 0.0% Assets/TextMesh Pro/Resources/LineBreaking Following Characters.txt
 0.3 kb	 0.0% Assets/Resources/Pokemon_project_assets/Items/Old Rod.asset
 0.3 kb	 0.0% Assets/Resources/Pokemon_project_assets/Pokemon_obj/Moves/sonic boom.asset
 0.3 kb	 0.0% Assets/Resources/Pokemon_project_assets/Tests/End To End/Berry Item Test/Test Data.asset
 0.3 kb	 0.0% Assets/Resources/Pokemon_project_assets/Items/Lucky Egg.asset
 0.3 kb	 0.0% Assets/Resources/Pokemon_project_assets/Overwolrd_obj/Encounters/Player Garden Pond.asset
 0.3 kb	 0.0% Assets/Resources/Pokemon_project_assets/Pokemon_obj/Moves/morning sun.asset
 0.3 kb	 0.0% Assets/Resources/Pokemon_project_assets/Pokemon_obj/Moves/moonlight.asset
 0.3 kb	 0.0% Assets/Resources/Pokemon_project_assets/Pokemon_obj/Moves/mud sport.asset
 0.3 kb	 0.0% Assets/Resources/Pokemon_project_assets/Items/Amulet Coin.asset
 0.3 kb	 0.0% Assets/Resources/Pokemon_project_assets/Tests/End To End/Potion Test/Test Data.asset
 0.3 kb	 0.0% Assets/Resources/Pokemon_project_assets/Pokemon_obj/Moves/take down.asset
 0.3 kb	 0.0% Assets/TextMesh Pro/Resources/TMP Settings.asset
 0.3 kb	 0.0% Assets/Resources/Pokemon_project_assets/Tests/Integration/Weather Damage Test/Test Data.asset
 0.3 kb	 0.0% Assets/Resources/Pokemon_project_assets/Pokemon_obj/Pokemon/Pikachu/Raichu.asset
 0.3 kb	 0.0% Assets/Resources/Pokemon_project_assets/Pokemon_obj/Moves/water sport.asset
 0.3 kb	 0.0% Assets/Resources/Pokemon_project_assets/Pokemon_obj/Moves/hyper beam.asset
 0.3 kb	 0.0% Assets/Resources/Pokemon_project_assets/Pokemon_obj/Moves/double team.asset
 0.3 kb	 0.0% Assets/Resources/Pokemon_project_assets/Overwolrd_obj/Interactions/NPCs/Rocket Grunt.asset
 0.3 kb	 0.0% Assets/Resources/Pokemon_project_assets/Overwolrd_obj/Interactions/Berry Trees/Berry Data/Tamato berry Data.asset
 0.3 kb	 0.0% Assets/Resources/Pokemon_project_assets/Overwolrd_obj/Interactions/Berry Trees/Berry Data/Sitrus berry Data.asset
 0.3 kb	 0.0% Assets/Resources/Pokemon_project_assets/Overwolrd_obj/Interactions/Berry Trees/Berry Data/Qualot berry Data.asset
 0.3 kb	 0.0% Assets/Resources/Pokemon_project_assets/Overwolrd_obj/Interactions/Berry Trees/Berry Data/Persim berry Data.asset
 0.3 kb	 0.0% Assets/Resources/Pokemon_project_assets/Overwolrd_obj/Interactions/Berry Trees/Berry Data/Kelpsy berry Data.asset
 0.3 kb	 0.0% Assets/Resources/Pokemon_project_assets/Overwolrd_obj/Interactions/Berry Trees/Berry Data/Hondew berry Data.asset
 0.3 kb	 0.0% Assets/Resources/Pokemon_project_assets/Overwolrd_obj/Interactions/Berry Trees/Berry Data/Chesto berry Data.asset
 0.3 kb	 0.0% Assets/Resources/Pokemon_project_assets/Overwolrd_obj/Interactions/Berry Trees/Berry Data/Cherri berry Data.asset
 0.3 kb	 0.0% Assets/Resources/Pokemon_project_assets/Overwolrd_obj/Interactions/Berry Trees/Berry Data/Aspear berry Data.asset
 0.3 kb	 0.0% Assets/Resources/Pokemon_project_assets/Pokemon_obj/Moves/dragon breath.asset
 0.3 kb	 0.0% Assets/Resources/Pokemon_project_assets/Overwolrd_obj/Interactions/Berry Trees/Berry Data/Rawst berry Data.asset
 0.3 kb	 0.0% Assets/Resources/Pokemon_project_assets/Overwolrd_obj/Interactions/Berry Trees/Berry Data/Pomeg berry Data.asset
 0.3 kb	 0.0% Assets/Resources/Pokemon_project_assets/Overwolrd_obj/Interactions/Berry Trees/Berry Data/Pecha berry Data.asset
 0.3 kb	 0.0% Assets/Resources/Pokemon_project_assets/Overwolrd_obj/Interactions/Berry Trees/Berry Data/Oran berry Data.asset
 0.3 kb	 0.0% Assets/Resources/Pokemon_project_assets/Overwolrd_obj/Interactions/Berry Trees/Berry Data/Lum berry Data.asset
 0.3 kb	 0.0% Assets/Resources/Pokemon_project_assets/Overwolrd_obj/Interactions/Berry Trees/Berry Data/Leppa berry Data.asset
 0.3 kb	 0.0% Assets/Resources/Pokemon_project_assets/Overwolrd_obj/Interactions/Berry Trees/Berry Data/Grepa berry Data.asset
 0.3 kb	 0.0% Assets/Resources/Pokemon_project_assets/Tests/Integration/Whirlwind Trainer Battle Test/Test Data.asset
 0.3 kb	 0.0% Assets/Resources/Pokemon_project_assets/Pokemon_obj/Moves/screech.asset
 0.3 kb	 0.0% Assets/Resources/Pokemon_project_assets/Pokemon_obj/Moves/sand-attack.asset
 0.3 kb	 0.0% Assets/Resources/Pokemon_project_assets/Pokemon_obj/Moves/muddy water.asset
 0.3 kb	 0.0% Assets/Resources/Pokemon_project_assets/Pokemon_obj/Moves/focus energy.asset
 0.3 kb	 0.0% Assets/Resources/Pokemon_project_assets/Overwolrd_obj/Poke_Mart_Data/Coastal City Items.asset
 0.3 kb	 0.0% Assets/Resources/Pokemon_project_assets/Items/Energy Powder.asset
 0.3 kb	 0.0% Assets/Resources/Pokemon_project_assets/Tests/End To End/Status Effect Item Test/Test Data.asset
 0.3 kb	 0.0% Assets/Resources/Pokemon_project_assets/Pokemon_obj/Moves/string shot.asset
 0.3 kb	 0.0% Assets/Resources/Pokemon_project_assets/Pokemon_obj/Moves/fury swipes.asset
 0.3 kb	 0.0% Assets/Resources/Pokemon_project_assets/Pokemon_obj/Moves/bulk up.asset
 0.3 kb	 0.0% Assets/Resources/Pokemon_project_assets/Items/Ultra Ball.asset
 0.3 kb	 0.0% Assets/Resources/Pokemon_project_assets/Items/TM28.asset
 0.3 kb	 0.0% Assets/Resources/Pokemon_project_assets/Items/TM13.asset
 0.2 kb	 0.0% Assets/Resources/Pokemon_project_assets/Pokemon_obj/Moves/thunderbolt.asset
 0.2 kb	 0.0% Assets/Resources/Pokemon_project_assets/Pokemon_obj/Moves/thunder.asset
 0.2 kb	 0.0% Assets/Resources/Pokemon_project_assets/Pokemon_obj/Moves/tail whip.asset
 0.2 kb	 0.0% Assets/Resources/Pokemon_project_assets/Pokemon_obj/Moves/sunny day.asset
 0.2 kb	 0.0% Assets/Resources/Pokemon_project_assets/Pokemon_obj/Moves/sleep powder.asset
 0.2 kb	 0.0% Assets/Resources/Pokemon_project_assets/Pokemon_obj/Moves/sandstorm.asset
 0.2 kb	 0.0% Assets/Resources/Pokemon_project_assets/Pokemon_obj/Moves/mud-slap.asset
 0.2 kb	 0.0% Assets/Resources/Pokemon_project_assets/Pokemon_obj/Moves/mirror move.asset
 0.2 kb	 0.0% Assets/Resources/Pokemon_project_assets/Pokemon_obj/Moves/fury cutter.asset
 0.2 kb	 0.0% Assets/Resources/Pokemon_project_assets/Pokemon_obj/Moves/foresight.asset
 0.2 kb	 0.0% Assets/Resources/Pokemon_project_assets/Pokemon_obj/Moves/endeavor.asset
 0.2 kb	 0.0% Assets/Resources/Pokemon_project_assets/Pokemon_obj/Moves/crunch.asset
 0.2 kb	 0.0% Assets/Resources/Pokemon_project_assets/Pokemon_obj/Moves/bullet seed.asset
 0.2 kb	 0.0% Assets/Resources/Pokemon_project_assets/Pokemon_obj/Moves/brick break.asset
 0.2 kb	 0.0% Assets/Resources/Pokemon_project_assets/Items/Great Ball.asset
 0.2 kb	 0.0% Assets/Resources/Pokemon_project_assets/Items/Exp Share.asset
 0.2 kb	 0.0% Assets/Resources/Pokemon_project_assets/Items/Energy Root.asset
 0.2 kb	 0.0% Assets/Resources/Pokemon_project_assets/Tests/End To End/Pokeball Test/Test Data.asset
 0.2 kb	 0.0% Assets/Resources/Pokemon_project_assets/Pokemon_obj/Moves/thundershock.asset
 0.2 kb	 0.0% Assets/Resources/Pokemon_project_assets/Pokemon_obj/Moves/poison fang.asset
 0.2 kb	 0.0% Assets/Resources/Pokemon_project_assets/Pokemon_obj/Moves/hydro pump.asset
 0.2 kb	 0.0% Assets/Resources/Pokemon_project_assets/Pokemon_obj/Moves/flamethrower.asset
 0.2 kb	 0.0% Assets/Resources/Pokemon_project_assets/Pokemon_obj/Moves/false swipe.asset
 0.2 kb	 0.0% Assets/Resources/Pokemon_project_assets/Items/TM15.asset
 0.2 kb	 0.0% Assets/Resources/Pokemon_project_assets/Items/Escape Rope.asset
 0.2 kb	 0.0% Assets/Tiles/npc/Game Boy Advance - Pokemon FireRed _ LeafGreen - Trainers & Non-Playable Characters - Overworld NPCs_145.asset
 0.2 kb	 0.0% Assets/Resources/Pokemon_project_assets/Tests/Integration/Status Effect Test/Test Data.asset
 0.2 kb	 0.0% Assets/Resources/Pokemon_project_assets/Tests/Integration/Inner Focus Test/Test Data.asset
 0.2 kb	 0.0% Assets/Resources/Pokemon_project_assets/Tests/Integration/Brick Break Test/Test Data.asset
 0.2 kb	 0.0% Assets/Resources/Pokemon_project_assets/Tests/End To End/Evolution In Battle Test/Test Data.asset
 0.2 kb	 0.0% Assets/Resources/Pokemon_project_assets/Pokemon_obj/Moves/stun spore.asset
 0.2 kb	 0.0% Assets/Resources/Pokemon_project_assets/Pokemon_obj/Moves/slash.asset
 0.2 kb	 0.0% Assets/Resources/Pokemon_project_assets/Pokemon_obj/Moves/sky uppercut.asset
 0.2 kb	 0.0% Assets/Resources/Pokemon_project_assets/Pokemon_obj/Moves/silverwind.asset
 0.2 kb	 0.0% Assets/Resources/Pokemon_project_assets/Pokemon_obj/Moves/rain dance.asset
 0.2 kb	 0.0% Assets/Resources/Pokemon_project_assets/Pokemon_obj/Moves/pursuit.asset
 0.2 kb	 0.0% Assets/Resources/Pokemon_project_assets/Pokemon_obj/Moves/mud shot.asset
 0.2 kb	 0.0% Assets/Resources/Pokemon_project_assets/Pokemon_obj/Moves/magnitude.asset
 0.2 kb	 0.0% Assets/Resources/Pokemon_project_assets/Pokemon_obj/Moves/growl.asset
 0.2 kb	 0.0% Assets/Resources/Pokemon_project_assets/Pokemon_obj/Moves/covet.asset
 0.2 kb	 0.0% Assets/Resources/Pokemon_project_assets/Pokemon_obj/Moves/confusion.asset
 0.2 kb	 0.0% Assets/Resources/Pokemon_project_assets/Pokemon_obj/Moves/air cutter.asset
 0.2 kb	 0.0% Assets/Resources/Pokemon_project_assets/Pokemon_obj/Moves/aerial ace.asset
 0.2 kb	 0.0% Assets/Resources/Pokemon_project_assets/Items/TM31.asset
 0.2 kb	 0.0% Assets/Resources/Pokemon_project_assets/Items/TM19.asset
 0.2 kb	 0.0% Assets/Resources/Pokemon_project_assets/Tests/Integration/Status Effect Damage Buff Test/Test Data.asset
 0.2 kb	 0.0% Assets/Resources/Pokemon_project_assets/Tests/Integration/Silverwind Swap Test/Test Data.asset
 0.2 kb	 0.0% Assets/Resources/Pokemon_project_assets/Tests/Integration/Mirror Move Test/Test Data.asset
 0.2 kb	 0.0% Assets/Resources/Pokemon_project_assets/Tests/Integration/Hyper Beam Test/Test Data.asset
 0.2 kb	 0.0% Assets/Resources/Pokemon_project_assets/Tests/Integration/Haze Test/Test Data.asset
 0.2 kb	 0.0% Assets/Resources/Pokemon_project_assets/Tests/Integration/Flinch Effect Test/Test Data.asset
 0.2 kb	 0.0% Assets/Resources/Pokemon_project_assets/Tests/End To End/X Item Test/Test Data.asset
 0.2 kb	 0.0% Assets/Resources/Pokemon_project_assets/Tests/End To End/Exp Gain Test/Test Data.asset
 0.2 kb	 0.0% Assets/Resources/Pokemon_project_assets/Pokemon_obj/Moves/toxic.asset
 0.2 kb	 0.0% Assets/Resources/Pokemon_project_assets/Pokemon_obj/Moves/thunder wave.asset
 0.2 kb	 0.0% Assets/Resources/Pokemon_project_assets/Pokemon_obj/Moves/leaf blade.asset
 0.2 kb	 0.0% Assets/Resources/Pokemon_project_assets/Pokemon_obj/Moves/ice beam.asset
 0.2 kb	 0.0% Assets/Resources/Pokemon_project_assets/Pokemon_obj/Moves/haze.asset
 0.2 kb	 0.0% Assets/Resources/Pokemon_project_assets/Pokemon_obj/Moves/gust.asset
 0.2 kb	 0.0% Assets/Resources/Pokemon_project_assets/Pokemon_obj/Moves/flail.asset
 0.2 kb	 0.0% Assets/Resources/Pokemon_project_assets/Pokemon_obj/Moves/blaze kick.asset
 0.2 kb	 0.0% Assets/Resources/Pokemon_project_assets/Pokemon_obj/Moves/belly drum.asset
 0.2 kb	 0.0% Assets/Resources/Pokemon_project_assets/Pokemon_obj/Moves/agility.asset
 0.2 kb	 0.0% Assets/Resources/Pokemon_project_assets/Pokemon_obj/Moves/Psybeam.asset
 0.2 kb	 0.0% Assets/Resources/Pokemon_project_assets/Items/TM35.asset
 0.2 kb	 0.0% Assets/Resources/Pokemon_project_assets/Items/TM26.asset
 0.2 kb	 0.0% Assets/Resources/Pokemon_project_assets/Items/TM25.asset
 0.2 kb	 0.0% Assets/Resources/Pokemon_project_assets/Items/TM09.asset
 0.2 kb	 0.0% Assets/Resources/Pokemon_project_assets/Items/Super Repel.asset
 0.2 kb	 0.0% Assets/Resources/Pokemon_project_assets/Items/Max Repel.asset
 0.2 kb	 0.0% Assets/Resources/Pokemon_project_assets/Items/HM03.asset
 0.2 kb	 0.0% Assets/Resources/Pokemon_project_assets/Tests/Integration/Health Based Damage Buff Test/Test Data.asset
 0.2 kb	 0.0% Assets/Resources/Pokemon_project_assets/Pokemon_obj/Moves/rest.asset
 0.2 kb	 0.0% Assets/Resources/Pokemon_project_assets/Pokemon_obj/Moves/quick attack.asset
 0.2 kb	 0.0% Assets/Resources/Pokemon_project_assets/Pokemon_obj/Moves/pin missile.asset
 0.2 kb	 0.0% Assets/Resources/Pokemon_project_assets/Pokemon_obj/Moves/mega drain.asset
 0.2 kb	 0.0% Assets/Resources/Pokemon_project_assets/Pokemon_obj/Moves/leer.asset
 0.2 kb	 0.0% Assets/Resources/Pokemon_project_assets/Pokemon_obj/Moves/harden.asset
 0.2 kb	 0.0% Assets/Resources/Pokemon_project_assets/Items/TM40.asset
 0.2 kb	 0.0% Assets/Resources/Pokemon_project_assets/Items/TM18.asset
 0.2 kb	 0.0% Assets/Resources/Pokemon_project_assets/Items/TM08.asset
 0.2 kb	 0.0% Assets/Resources/Pokemon_project_assets/Items/Soothe Bell.asset
 0.2 kb	 0.0% Assets/Resources/Pokemon_project_assets/Items/HM02.asset
 0.2 kb	 0.0% Assets/Resources/Pokemon_project_assets/Tests/Integration/Stat Change Application Test/Test Data.asset
 0.2 kb	 0.0% Assets/Resources/Pokemon_project_assets/Tests/EndToEndBattleItemUsageTestTemplate/Test Data.asset
 0.2 kb	 0.0% Assets/Resources/Pokemon_project_assets/Pokemon_obj/Moves/wing attack.asset
 0.2 kb	 0.0% Assets/Resources/Pokemon_project_assets/Pokemon_obj/Moves/whirlwind.asset
 0.2 kb	 0.0% Assets/Resources/Pokemon_project_assets/Pokemon_obj/Moves/water gun.asset
 0.2 kb	 0.0% Assets/Resources/Pokemon_project_assets/Pokemon_obj/Moves/supersonic.asset
 0.2 kb	 0.0% Assets/Resources/Pokemon_project_assets/Pokemon_obj/Moves/hail.asset
 0.2 kb	 0.0% Assets/Resources/Pokemon_project_assets/Pokemon_obj/Moves/giga drain.asset
 0.2 kb	 0.0% Assets/Resources/Pokemon_project_assets/Pokemon_obj/Moves/fire punch.asset
 0.2 kb	 0.0% Assets/Resources/Pokemon_project_assets/Pokemon_obj/Moves/faint attack.asset
 0.2 kb	 0.0% Assets/Resources/Pokemon_project_assets/Items/TM37.asset
 0.2 kb	 0.0% Assets/Resources/Pokemon_project_assets/Items/TM24.asset
 0.2 kb	 0.0% Assets/Resources/Pokemon_project_assets/Items/TM06.asset
 0.2 kb	 0.0% Assets/Resources/Pokemon_project_assets/Items/Repel.asset
 0.2 kb	 0.0% Assets/Resources/Pokemon_project_assets/Tests/Integration/Struggle Test/Test Data.asset
 0.2 kb	 0.0% Assets/Resources/Pokemon_project_assets/Tests/Integration/Fury Cutter Test/Test Data.asset
 0.2 kb	 0.0% Assets/Resources/Pokemon_project_assets/Tests/Integration/False Swipe Test/Test Data.asset
 0.2 kb	 0.0% Assets/Resources/Pokemon_project_assets/Tests/Integration/Bide Test/Test Data.asset
 0.2 kb	 0.0% Assets/Resources/Pokemon_project_assets/Pokemon_obj/Pokemon/Wurmple/Silcoon.asset
 0.2 kb	 0.0% Assets/Resources/Pokemon_project_assets/Pokemon_obj/Pokemon/Wurmple/Cascoon.asset
 0.2 kb	 0.0% Assets/Resources/Pokemon_project_assets/Pokemon_obj/Moves/tackle.asset
 0.2 kb	 0.0% Assets/Resources/Pokemon_project_assets/Pokemon_obj/Moves/poison sting.asset
 0.2 kb	 0.0% Assets/Resources/Pokemon_project_assets/Pokemon_obj/Moves/earthquake.asset
 0.2 kb	 0.0% Assets/Resources/Pokemon_project_assets/Pokemon_obj/Moves/double kick.asset
 0.2 kb	 0.0% Assets/Resources/Pokemon_project_assets/Pokemon_obj/Moves/bide.asset
 0.2 kb	 0.0% Assets/Resources/Pokemon_project_assets/Items/Sitrus berry.asset
 0.2 kb	 0.0% Assets/Resources/Pokemon_project_assets/Items/Oran berry.asset
 0.2 kb	 0.0% Assets/Resources/Pokemon_project_assets/Items/Master Ball.asset
 0.2 kb	 0.0% Assets/Resources/Pokemon_project_assets/Tests/Integration/Specific Move Damage Test/Test Data.asset
 0.2 kb	 0.0% Assets/Resources/Pokemon_project_assets/Tests/Integration/Silverwind Battle End Test/Test Data.asset
 0.2 kb	 0.0% Assets/Resources/Pokemon_project_assets/Tests/Integration/Shed Skin Test/Test Data.asset
 0.2 kb	 0.0% Assets/Resources/Pokemon_project_assets/Tests/Integration/Levitate Test/Test Data.asset
 0.2 kb	 0.0% Assets/Resources/Pokemon_project_assets/Tests/Integration/Heal From Weather Test/Test Data.asset
 0.2 kb	 0.0% Assets/Resources/Pokemon_project_assets/Tests/Integration/Endeavor/Test Data.asset
 0.2 kb	 0.0% Assets/Resources/Pokemon_project_assets/Tests/Integration/Damage Protection Move Test/Test Data.asset
 0.2 kb	 0.0% Assets/Resources/Pokemon_project_assets/Tests/Integration/Consumable Held Item Usage Test/Test Data.asset
 0.2 kb	 0.0% Assets/Resources/Pokemon_project_assets/Tests/Integration/Belly Drum Test/Test Data.asset
 0.2 kb	 0.0% Assets/Resources/Pokemon_project_assets/Tests/Integration/Arena Trap Test/Test Data.asset
 0.2 kb	 0.0% Assets/Resources/Pokemon_project_assets/Tests/End To End/Bonus Exp Gain Test/Test Data.asset
 0.2 kb	 0.0% Assets/Resources/Pokemon_project_assets/Pokemon_obj/Moves/protect.asset
 0.2 kb	 0.0% Assets/Resources/Pokemon_project_assets/Pokemon_obj/Moves/leech life.asset
 0.2 kb	 0.0% Assets/Resources/Pokemon_project_assets/Pokemon_obj/Moves/headbutt.asset
 0.2 kb	 0.0% Assets/Resources/Pokemon_project_assets/Pokemon_obj/Moves/ember.asset
 0.2 kb	 0.0% Assets/Resources/Pokemon_project_assets/Pokemon_obj/Moves/detect.asset
 0.2 kb	 0.0% Assets/Resources/Pokemon_project_assets/Items/Hondew berry.asset
 0.2 kb	 0.0% Assets/Resources/Pokemon_project_assets/Items/Grepa berry.asset
 0.2 kb	 0.0% Assets/Resources/Pokemon_project_assets/Items/Bike.asset
 0.2 kb	 0.0% Assets/Resources/Pokemon_project_assets/Enemies/Data/Trevor/Trevor.asset
 0.2 kb	 0.0% Assets/Resources/Pokemon_project_assets/Tests/Integration/Thunder Test/Test Data.asset
 0.2 kb	 0.0% Assets/Resources/Pokemon_project_assets/Tests/Integration/Take Down Test/Test Data.asset
 0.2 kb	 0.0% Assets/Resources/Pokemon_project_assets/Tests/Integration/Static Test/Test Data.asset
 0.2 kb	 0.0% Assets/Resources/Pokemon_project_assets/Tests/Integration/Rest Test/Test Data.asset
 0.2 kb	 0.0% Assets/Resources/Pokemon_project_assets/Tests/Integration/Health Drain Test/Test Data.asset
 0.2 kb	 0.0% Assets/Resources/Pokemon_project_assets/Tests/Integration/Guts Test/Test Data.asset
 0.2 kb	 0.0% Assets/Resources/Pokemon_project_assets/Tests/Integration/Consecutive Move Test/Test Data.asset
 0.2 kb	 0.0% Assets/Resources/Pokemon_project_assets/Pokemon_obj/Moves/slam.asset
 0.2 kb	 0.0% Assets/Resources/Pokemon_project_assets/Pokemon_obj/Moves/scratch.asset
 0.2 kb	 0.0% Assets/Resources/Pokemon_project_assets/Pokemon_obj/Moves/pound.asset
 0.2 kb	 0.0% Assets/Tiles/Water/edge/Game Boy Advance - Pokemon FireRed _ LeafGreen - Tilesets - Tileset 2_183.asset
 0.2 kb	 0.0% Assets/Tiles/Water/edge/Game Boy Advance - Pokemon FireRed _ LeafGreen - Tilesets - Tileset 2_181.asset
 0.2 kb	 0.0% Assets/Tiles/Water/edge/Game Boy Advance - Pokemon FireRed _ LeafGreen - Tilesets - Tileset 2_148.asset
 0.2 kb	 0.0% Assets/Tiles/Water/edge/Game Boy Advance - Pokemon FireRed _ LeafGreen - Tilesets - Tileset 2_146.asset
 0.2 kb	 0.0% Assets/Tiles/Water/Game Boy Advance - Pokemon FireRed _ LeafGreen - Tilesets - Tileset 2_182.asset
 0.2 kb	 0.0% Assets/Tiles/Water/Game Boy Advance - Pokemon FireRed _ LeafGreen - Tilesets - Tileset 2_164.asset
 0.2 kb	 0.0% Assets/Tiles/Water/Game Boy Advance - Pokemon FireRed _ LeafGreen - Tilesets - Tileset 2_162.asset
 0.2 kb	 0.0% Assets/Tiles/Water/Game Boy Advance - Pokemon FireRed _ LeafGreen - Tilesets - Tileset 2_147.asset
 0.2 kb	 0.0% Assets/Tiles/Special Area/Game Boy Advance - Pokemon FireRed _ LeafGreen - Tilesets - Tileset 2_247.asset
 0.2 kb	 0.0% Assets/Tiles/Special Area/Game Boy Advance - Pokemon FireRed _ LeafGreen - Tilesets - Tileset 2_246.asset
 0.2 kb	 0.0% Assets/Tiles/Special Area/Game Boy Advance - Pokemon FireRed _ LeafGreen - Tilesets - Tileset 2_245.asset
 0.2 kb	 0.0% Assets/Tiles/Special Area/Game Boy Advance - Pokemon FireRed _ LeafGreen - Tilesets - Tileset 2_229.asset
 0.2 kb	 0.0% Assets/Tiles/Special Area/Game Boy Advance - Pokemon FireRed _ LeafGreen - Tilesets - Tileset 2_227.asset
 0.2 kb	 0.0% Assets/Tiles/Special Area/Game Boy Advance - Pokemon FireRed _ LeafGreen - Tilesets - Tileset 2_210.asset
 0.2 kb	 0.0% Assets/Tiles/Special Area/Game Boy Advance - Pokemon FireRed _ LeafGreen - Tilesets - Tileset 2_209.asset
 0.2 kb	 0.0% Assets/Tiles/Special Area/Game Boy Advance - Pokemon FireRed _ LeafGreen - Tilesets - Tileset 2_208.asset
 0.2 kb	 0.0% Assets/Resources/Pokemon_project_assets/Tests/Integration/Pickup Test/Test Data.asset
 0.2 kb	 0.0% Assets/Resources/Pokemon_project_assets/Tests/Integration/Flail Test/Test Data.asset
 0.2 kb	 0.0% Assets/Resources/Pokemon_project_assets/Tests/Integration/Covet Test/Test Data.asset
 0.2 kb	 0.0% Assets/Resources/Pokemon_project_assets/Tests/End To End/Hm And Tm Test/Test Data.asset
 0.2 kb	 0.0% Assets/Resources/Pokemon_project_assets/Pokemon_obj/Moves/surf.asset
 0.2 kb	 0.0% Assets/Resources/Pokemon_project_assets/Pokemon_obj/Moves/confuse ray.asset
 0.2 kb	 0.0% Assets/Resources/Pokemon_project_assets/Pokemon_obj/Moves/astonish.asset
 0.2 kb	 0.0% Assets/Resources/Pokemon_project_assets/Pokemon_obj/Moves/absorb.asset
 0.2 kb	 0.0% Assets/Resources/Pokemon_project_assets/Items/Tamato berry.asset
 0.2 kb	 0.0% Assets/Resources/Pokemon_project_assets/Items/Super Potion.asset
 0.2 kb	 0.0% Assets/Resources/Pokemon_project_assets/Items/Qualot berry.asset
 0.2 kb	 0.0% Assets/Resources/Pokemon_project_assets/Items/Kelpsy berry.asset
 0.2 kb	 0.0% Assets/Resources/Pokemon_project_assets/Items/Hyper Potion.asset
 0.2 kb	 0.0% Assets/Resources/Pokemon_project_assets/Enemies/Data/Tony/Tony.asset
 0.2 kb	 0.0% Assets/Tiles/Water/edge/water sprites/Game Boy Advance - Pokemon FireRed _ LeafGreen - Tilesets - Tileset 2_9.asset
 0.2 kb	 0.0% Assets/Tiles/Water/edge/water sprites/Game Boy Advance - Pokemon FireRed _ LeafGreen - Tilesets - Tileset 2_8.asset
 0.2 kb	 0.0% Assets/Tiles/Water/edge/water sprites/Game Boy Advance - Pokemon FireRed _ LeafGreen - Tilesets - Tileset 2_52.asset
 0.2 kb	 0.0% Assets/Tiles/Water/edge/water sprites/Game Boy Advance - Pokemon FireRed _ LeafGreen - Tilesets - Tileset 2_51.asset
 0.2 kb	 0.0% Assets/Tiles/Water/edge/water sprites/Game Boy Advance - Pokemon FireRed _ LeafGreen - Tilesets - Tileset 2_32.asset
 0.2 kb	 0.0% Assets/Tiles/Water/edge/water sprites/Game Boy Advance - Pokemon FireRed _ LeafGreen - Tilesets - Tileset 2_31.asset
 0.2 kb	 0.0% Assets/Tiles/Water/edge/water sprites/Game Boy Advance - Pokemon FireRed _ LeafGreen - Tilesets - Tileset 2_30.asset
 0.2 kb	 0.0% Assets/Tiles/Water/edge/water sprites/Game Boy Advance - Pokemon FireRed _ LeafGreen - Tilesets - Tileset 2_10.asset
 0.2 kb	 0.0% Assets/Tiles/Terrain/Game Boy Advance - Pokemon FireRed _ LeafGreen - Tilesets - Tileset_52.asset
 0.2 kb	 0.0% Assets/Tiles/Terrain/Game Boy Advance - Pokemon FireRed _ LeafGreen - Tilesets - Tileset_50.asset
 0.2 kb	 0.0% Assets/Tiles/Terrain/Game Boy Advance - Pokemon FireRed _ LeafGreen - Tilesets - Tileset_16.asset
 0.2 kb	 0.0% Assets/Tiles/Special Area/Game Boy Advance - Pokemon FireRed _ LeafGreen - Tilesets - Tileset_281.asset
 0.2 kb	 0.0% Assets/Tiles/Special Area/Game Boy Advance - Pokemon FireRed _ LeafGreen - Tilesets - Tileset_213.asset
 0.2 kb	 0.0% Assets/Tiles/Special Area/Game Boy Advance - Pokemon FireRed _ LeafGreen - Tilesets - Tileset_212.asset
 0.2 kb	 0.0% Assets/Tiles/Special Area/Game Boy Advance - Pokemon FireRed _ LeafGreen - Tilesets - Tileset_211.asset
 0.2 kb	 0.0% Assets/Tiles/Special Area/Game Boy Advance - Pokemon FireRed _ LeafGreen - Tilesets - Tileset_203.asset
 0.2 kb	 0.0% Assets/Tiles/Special Area/Game Boy Advance - Pokemon FireRed _ LeafGreen - Tilesets - Tileset_202.asset
 0.2 kb	 0.0% Assets/Tiles/Special Area/Game Boy Advance - Pokemon FireRed _ LeafGreen - Tilesets - Tileset_201.asset
 0.2 kb	 0.0% Assets/Tiles/Special Area/Game Boy Advance - Pokemon FireRed _ LeafGreen - Tilesets - Tileset_193.asset
 0.2 kb	 0.0% Assets/Tiles/Special Area/Game Boy Advance - Pokemon FireRed _ LeafGreen - Tilesets - Tileset_191.asset
 0.2 kb	 0.0% Assets/Tiles/Special Area/Game Boy Advance - Pokemon FireRed _ LeafGreen - Tilesets - Tileset_188.asset
 0.2 kb	 0.0% Assets/Tiles/Road and ground tiles/Game Boy Advance - Pokemon FireRed _ LeafGreen - Tilesets - Tileset_35.asset
 0.2 kb	 0.0% Assets/Resources/Pokemon_project_assets/Pokemon_obj/Moves/peck.asset
 0.2 kb	 0.0% Assets/Resources/Pokemon_project_assets/Pokemon_obj/Moves/bite.asset
 0.2 kb	 0.0% Assets/Resources/Pokemon_project_assets/Items/X Special Attack.asset
 0.2 kb	 0.0% Assets/Resources/Pokemon_project_assets/Items/Pomeg berry.asset
 0.2 kb	 0.0% Assets/Resources/Pokemon_project_assets/Items/Pokeball.asset
 0.2 kb	 0.0% Assets/Resources/Pokemon_project_assets/Items/Potion.asset
 0.2 kb	 0.0% Assets/Resources/Pokemon_project_assets/Tests/Integration/Whirlwind Wild Battle Test/Test Data.asset
 0.2 kb	 0.0% Assets/Resources/Pokemon_project_assets/Items/Revival Herb.asset
 0.2 kb	 0.0% Assets/Resources/Pokemon_project_assets/Items/X Defense.asset
 0.2 kb	 0.0% Assets/Resources/Pokemon_project_assets/Items/X Accuracy.asset
 0.2 kb	 0.0% Assets/Resources/Pokemon_project_assets/Items/Leppa berry.asset
 0.2 kb	 0.0% Assets/Resources/Pokemon_project_assets/Items/Heal Powder.asset
 0.2 kb	 0.0% Assets/Resources/Pokemon_project_assets/Pokemon_obj/Moves/attract.asset
 0.2 kb	 0.0% Assets/Resources/Pokemon_project_assets/Items/Thunder Stone.asset
 0.2 kb	 0.0% Assets/Resources/Pokemon_project_assets/Items/Max Ether.asset
 0.2 kb	 0.0% Assets/Resources/Pokemon_project_assets/Items/Dire Hit.asset
 0.2 kb	 0.0% Assets/Resources/Pokemon_project_assets/Items/Calcium.asset
 0.2 kb	 0.0% Assets/Resources/Pokemon_project_assets/Overwolrd_obj/Interactions/PC.asset
 0.2 kb	 0.0% Assets/Resources/Pokemon_project_assets/Items/X Speed.asset
 0.2 kb	 0.0% Assets/Resources/Pokemon_project_assets/Items/X Attack.asset
 0.2 kb	 0.0% Assets/Resources/Pokemon_project_assets/Items/Max Revive.asset
 0.2 kb	 0.0% Assets/Resources/Pokemon_project_assets/Overwolrd_obj/Story Objectives/Destination Objective Pointer.prefab
 0.2 kb	 0.0% Assets/Resources/Pokemon_project_assets/Tests/BattleTestTemplate/Test Data.asset
 0.2 kb	 0.0% Assets/Resources/Pokemon_project_assets/Pokemon_obj/Moves/fly.asset
 0.2 kb	 0.0% Assets/Resources/Pokemon_project_assets/Pokemon_obj/Moves/dig.asset
 0.2 kb	 0.0% Assets/Resources/Pokemon_project_assets/Items/Zinc.asset
 0.2 kb	 0.0% Assets/Resources/Pokemon_project_assets/Items/Protein.asset
 0.2 kb	 0.0% Assets/Resources/Pokemon_project_assets/Items/PP Up.asset
 0.2 kb	 0.0% Assets/Resources/Pokemon_project_assets/Items/PP Max.asset
 0.2 kb	 0.0% Assets/Resources/Pokemon_project_assets/Items/Revive.asset
 0.2 kb	 0.0% Assets/Resources/Pokemon_project_assets/Items/HP Up.asset
 0.2 kb	 0.0% Assets/Resources/Pokemon_project_assets/Items/Ether.asset
 0.2 kb	 0.0% Assets/Resources/Pokemon_project_assets/Items/Carbos.asset
 0.2 kb	 0.0% Assets/Resources/Pokemon_project_assets/Items/Awakening.asset
 0.2 kb	 0.0% Packages/com.unity.test-framework/UnityEngine.TestRunner/NUnitExtensions/Runner/RestoreTestContextAfterDomainReload.cs
 0.2 kb	 0.0% Assets/Tiles/Water/Water Tile.asset
 0.2 kb	 0.0% Assets/Resources/Pokemon_project_assets/Items/Paralyze Heal.asset
 0.2 kb	 0.0% Assets/Resources/Pokemon_project_assets/Items/Lum berry.asset
 0.2 kb	 0.0% Assets/Resources/Pokemon_project_assets/Items/Iron.asset
 0.2 kb	 0.0% Assets/Resources/Pokemon_project_assets/Items/Guard Spec.asset
 0.2 kb	 0.0% Packages/com.unity.visualscripting/Runtime/VisualScripting.Core/Listeners/UI/UnityOnScrollbarValueChangedMessageListener.cs
 0.2 kb	 0.0% Packages/com.unity.visualscripting/Runtime/VisualScripting.Core/Listeners/UI/UnityOnScrollRectValueChangedMessageListener.cs
 0.2 kb	 0.0% Packages/com.unity.visualscripting/Runtime/VisualScripting.Core/Listeners/UI/UnityOnInputFieldValueChangedMessageListener.cs
 0.2 kb	 0.0% Packages/com.unity.visualscripting/Runtime/VisualScripting.Core/Listeners/UI/UnityOnDropdownValueChangedMessageListener.cs
 0.2 kb	 0.0% Packages/com.unity.visualscripting/Runtime/VisualScripting.Core/Listeners/MonoBehaviour/UnityOnTransformChildrenChangedMListener.cs
 0.2 kb	 0.0% Packages/com.unity.visualscripting/Runtime/VisualScripting.Core/Listeners/MonoBehaviour/UnityOnControllerColliderHitMessageListener.cs
 0.2 kb	 0.0% Packages/com.unity.mathematics/Unity.Mathematics/Il2CppEagerStaticClassConstructionAttribute.cs
 0.2 kb	 0.0% Assets/Resources/Pokemon_project_assets/Tests/End To End/Modify Powerpoints Test/Test Data.asset
 0.2 kb	 0.0% Assets/Resources/Pokemon_project_assets/Tests/End To End/Ether Test/Test Data.asset
 0.2 kb	 0.0% Assets/Resources/Pokemon_project_assets/Overwolrd_obj/Interactions/Starter pokemon gift 3.asset
 0.2 kb	 0.0% Assets/Resources/Pokemon_project_assets/Overwolrd_obj/Interactions/Starter pokemon gift 2.asset
 0.2 kb	 0.0% Assets/Resources/Pokemon_project_assets/Overwolrd_obj/Interactions/Starter pokemon gift 1.asset
 0.2 kb	 0.0% Assets/Resources/Pokemon_project_assets/Overwolrd_obj/Interactions/Nurse.asset
 0.2 kb	 0.0% Assets/Resources/Pokemon_project_assets/Items/Wailmer Pail.asset
 0.2 kb	 0.0% Assets/Resources/Pokemon_project_assets/Items/Nugget.asset
 0.2 kb	 0.0% Assets/Resources/Pokemon_project_assets/Items/Max Potion.asset
 0.2 kb	 0.0% Assets/Resources/Pokemon_project_assets/Items/Full Restore.asset
 0.2 kb	 0.0% Assets/Resources/Pokemon_project_assets/Items/Chesto berry.asset
 0.2 kb	 0.0% Assets/Resources/Pokemon_project_assets/Items/Aspear berry.asset
 0.2 kb	 0.0% Packages/com.unity.visualscripting/Runtime/VisualScripting.Core/Listeners/MonoBehaviour/UnityOnTransformParentChangedMListener.cs
 0.2 kb	 0.0% Packages/com.unity.visualscripting/Runtime/VisualScripting.Core/Dependencies/AssemblyQualifiedNameParser/ParsedAssemblyQualifiedName.cs
 0.2 kb	 0.0% Packages/com.unity.test-framework/UnityEngine.TestRunner/NUnitExtensions/Runner/UnityLogCheckDelegatingCommand.cs
 0.2 kb	 0.0% Packages/com.unity.test-framework/UnityEngine.TestRunner/Assertions/OutOfOrderExpectedLogMessageException.cs
 0.2 kb	 0.0% Assets/Tiles/grass/Encounter grass.asset
 0.2 kb	 0.0% Assets/Tiles/Area Switching/Player Garden.asset
 0.2 kb	 0.0% Assets/Resources/Pokemon_project_assets/Overwolrd_obj/Interactions/Overworld_Pickups/Pickup Registry.asset
 0.2 kb	 0.0% Assets/Resources/Pokemon_project_assets/Overwolrd_obj/Interactions/Berry Trees/Plant berry.asset
 0.2 kb	 0.0% Assets/Resources/Pokemon_project_assets/Overwolrd_obj/Interactions/Berry Trees/Harvest berries.asset
 0.2 kb	 0.0% Assets/Resources/Pokemon_project_assets/Items/Persim berry.asset
 0.2 kb	 0.0% Assets/Resources/Pokemon_project_assets/Items/Cherri berry.asset
 0.2 kb	 0.0% Packages/com.unity.visualscripting/Runtime/VisualScripting.Core/Listeners/UI/UnityOnToggleValueChangedMessageListener.cs
 0.2 kb	 0.0% Packages/com.unity.visualscripting/Runtime/VisualScripting.Core/Listeners/UI/UnityOnSliderValueChangedMessageListener.cs
 0.2 kb	 0.0% Packages/com.unity.visualscripting/Runtime/VisualScripting.Core/Listeners/UI/UnityOnInputFieldEndEditMessageListener.cs
 0.2 kb	 0.0% Packages/com.unity.visualscripting/Runtime/VisualScripting.Core/Listeners/MonoBehaviour/UnityOnParticleCollisionMessageListener.cs
 0.2 kb	 0.0% Packages/com.unity.visualscripting/Runtime/VisualScripting.Core/Listeners/MonoBehaviour/UnityOnMouseUpAsButtonMessageListener.cs
 0.2 kb	 0.0% Packages/com.unity.visualscripting/Runtime/VisualScripting.Core/Listeners/MonoBehaviour/UnityOnCollisionStay2DMessageListener.cs
 0.2 kb	 0.0% Packages/com.unity.visualscripting/Runtime/VisualScripting.Core/Listeners/MonoBehaviour/UnityOnCollisionExit2DMessageListener.cs
 0.2 kb	 0.0% Packages/com.unity.visualscripting/Runtime/VisualScripting.Core/Listeners/MonoBehaviour/UnityOnCollisionEnter2DMessageListener.cs
 0.2 kb	 0.0% Packages/com.unity.visualscripting/Runtime/VisualScripting.Core/Listeners/MonoBehaviour/UnityOnBecameInvisibleMessageListener.cs
 0.2 kb	 0.0% Assets/Tiles/Water/Still water.asset
 0.2 kb	 0.0% Assets/Tiles/Special Area/pokeballs and shelf_1.asset
 0.2 kb	 0.0% Assets/Tiles/Special Area/pokeballs and shelf_0.asset
 0.2 kb	 0.0% Assets/Tiles/Special Area/poke center oputside_0.asset
 0.2 kb	 0.0% Assets/Tiles/Area Switching/pokeCenter.asset
 0.2 kb	 0.0% Assets/Tiles/Area Switching/South Bridge.asset
 0.2 kb	 0.0% Assets/Tiles/Area Switching/OverWorld.asset
 0.2 kb	 0.0% Assets/Resources/Pokemon_project_assets/Items/Rawst berry.asset
 0.2 kb	 0.0% Assets/Resources/Pokemon_project_assets/Items/Pecha berry.asset
 0.2 kb	 0.0% Assets/Resources/Pokemon_project_assets/Items/Ice Heal.asset
 0.2 kb	 0.0% Assets/Resources/Pokemon_project_assets/Items/Full Heal.asset
 0.2 kb	 0.0% Assets/Resources/Pokemon_project_assets/Items/Burn Heal.asset
 0.2 kb	 0.0% Packages/com.unity.visualscripting/Runtime/VisualScripting.Core/Dependencies/FullSerializer/Converters/Unity/GUIStyleState_DirectConverter.cs
 0.2 kb	 0.0% Packages/com.unity.visualscripting/Runtime/VisualScripting.Core/Dependencies/FullSerializer/Converters/Unity/AnimationCurve_DirectConverter.cs
 0.2 kb	 0.0% Packages/com.unity.test-framework/UnityEngine.TestRunner/NUnitExtensions/Runner/UnityTestExecutionContext.cs
 0.2 kb	 0.0% Packages/com.unity.test-framework/UnityEngine.TestRunner/NUnitExtensions/Runner/IEnumerableTestMethodCommand.cs
 0.2 kb	 0.0% Packages/com.unity.test-framework/UnityEngine.TestRunner/NUnitExtensions/Commands/EnumerableApplyChangesToContextCommand.cs
 0.2 kb	 0.0% Assets/Tiles/Special Area/pokeballs and shelf.asset
 0.2 kb	 0.0% Assets/Tiles/Area Switching/Pokemart.asset
 0.2 kb	 0.0% Assets/Resources/Pokemon_project_assets/Items/Rare Candy.asset
 0.2 kb	 0.0% Packages/com.unity.visualscripting/Runtime/VisualScripting.Core/SerializedProperties/SerializedPropertyProviderAttribute.cs
 0.2 kb	 0.0% Packages/com.unity.visualscripting/Runtime/VisualScripting.Core/Listeners/UIInterfaces/UnityOnPointerExitMessageListener.cs
 0.2 kb	 0.0% Packages/com.unity.visualscripting/Runtime/VisualScripting.Core/Listeners/UIInterfaces/UnityOnPointerEnterMessageListener.cs
 0.2 kb	 0.0% Packages/com.unity.visualscripting/Runtime/VisualScripting.Core/Listeners/UIInterfaces/UnityOnPointerDownMessageListener.cs
 0.2 kb	 0.0% Packages/com.unity.visualscripting/Runtime/VisualScripting.Core/Listeners/UIInterfaces/UnityOnPointerClickMessageListener.cs
 0.2 kb	 0.0% Packages/com.unity.visualscripting/Runtime/VisualScripting.Core/Listeners/UI/UnityOnButtonClickMessageListener.cs
 0.2 kb	 0.0% Packages/com.unity.visualscripting/Runtime/VisualScripting.Core/Listeners/MonoBehaviour/UnityOnTriggerEnterMessageListener.cs
 0.2 kb	 0.0% Packages/com.unity.visualscripting/Runtime/VisualScripting.Core/Listeners/MonoBehaviour/UnityOnJointBreak2DMessageListener.cs
 0.2 kb	 0.0% Packages/com.unity.visualscripting/Runtime/VisualScripting.Core/Listeners/MonoBehaviour/UnityOnCollisionStayMessageListener.cs
 0.2 kb	 0.0% Packages/com.unity.visualscripting/Runtime/VisualScripting.Core/Listeners/MonoBehaviour/UnityOnCollisionExitMessageListener.cs
 0.2 kb	 0.0% Packages/com.unity.visualscripting/Runtime/VisualScripting.Core/Listeners/MonoBehaviour/UnityOnCollisionEnterMessageListener.cs
 0.2 kb	 0.0% Packages/com.unity.visualscripting/Runtime/VisualScripting.Core/Listeners/MonoBehaviour/UnityOnBecameVisibleMessageListener.cs
 0.2 kb	 0.0% Packages/com.unity.visualscripting/Runtime/VisualScripting.Core/EditorBinding/Inspector/InspectorActionDirectionAttribute.cs
 0.2 kb	 0.0% Packages/com.unity.visualscripting/Runtime/VisualScripting.Core/EditorBinding/Inspector/InspectViaImplementationsAttribute.cs
 0.2 kb	 0.0% Packages/com.unity.visualscripting/Runtime/VisualScripting.Core/Dependencies/FullSerializer/Internal/fsCyclicReferenceManager.cs
 0.2 kb	 0.0% Packages/com.unity.visualscripting/Runtime/VisualScripting.Core/Dependencies/FullSerializer/Converters/Unity/UnityEvent_Converter.cs
 0.2 kb	 0.0% Packages/com.unity.test-framework/UnityEngine.TestRunner/Utils/Vector4ComparerWithEqualsOperator.cs
 0.2 kb	 0.0% Packages/com.unity.test-framework/UnityEngine.TestRunner/Utils/Vector3ComparerWithEqualsOperator.cs
 0.2 kb	 0.0% Packages/com.unity.test-framework/UnityEngine.TestRunner/Utils/Vector2ComparerWithEqualsOperator.cs
 0.2 kb	 0.0% Packages/com.unity.test-framework/UnityEngine.TestRunner/TestRunner/RemoteHelpers/RemoteTestResultDataWithTestData.cs
 0.2 kb	 0.0% Packages/com.unity.test-framework/UnityEngine.TestRunner/TestRunner/Callbacks/TestResultRendererCallback.cs
 0.2 kb	 0.0% Assets/Tiles/Special Area/wooden walk_9.asset
 0.2 kb	 0.0% Assets/Tiles/Special Area/wooden walk_8.asset
 0.2 kb	 0.0% Assets/Tiles/Special Area/wooden walk_5.asset
 0.2 kb	 0.0% Assets/Tiles/Special Area/wooden walk_4.asset
 0.2 kb	 0.0% Assets/Tiles/Special Area/wooden walk_3.asset
 0.2 kb	 0.0% Assets/Tiles/Special Area/wooden walk_22.asset
 0.2 kb	 0.0% Assets/Tiles/Special Area/wooden walk_2.asset
 0.2 kb	 0.0% Assets/Tiles/Special Area/wooden walk_18.asset
 0.2 kb	 0.0% Assets/Tiles/Special Area/wooden walk_17.asset
 0.2 kb	 0.0% Assets/Tiles/Special Area/wooden walk_16.asset
 0.2 kb	 0.0% Assets/Tiles/Special Area/wooden walk_15.asset
 0.2 kb	 0.0% Assets/Tiles/Special Area/wooden walk_14.asset
 0.2 kb	 0.0% Assets/Tiles/Special Area/wooden walk_11.asset
 0.2 kb	 0.0% Assets/Tiles/Special Area/wooden walk_10.asset
 0.2 kb	 0.0% Assets/Tiles/Special Area/open mart 2_2.asset
 0.2 kb	 0.0% Assets/Tiles/Special Area/open mart 2_1.asset
 0.2 kb	 0.0% Assets/Tiles/Road and ground tiles/ground tiles_4.asset
 0.2 kb	 0.0% Assets/Tiles/Road and ground tiles/ground tiles_34.asset
 0.2 kb	 0.0% Assets/Tiles/Road and ground tiles/ground tiles_3.asset
 0.2 kb	 0.0% Assets/Tiles/Road and ground tiles/ground tiles_22.asset
 0.2 kb	 0.0% Assets/Tiles/Road and ground tiles/ground tiles_21.asset
 0.2 kb	 0.0% Assets/Tiles/Road and ground tiles/ground tiles_20.asset
 0.2 kb	 0.0% Assets/Tiles/Road and ground tiles/ground tiles_2.asset
 0.2 kb	 0.0% Assets/Tiles/Road and ground tiles/ground tiles_19.asset
 0.2 kb	 0.0% Assets/Tiles/Road and ground tiles/ground tiles_18.asset
 0.2 kb	 0.0% Assets/Tiles/Road and ground tiles/ground tiles_13.asset
 0.2 kb	 0.0% Assets/Tiles/Road and ground tiles/ground tiles_12.asset
 0.2 kb	 0.0% Assets/Tiles/Road and ground tiles/ground tiles_11.asset
 0.2 kb	 0.0% Assets/Tiles/Road and ground tiles/ground tiles_10.asset
 0.2 kb	 0.0% Assets/Tiles/Road and ground tiles/ground tiles_1.asset
 0.2 kb	 0.0% Assets/Tiles/Interaction/PC.asset
 0.2 kb	 0.0% Assets/Resources/Pokemon_project_assets/Tests/End To End/Revive Overworld Test/Test Data.asset
 0.2 kb	 0.0% Assets/Resources/Pokemon_project_assets/Tests/End To End/Give And Take Item Test/Test Data.asset
 0.2 kb	 0.0% Assets/Resources/Pokemon_project_assets/Tests/Assets/Test Enemy.asset
 0.2 kb	 0.0% Assets/Resources/Pokemon_project_assets/Overwolrd_obj/Interactions/Clerk.asset
 0.2 kb	 0.0% Assets/Resources/Pokemon_project_assets/Items/Antidote.asset
 0.2 kb	 0.0% Packages/com.unity.visualscripting/Runtime/VisualScripting.Core/Listeners/MonoBehaviour/UnityOnTriggerStay2DMListener.cs
 0.2 kb	 0.0% Packages/com.unity.visualscripting/Runtime/VisualScripting.Core/Listeners/MonoBehaviour/UnityOnTriggerExit2DMListener.cs
 0.2 kb	 0.0% Packages/com.unity.visualscripting/Runtime/VisualScripting.Core/Listeners/MonoBehaviour/UnityOnTriggerEnter2DMListener.cs
 0.2 kb	 0.0% Packages/com.unity.visualscripting/Runtime/VisualScripting.Core/Dependencies/FullSerializer/fsISerializationCallbacks.cs
 0.2 kb	 0.0% Packages/com.unity.visualscripting/Runtime/VisualScripting.Core/Dependencies/FullSerializer/Converters/Unity/RectOffset_DirectConverter.cs
 0.2 kb	 0.0% Packages/com.unity.visualscripting/Runtime/VisualScripting.Core/Dependencies/FullSerializer/Converters/Unity/LayerMask_DirectConverter.cs
 0.2 kb	 0.0% Packages/com.unity.test-framework/UnityEngine.TestRunner/TestRunner/PlaymodeTestsControllerSettings.cs
 0.2 kb	 0.0% Packages/com.unity.test-framework/UnityEngine.TestRunner/NUnitExtensions/Runner/UnityWorkItemDataHolder.cs
 0.2 kb	 0.0% Packages/com.unity.test-framework/UnityEngine.TestRunner/NUnitExtensions/Runner/UnityTestAssemblyRunner.cs
 0.2 kb	 0.0% Packages/com.unity.test-framework/UnityEngine.TestRunner/NUnitExtensions/Runner/PlaymodeWorkItemFactory.cs
 0.2 kb	 0.0% Packages/com.unity.test-framework/UnityEngine.TestRunner/NUnitExtensions/Runner/CoroutineTestWorkItem.cs
 0.2 kb	 0.0% Packages/com.unity.test-framework/UnityEngine.TestRunner/NUnitExtensions/IAsyncTestAssemblyBuilder.cs
 0.2 kb	 0.0% Packages/com.unity.test-framework/UnityEngine.TestRunner/NUnitExtensions/Filters/CategoryFilterExtended.cs
 0.2 kb	 0.0% Packages/com.unity.test-framework/UnityEngine.TestRunner/Assertions/UnexpectedLogMessageException.cs
 0.2 kb	 0.0% Assets/Tiles/Water/edge/water sprites/river edge_8.asset
 0.2 kb	 0.0% Assets/Tiles/Water/edge/water sprites/river edge_7.asset
 0.2 kb	 0.0% Assets/Tiles/Water/edge/water sprites/river edge_6.asset
 0.2 kb	 0.0% Assets/Tiles/Water/edge/water sprites/river edge_5.asset
 0.2 kb	 0.0% Assets/Tiles/Water/edge/water sprites/river edge_3.asset
 0.2 kb	 0.0% Assets/Tiles/Water/edge/water sprites/river edge_2.asset
 0.2 kb	 0.0% Assets/Tiles/Water/edge/water sprites/river edge_1.asset
 0.2 kb	 0.0% Assets/Tiles/Water/edge/water sprites/river edge_0.asset
 0.2 kb	 0.0% Assets/Tiles/Special Area/open mart 1.asset
 0.2 kb	 0.0% Assets/Resources/Pokemon_project_assets/Tests/End To End/Rare Candy Test/Test Data.asset
 0.2 kb	 0.0% Assets/Resources/Pokemon_project_assets/Overwolrd_obj/Interactions/Berry Trees/Water Tree.asset
 0.1 kb	 0.0% Packages/com.unity.visualscripting/Runtime/VisualScripting.Flow/Ports/MissingValuePortInputException.cs
 0.1 kb	 0.0% Packages/com.unity.visualscripting/Runtime/VisualScripting.Flow/EditorBinding/UnitHeaderInspectableAttribute.cs
 0.1 kb	 0.0% Packages/com.unity.visualscripting/Runtime/VisualScripting.Flow/Dependencies/NCalc/LogicalExpressionVisitor.cs
 0.1 kb	 0.0% Packages/com.unity.visualscripting/Runtime/VisualScripting.Core/Variables/VariableDeclarationCollection.cs
 0.1 kb	 0.0% Packages/com.unity.visualscripting/Runtime/VisualScripting.Core/Variables/InspectorVariableNameAttribute.cs
 0.1 kb	 0.0% Packages/com.unity.visualscripting/Runtime/VisualScripting.Core/Serialization/SerializationVersionAttribute.cs
 0.1 kb	 0.0% Packages/com.unity.visualscripting/Runtime/VisualScripting.Core/Listeners/UIInterfaces/UnityOnPointerUpMessageListener.cs
 0.1 kb	 0.0% Packages/com.unity.visualscripting/Runtime/VisualScripting.Core/Listeners/UIInterfaces/UnityOnEndDragMessageListener.cs
 0.1 kb	 0.0% Packages/com.unity.visualscripting/Runtime/VisualScripting.Core/Listeners/UIInterfaces/UnityOnDeselectMessageListener.cs
 0.1 kb	 0.0% Packages/com.unity.visualscripting/Runtime/VisualScripting.Core/Listeners/UIInterfaces/UnityOnBeginDragMessageListener.cs
 0.1 kb	 0.0% Packages/com.unity.visualscripting/Runtime/VisualScripting.Core/Listeners/MonoBehaviour/UnityOnTriggerStayMListener.cs
 0.1 kb	 0.0% Packages/com.unity.visualscripting/Runtime/VisualScripting.Core/Listeners/MonoBehaviour/UnityOnTriggerExitMListener.cs
 0.1 kb	 0.0% Packages/com.unity.visualscripting/Runtime/VisualScripting.Core/Listeners/MonoBehaviour/UnityOnMouseUpMessageListener.cs
 0.1 kb	 0.0% Packages/com.unity.visualscripting/Runtime/VisualScripting.Core/Listeners/MonoBehaviour/UnityOnMouseOverMessageListener.cs
 0.1 kb	 0.0% Packages/com.unity.visualscripting/Runtime/VisualScripting.Core/Listeners/MonoBehaviour/UnityOnMouseExitMessageListener.cs
 0.1 kb	 0.0% Packages/com.unity.visualscripting/Runtime/VisualScripting.Core/Listeners/MonoBehaviour/UnityOnMouseEnterMessageListener.cs
 0.1 kb	 0.0% Packages/com.unity.visualscripting/Runtime/VisualScripting.Core/Listeners/MonoBehaviour/UnityOnMouseDragMessageListener.cs
 0.1 kb	 0.0% Packages/com.unity.visualscripting/Runtime/VisualScripting.Core/Listeners/MonoBehaviour/UnityOnMouseDownMessageListener.cs
 0.1 kb	 0.0% Packages/com.unity.visualscripting/Runtime/VisualScripting.Core/Listeners/MonoBehaviour/UnityOnJointBreakMessageListener.cs
 0.1 kb	 0.0% Packages/com.unity.visualscripting/Runtime/VisualScripting.Core/Exceptions/InvalidImplementationException.cs
 0.1 kb	 0.0% Packages/com.unity.visualscripting/Runtime/VisualScripting.Core/EditorBinding/Inspector/InspectorExpandTooltipAttribute.cs
 0.1 kb	 0.0% Packages/com.unity.visualscripting/Runtime/VisualScripting.Core/EditorBinding/Inspector/InspectorAdaptiveWidthAttribute.cs
 0.1 kb	 0.0% Packages/com.unity.visualscripting/Runtime/VisualScripting.Core/Dependencies/FullSerializer/Internal/fsPortableReflection.cs
 0.1 kb	 0.0% Packages/com.unity.visualscripting/Runtime/VisualScripting.Core/Attributes/VisualScriptingHelpURLAttribute.cs
 0.1 kb	 0.0% Packages/com.unity.test-framework/UnityEngine.TestRunner/TestRunner/RemoteHelpers/RemoteTestResultDataFactory.cs
 0.1 kb	 0.0% Packages/com.unity.test-framework/UnityEngine.TestRunner/TestRunner/RemoteHelpers/PlayerConnectionMessageIds.cs
 0.1 kb	 0.0% Packages/com.unity.test-framework/UnityEngine.TestRunner/TestRunner/RemoteHelpers/IRemoteTestResultDataFactory.cs
 0.1 kb	 0.0% Packages/com.unity.test-framework/UnityEngine.TestRunner/TestRunner/Callbacks/RemoteTestResultSender.cs
 0.1 kb	 0.0% Packages/com.unity.test-framework/UnityEngine.TestRunner/TestRunner/Callbacks/PlayModeRunnerCallback.cs
 0.1 kb	 0.0% Packages/com.unity.test-framework/UnityEngine.TestRunner/Assertions/AllocatingGCMemoryConstraint.cs
 0.1 kb	 0.0% Assets/Tiles/Special Area/table.asset
 0.1 kb	 0.0% Assets/Resources/Pokemon_project_assets/Tests/End To End/Ev Vitamin Test/Test Data.asset
 0.1 kb	 0.0% Assets/Resources/Pokemon_project_assets/Overwolrd_obj/Interactions/View key maps.asset
 0.1 kb	 0.0% Assets/Resources/Pokemon_project_assets/Overwolrd_obj/Interactions/NPCs/Tony.asset
 0.1 kb	 0.0% Packages/com.unity.visualscripting/Runtime/VisualScripting.Core/Dependencies/FullSerializer/fsExceptions.cs
 0.1 kb	 0.0% Packages/com.unity.visualscripting/Runtime/VisualScripting.Core/Dependencies/FullSerializer/fsAotCompilationManager.cs
 0.1 kb	 0.0% Packages/com.unity.visualscripting/Runtime/VisualScripting.Core/Dependencies/FullSerializer/Converters/fsWeakReferenceConverter.cs
 0.1 kb	 0.0% Packages/com.unity.visualscripting/Runtime/VisualScripting.Core/Dependencies/FullSerializer/Converters/fsKeyValuePairConverter.cs
 0.1 kb	 0.0% Packages/com.unity.visualscripting/Runtime/VisualScripting.Core/Dependencies/FullSerializer/Converters/fsIEnumerableConverter.cs
 0.1 kb	 0.0% Packages/com.unity.visualscripting/Runtime/VisualScripting.Core/Dependencies/FullSerializer/Converters/fsDictionaryConverter.cs
 0.1 kb	 0.0% Packages/com.unity.visualscripting/Runtime/VisualScripting.Core/Dependencies/FullSerializer/Converters/Unity/Keyframe_DirectConverter.cs
 0.1 kb	 0.0% Packages/com.unity.visualscripting/Runtime/VisualScripting.Core/Dependencies/FullSerializer/Converters/Unity/Gradient_DirectConverter.cs
 0.1 kb	 0.0% Packages/com.unity.visualscripting/Runtime/VisualScripting.Core/Dependencies/FullSerializer/Converters/Unity/GUIStyle_DirectConverter.cs
 0.1 kb	 0.0% Packages/com.unity.visualscripting/Runtime/VisualScripting.Core/Dependencies/FullSerializer/Converters/Unity/Bounds_DirectConverter.cs
 0.1 kb	 0.0% Packages/com.unity.test-framework/UnityEngine.TestRunner/TestRunner/Messages/IEditModeTestYieldInstruction.cs
 0.1 kb	 0.0% Packages/com.unity.test-framework/UnityEngine.TestRunner/NUnitExtensions/UnityTestAssemblyBuilder.cs
 0.1 kb	 0.0% Packages/com.unity.test-framework/UnityEngine.TestRunner/NUnitExtensions/Runner/TestCommandBuilder.cs
 0.1 kb	 0.0% Packages/com.unity.test-framework/UnityEngine.TestRunner/NUnitExtensions/Runner/DefaultTestWorkItem.cs
 0.1 kb	 0.0% Packages/com.unity.test-framework/UnityEngine.TestRunner/NUnitExtensions/Runner/CompositeWorkItem.cs
 0.1 kb	 0.0% Packages/com.unity.test-framework/UnityEngine.TestRunner/NUnitExtensions/OrderedTestSuiteModifier.cs
 0.1 kb	 0.0% Packages/com.unity.test-framework/UnityEngine.TestRunner/NUnitExtensions/Filters/AssemblyNameFilter.cs
 0.1 kb	 0.0% Packages/com.unity.test-framework/UnityEngine.TestRunner/NUnitExtensions/Commands/EnumerableSetUpTearDownCommand.cs
 0.1 kb	 0.0% Packages/com.unity.test-framework/UnityEngine.TestRunner/NUnitExtensions/Commands/EnumerableRepeatedTestCommand.cs
 0.1 kb	 0.0% Packages/com.unity.test-framework/UnityEngine.TestRunner/NUnitExtensions/Attributes/TestMustExpectAllLogsAttribute.cs
 0.1 kb	 0.0% Packages/com.unity.test-framework/UnityEngine.TestRunner/Assertions/UnityTestTimeoutException.cs
 0.1 kb	 0.0% Packages/com.unity.test-framework/UnityEngine.TestRunner/Assertions/UnhandledLogMessageException.cs
 0.1 kb	 0.0% Packages/com.unity.test-framework/UnityEngine.TestRunner/Assertions/InvalidSignatureException.cs
 0.1 kb	 0.0% Assets/Resources/Pokemon_project_assets/Tests/End To End/Friendship Berry Test/Test Data.asset
 0.1 kb	 0.0% Assets/Resources/Pokemon_project_assets/Tests/End To End/Evolution Stone Test/Test Data.asset
 0.1 kb	 0.0% Packages/com.unity.visualscripting/Runtime/VisualScripting.State/IStateTransitionDebugData.cs
 0.1 kb	 0.0% Packages/com.unity.visualscripting/Runtime/VisualScripting.Flow/Ports/IUnitOutputPortDefinition.cs
 0.1 kb	 0.0% Packages/com.unity.visualscripting/Runtime/VisualScripting.Flow/Ports/IUnitControlPortDefinition.cs
 0.1 kb	 0.0% Packages/com.unity.visualscripting/Runtime/VisualScripting.Flow/Framework/Variables/Obsolete/IsApplicationVariableDefined.cs
 0.1 kb	 0.0% Packages/com.unity.visualscripting/Runtime/VisualScripting.Flow/Framework/Events/Hierarchy/OnTransformChildrenChanged.cs
 0.1 kb	 0.0% Packages/com.unity.visualscripting/Runtime/VisualScripting.Flow/Dependencies/NCalc/TernaryExpression.cs
 0.1 kb	 0.0% Packages/com.unity.visualscripting/Runtime/VisualScripting.Flow/Dependencies/NCalc/SerializationVisitor.cs
 0.1 kb	 0.0% Packages/com.unity.visualscripting/Runtime/VisualScripting.Flow/Dependencies/NCalc/LogicalExpression.cs
 0.1 kb	 0.0% Packages/com.unity.visualscripting/Runtime/VisualScripting.Flow/Dependencies/NCalc/IdentifierExpression.cs
 0.1 kb	 0.0% Packages/com.unity.visualscripting/Runtime/VisualScripting.Flow/Dependencies/NCalc/FunctionExpression.cs
 0.1 kb	 0.0% Packages/com.unity.visualscripting/Runtime/VisualScripting.Flow/Dependencies/NCalc/EvaluationVisitor.cs
 0.1 kb	 0.0% Packages/com.unity.visualscripting/Runtime/VisualScripting.Flow/Dependencies/NCalc/EvaluationException.cs
 0.1 kb	 0.0% Packages/com.unity.visualscripting/Runtime/VisualScripting.Core/Variables/VariableDeclarationsCloner.cs
 0.1 kb	 0.0% Packages/com.unity.visualscripting/Runtime/VisualScripting.Core/Utilities/ReferenceEqualityComparer.cs
 0.1 kb	 0.0% Packages/com.unity.visualscripting/Runtime/VisualScripting.Core/Unity/UnityObjectOwnershipUtility.cs
 0.1 kb	 0.0% Packages/com.unity.visualscripting/Runtime/VisualScripting.Core/Unity/RequiresUnityAPIAttribute.cs
 0.1 kb	 0.0% Packages/com.unity.visualscripting/Runtime/VisualScripting.Core/SerializedProperties/ISerializedPropertyProvider.cs
 0.1 kb	 0.0% Packages/com.unity.visualscripting/Runtime/VisualScripting.Core/Serialization/Converters/LooseAssemblyNameConverter.cs
 0.1 kb	 0.0% Packages/com.unity.visualscripting/Runtime/VisualScripting.Core/Reflection/RenamedNamespaceAttribute.cs
 0.1 kb	 0.0% Packages/com.unity.visualscripting/Runtime/VisualScripting.Core/Reflection/Optimization/ReflectionPropertyAccessor.cs
 0.1 kb	 0.0% Packages/com.unity.visualscripting/Runtime/VisualScripting.Core/Reflection/Operators/GreaterThanOrEqualHandler.cs
 0.1 kb	 0.0% Packages/com.unity.visualscripting/Runtime/VisualScripting.Core/Reflection/Operators/AmbiguousOperatorException.cs
 0.1 kb	 0.0% Packages/com.unity.visualscripting/Runtime/VisualScripting.Core/Profiling/ProfiledSegmentCollection.cs
 0.1 kb	 0.0% Packages/com.unity.visualscripting/Runtime/VisualScripting.Core/Listeners/UIInterfaces/UnityOnSubmitMessageListener.cs
 0.1 kb	 0.0% Packages/com.unity.visualscripting/Runtime/VisualScripting.Core/Listeners/UIInterfaces/UnityOnSelectMessageListener.cs
 0.1 kb	 0.0% Packages/com.unity.visualscripting/Runtime/VisualScripting.Core/Listeners/UIInterfaces/UnityOnScrollMessageListener.cs
 0.1 kb	 0.0% Packages/com.unity.visualscripting/Runtime/VisualScripting.Core/Listeners/UIInterfaces/UnityOnMoveMessageListener.cs
 0.1 kb	 0.0% Packages/com.unity.visualscripting/Runtime/VisualScripting.Core/Listeners/UIInterfaces/UnityOnDropMessageListener.cs
 0.1 kb	 0.0% Packages/com.unity.visualscripting/Runtime/VisualScripting.Core/Listeners/UIInterfaces/UnityOnDragMessageListener.cs
 0.1 kb	 0.0% Packages/com.unity.visualscripting/Runtime/VisualScripting.Core/Listeners/UIInterfaces/UnityOnCancelMessageListener.cs
 0.1 kb	 0.0% Packages/com.unity.visualscripting/Runtime/VisualScripting.Core/Graphs/MergedGraphElementCollection.cs
 0.1 kb	 0.0% Packages/com.unity.visualscripting/Runtime/VisualScripting.Core/Graphs/IGraphElementWithDebugData.cs
 0.1 kb	 0.0% Packages/com.unity.visualscripting/Runtime/VisualScripting.Core/Exceptions/InvalidConversionException.cs
 0.1 kb	 0.0% Packages/com.unity.visualscripting/Runtime/VisualScripting.Core/EditorBinding/WarnBeforeRemovingAttribute.cs
 0.1 kb	 0.0% Packages/com.unity.visualscripting/Runtime/VisualScripting.Core/EditorBinding/WarnBeforeEditingAttribute.cs
 0.1 kb	 0.0% Packages/com.unity.visualscripting/Runtime/VisualScripting.Core/EditorBinding/TypeIconPriorityAttribute.cs
 0.1 kb	 0.0% Packages/com.unity.visualscripting/Runtime/VisualScripting.Core/EditorBinding/Inspector/InspectorToggleLeftAttribute.cs
 0.1 kb	 0.0% Packages/com.unity.visualscripting/Runtime/VisualScripting.Core/EditorBinding/Inspector/InspectorTextAreaAttribute.cs
 0.1 kb	 0.0% Packages/com.unity.visualscripting/Runtime/VisualScripting.Core/EditorBinding/Inspector/InspectorDelayedAttribute.cs
 0.1 kb	 0.0% Packages/com.unity.visualscripting/Runtime/VisualScripting.Core/EditorBinding/IncludeInSettingsAttribute.cs
 0.1 kb	 0.0% Packages/com.unity.visualscripting/Runtime/VisualScripting.Core/EditorBinding/DisableAnnotationAttribute.cs
 0.1 kb	 0.0% Packages/com.unity.visualscripting/Runtime/VisualScripting.Core/Dependencies/FullSerializer/Internal/fsVersionedType.cs
 0.1 kb	 0.0% Packages/com.unity.visualscripting/Runtime/VisualScripting.Core/Dependencies/FullSerializer/Internal/fsVersionManager.cs
 0.1 kb	 0.0% Packages/com.unity.visualscripting/Runtime/VisualScripting.Core/Dependencies/FullSerializer/Internal/fsTypeExtensions.cs
 0.1 kb	 0.0% Packages/com.unity.visualscripting/Runtime/VisualScripting.Core/Connections/InvalidConnectionException.cs
 0.1 kb	 0.0% Packages/com.unity.test-framework/UnityEngine.TestRunner/Utils/QuaternionEqualityComparer.cs
 0.1 kb	 0.0% Packages/com.unity.test-framework/UnityEngine.TestRunner/Utils/AssemblyProvider/PlayerTestAssemblyProvider.cs
 0.1 kb	 0.0% Packages/com.unity.test-framework/UnityEngine.TestRunner/TestRunner/RuntimeTestRunnerFilter.cs
 0.1 kb	 0.0% Packages/com.unity.test-framework/UnityEngine.TestRunner/TestRunner/Callbacks/TestResultRenderer.cs
 0.1 kb	 0.0% Packages/com.unity.test-framework/UnityEngine.TestRunner/TestRunner/Callbacks/PlayerQuitHandler.cs
 0.1 kb	 0.0% Packages/com.unity.collections/Unity.Collections/UnsafeNotBurstCompatible.cs
 0.1 kb	 0.0% Assets/Resources/Pokemon_project_assets/Overwolrd_obj/Story Objectives/pickup great balls.asset
 0.1 kb	 0.0% Packages/com.unity.visualscripting/Runtime/VisualScripting.Core/Dependencies/FullSerializer/fsPropertyAttribute.cs
 0.1 kb	 0.0% Packages/com.unity.visualscripting/Runtime/VisualScripting.Core/Dependencies/FullSerializer/fsObjectProcessor.cs
 0.1 kb	 0.0% Packages/com.unity.visualscripting/Runtime/VisualScripting.Core/Dependencies/FullSerializer/fsObjectAttribute.cs
 0.1 kb	 0.0% Packages/com.unity.visualscripting/Runtime/VisualScripting.Core/Dependencies/FullSerializer/fsIgnoreAttribute.cs
 0.1 kb	 0.0% Packages/com.unity.visualscripting/Runtime/VisualScripting.Core/Dependencies/FullSerializer/fsDirectConverter.cs
 0.1 kb	 0.0% Packages/com.unity.visualscripting/Runtime/VisualScripting.Core/Dependencies/FullSerializer/fsConverterRegistrar.cs
 0.1 kb	 0.0% Packages/com.unity.visualscripting/Runtime/VisualScripting.Core/Dependencies/FullSerializer/Reflection/fsReflectionUtility.cs
 0.1 kb	 0.0% Packages/com.unity.visualscripting/Runtime/VisualScripting.Core/Dependencies/FullSerializer/Converters/fsReflectedConverter.cs
 0.1 kb	 0.0% Packages/com.unity.visualscripting/Runtime/VisualScripting.Core/Dependencies/FullSerializer/Converters/fsPrimitiveConverter.cs
 0.1 kb	 0.0% Packages/com.unity.visualscripting/Runtime/VisualScripting.Core/Dependencies/FullSerializer/Converters/fsNullableConverter.cs
 0.1 kb	 0.0% Packages/com.unity.visualscripting/Runtime/VisualScripting.Core/Dependencies/FullSerializer/Converters/fsForwardConverter.cs
 0.1 kb	 0.0% Packages/com.unity.visualscripting/Runtime/VisualScripting.Core/Dependencies/FullSerializer/Converters/Unity/Rect_DirectConverter.cs
 0.1 kb	 0.0% Packages/com.unity.test-framework/UnityEngine.TestRunner/Utils/PostBuildCleanupAttribute.cs
 0.1 kb	 0.0% Packages/com.unity.test-framework/UnityEngine.TestRunner/TestRunner/TestEnumeratorWrapper.cs
 0.1 kb	 0.0% Packages/com.unity.test-framework/UnityEngine.TestRunner/TestRunner/PlaymodeTestsController.cs
 0.1 kb	 0.0% Packages/com.unity.test-framework/UnityEngine.TestRunner/NUnitExtensions/TestResultExtensions.cs
 0.1 kb	 0.0% Packages/com.unity.test-framework/UnityEngine.TestRunner/NUnitExtensions/Runner/WorkItemFactory.cs
 0.1 kb	 0.0% Packages/com.unity.test-framework/UnityEngine.TestRunner/NUnitExtensions/Runner/UnityWorkItem.cs
 0.1 kb	 0.0% Packages/com.unity.test-framework/UnityEngine.TestRunner/NUnitExtensions/ITestSuiteModifier.cs
 0.1 kb	 0.0% Packages/com.unity.test-framework/UnityEngine.TestRunner/NUnitExtensions/Filters/FullNameFilter.cs
 0.1 kb	 0.0% Packages/com.unity.test-framework/UnityEngine.TestRunner/NUnitExtensions/ConstructDelegator.cs
 0.1 kb	 0.0% Packages/com.unity.test-framework/UnityEngine.TestRunner/NUnitExtensions/Commands/OuterUnityTestActionCommand.cs
 0.1 kb	 0.0% Packages/com.unity.test-framework/UnityEngine.TestRunner/NUnitExtensions/Commands/ImmediateEnumerableCommand.cs
 0.1 kb	 0.0% Packages/com.unity.test-framework/UnityEngine.TestRunner/NUnitExtensions/Commands/EnumerableTestMethodCommand.cs
 0.1 kb	 0.0% Packages/com.unity.test-framework/UnityEngine.TestRunner/NUnitExtensions/Commands/EnumerableRetryTestCommand.cs
 0.1 kb	 0.0% Packages/com.unity.test-framework/UnityEngine.TestRunner/NUnitExtensions/Commands/BeforeAfterTestCommandState.cs
 0.1 kb	 0.0% Packages/com.unity.test-framework/UnityEngine.TestRunner/NUnitExtensions/Attributes/UnityCombinatorialStrategy.cs
 0.1 kb	 0.0% Packages/com.unity.test-framework/UnityEngine.TestRunner/NUnitExtensions/Attributes/ConditionalIgnoreAttribute.cs
 0.1 kb	 0.0% Packages/com.unity.test-framework/UnityEngine.TestRunner/Assertions/ConstraintsExtensions.cs
 0.1 kb	 0.0% Packages/com.unity.collections/Unity.Collections/UnsafeScratchAllocator.cs
 0.1 kb	 0.0% Packages/com.unity.collections/Unity.Collections/UnsafeHashSetExtensions.gen.cs
 0.1 kb	 0.0% Packages/com.unity.2d.animation/Runtime/SpriteSkinUpdateHelper.cs
 0.1 kb	 0.0% Packages/com.unity.2d.animation/Runtime/SpriteLib/SpriteLibrarySourceAsset.cs
 0.1 kb	 0.0% Packages/com.unity.2d.animation/Runtime/SpriteLib/SpriteLibraryData.cs
 0.1 kb	 0.0% Packages/com.unity.2d.animation/Runtime/SpriteLib/ISpriteLibraryCategory.cs
 0.1 kb	 0.0% Packages/com.unity.visualscripting/Runtime/VisualScripting.State/TriggerStateTransition.cs
 0.1 kb	 0.0% Packages/com.unity.visualscripting/Runtime/VisualScripting.State/INesterStateTransition.cs
 0.1 kb	 0.0% Packages/com.unity.visualscripting/Runtime/VisualScripting.Flow/UnitCategoryConverter.cs
 0.1 kb	 0.0% Packages/com.unity.visualscripting/Runtime/VisualScripting.Flow/Ports/ValueOutputDefinition.cs
 0.1 kb	 0.0% Packages/com.unity.visualscripting/Runtime/VisualScripting.Flow/Ports/IUnitValuePortDefinition.cs
 0.1 kb	 0.0% Packages/com.unity.visualscripting/Runtime/VisualScripting.Flow/Ports/IUnitInputPortDefinition.cs
 0.1 kb	 0.0% Packages/com.unity.visualscripting/Runtime/VisualScripting.Flow/Ports/ControlPortDefinition.cs
 0.1 kb	 0.0% Packages/com.unity.visualscripting/Runtime/VisualScripting.Flow/Ports/ControlOutputDefinition.cs
 0.1 kb	 0.0% Packages/com.unity.visualscripting/Runtime/VisualScripting.Flow/Ports/ControlInputDefinition.cs
 0.1 kb	 0.0% Packages/com.unity.visualscripting/Runtime/VisualScripting.Flow/Framework/Variables/Obsolete/SetApplicationVariable.cs
 0.1 kb	 0.0% Packages/com.unity.visualscripting/Runtime/VisualScripting.Flow/Framework/Variables/Obsolete/IsVariableDefinedUnit.cs
 0.1 kb	 0.0% Packages/com.unity.visualscripting/Runtime/VisualScripting.Flow/Framework/Variables/Obsolete/IsSceneVariableDefined.cs
 0.1 kb	 0.0% Packages/com.unity.visualscripting/Runtime/VisualScripting.Flow/Framework/Variables/Obsolete/IsSavedVariableDefined.cs
 0.1 kb	 0.0% Packages/com.unity.visualscripting/Runtime/VisualScripting.Flow/Framework/Variables/Obsolete/IsObjectVariableDefined.cs
 0.1 kb	 0.0% Packages/com.unity.visualscripting/Runtime/VisualScripting.Flow/Framework/Variables/Obsolete/IsGraphVariableDefined.cs
 0.1 kb	 0.0% Packages/com.unity.visualscripting/Runtime/VisualScripting.Flow/Framework/Variables/Obsolete/IApplicationVariableUnit.cs
 0.1 kb	 0.0% Packages/com.unity.visualscripting/Runtime/VisualScripting.Flow/Framework/Variables/Obsolete/GetApplicationVariable.cs
 0.1 kb	 0.0% Packages/com.unity.visualscripting/Runtime/VisualScripting.Flow/Framework/Time/WaitForEndOfFrameUnit.cs
 0.1 kb	 0.0% Packages/com.unity.visualscripting/Runtime/VisualScripting.Flow/Framework/Logic/NotApproximatelyEqual.cs
 0.1 kb	 0.0% Packages/com.unity.visualscripting/Runtime/VisualScripting.Flow/Framework/Events/Physics/OnControllerColliderHit.cs
 0.1 kb	 0.0% Packages/com.unity.visualscripting/Runtime/VisualScripting.Flow/Framework/Events/Hierarchy/OnTransformParentChanged.cs
 0.1 kb	 0.0% Packages/com.unity.visualscripting/Runtime/VisualScripting.Flow/Framework/Events/GUI/OnScrollbarValueChanged.cs
 0.1 kb	 0.0% Packages/com.unity.visualscripting/Runtime/VisualScripting.Flow/Framework/Events/GUI/OnScrollRectValueChanged.cs
 0.1 kb	 0.0% Packages/com.unity.visualscripting/Runtime/VisualScripting.Flow/Framework/Events/GUI/OnInputFieldValueChanged.cs
 0.1 kb	 0.0% Packages/com.unity.visualscripting/Runtime/VisualScripting.Flow/Framework/Events/GUI/OnDropdownValueChanged.cs
 0.1 kb	 0.0% Packages/com.unity.visualscripting/Runtime/VisualScripting.Flow/Framework/Events/Application/OnApplicationLostFocus.cs
 0.1 kb	 0.0% Packages/com.unity.visualscripting/Runtime/VisualScripting.Flow/Framework/Events/Animation/BoltNamedAnimationEvent.cs
 0.1 kb	 0.0% Packages/com.unity.visualscripting/Runtime/VisualScripting.Flow/Framework/Collections/Dictionaries/DictionaryContainsKey.cs
 0.1 kb	 0.0% Packages/com.unity.visualscripting/Runtime/VisualScripting.Flow/EditorBinding/UnitSurtitleAttribute.cs
 0.1 kb	 0.0% Packages/com.unity.visualscripting/Runtime/VisualScripting.Flow/EditorBinding/UnitSubtitleAttribute.cs
 0.1 kb	 0.0% Packages/com.unity.visualscripting/Runtime/VisualScripting.Flow/EditorBinding/UnitShortTitleAttribute.cs
 0.1 kb	 0.0% Packages/com.unity.visualscripting/Runtime/VisualScripting.Flow/EditorBinding/UnitFooterPortsAttribute.cs
 0.1 kb	 0.0% Packages/com.unity.visualscripting/Runtime/VisualScripting.Flow/EditorBinding/PortLabelHiddenAttribute.cs
 0.1 kb	 0.0% Packages/com.unity.visualscripting/Runtime/VisualScripting.Flow/Dependencies/NCalc/ValueExpression.cs
 0.1 kb	 0.0% Packages/com.unity.visualscripting/Runtime/VisualScripting.Flow/Dependencies/NCalc/UnaryExpression.cs
 0.1 kb	 0.0% Packages/com.unity.visualscripting/Runtime/VisualScripting.Flow/Dependencies/NCalc/ParameterArgs.cs
 0.1 kb	 0.0% Packages/com.unity.visualscripting/Runtime/VisualScripting.Flow/Dependencies/NCalc/BinaryExpression.cs
 0.1 kb	 0.0% Packages/com.unity.visualscripting/Runtime/VisualScripting.Flow/Connections/UnitConnectionDebugData.cs
 0.1 kb	 0.0% Packages/com.unity.visualscripting/Runtime/VisualScripting.Flow/Connections/IUnitConnectionDebugData.cs
 0.1 kb	 0.0% Packages/com.unity.visualscripting/Runtime/VisualScripting.Core/Variables/VariableKindAttribute.cs
 0.1 kb	 0.0% Packages/com.unity.visualscripting/Runtime/VisualScripting.Core/Variables/IGraphDataWithVariables.cs
 0.1 kb	 0.0% Packages/com.unity.visualscripting/Runtime/VisualScripting.Core/Utilities/RuntimeVSUsageUtility.cs
 0.1 kb	 0.0% Packages/com.unity.visualscripting/Runtime/VisualScripting.Core/Utilities/IAnalyticsIdentifiable.cs
 0.1 kb	 0.0% Packages/com.unity.visualscripting/Runtime/VisualScripting.Core/Utilities/ComponentHolderProtocol.cs
 0.1 kb	 0.0% Packages/com.unity.visualscripting/Runtime/VisualScripting.Core/Unity/MacroScriptableObject.cs
 0.1 kb	 0.0% Packages/com.unity.visualscripting/Runtime/VisualScripting.Core/Unity/LudiqScriptableObject.cs
 0.1 kb	 0.0% Packages/com.unity.visualscripting/Runtime/VisualScripting.Core/Serialization/SerializationOperation.cs
 0.1 kb	 0.0% Packages/com.unity.visualscripting/Runtime/VisualScripting.Core/Serialization/ISerializationDepender.cs
 0.1 kb	 0.0% Packages/com.unity.visualscripting/Runtime/VisualScripting.Core/Serialization/ISerializationDependency.cs
 0.1 kb	 0.0% Packages/com.unity.visualscripting/Runtime/VisualScripting.Core/Serialization/DoNotSerializeAttribute.cs
 0.1 kb	 0.0% Packages/com.unity.visualscripting/Runtime/VisualScripting.Core/Reflection/RenamedAssemblyAttribute.cs
 0.1 kb	 0.0% Packages/com.unity.visualscripting/Runtime/VisualScripting.Core/Reflection/Optimization/StaticActionInvokerBase.cs
 0.1 kb	 0.0% Packages/com.unity.visualscripting/Runtime/VisualScripting.Core/Reflection/Optimization/ReflectionFieldAccessor.cs
 0.1 kb	 0.0% Packages/com.unity.visualscripting/Runtime/VisualScripting.Core/Reflection/Operators/NumericNegationHandler.cs
 0.1 kb	 0.0% Packages/com.unity.visualscripting/Runtime/VisualScripting.Core/Reflection/Operators/MultiplicationHandler.cs
 0.1 kb	 0.0% Packages/com.unity.visualscripting/Runtime/VisualScripting.Core/Reflection/Operators/LogicalNegationHandler.cs
 0.1 kb	 0.0% Packages/com.unity.visualscripting/Runtime/VisualScripting.Core/Reflection/Operators/LessThanOrEqualHandler.cs
 0.1 kb	 0.0% Packages/com.unity.visualscripting/Runtime/VisualScripting.Core/Reflection/Operators/InvalidOperatorException.cs
 0.1 kb	 0.0% Packages/com.unity.visualscripting/Runtime/VisualScripting.Core/Reflection/Operators/BinaryOperatorHandler.cs
 0.1 kb	 0.0% Packages/com.unity.visualscripting/Runtime/VisualScripting.Core/Reflection/GenericClosingException.cs
 0.1 kb	 0.0% Packages/com.unity.visualscripting/Runtime/VisualScripting.Core/Platforms/AotIncompatibleAttribute.cs
 0.1 kb	 0.0% Packages/com.unity.visualscripting/Runtime/VisualScripting.Core/Listeners/IGraphEventListenerData.cs
 0.1 kb	 0.0% Packages/com.unity.visualscripting/Runtime/VisualScripting.Core/Listeners/GlobalMessageListener.cs
 0.1 kb	 0.0% Packages/com.unity.visualscripting/Runtime/VisualScripting.Core/Listeners/AnimatorMessageListener.cs
 0.1 kb	 0.0% Packages/com.unity.visualscripting/Runtime/VisualScripting.Core/Graphs/IGraphElementWithData.cs
 0.1 kb	 0.0% Packages/com.unity.visualscripting/Runtime/VisualScripting.Core/Graphs/IGraphElementDebugData.cs
 0.1 kb	 0.0% Packages/com.unity.visualscripting/Runtime/VisualScripting.Core/Graphs/GraphsExceptionUtility.cs
 0.1 kb	 0.0% Packages/com.unity.visualscripting/Runtime/VisualScripting.Core/Graphs/GraphPointerException.cs
 0.1 kb	 0.0% Packages/com.unity.visualscripting/Runtime/VisualScripting.Core/EditorBinding/NullMeansSelfAttribute.cs
 0.1 kb	 0.0% Packages/com.unity.visualscripting/Runtime/VisualScripting.Core/EditorBinding/Inspector/InspectorWideAttribute.cs
 0.1 kb	 0.0% Packages/com.unity.visualscripting/Runtime/VisualScripting.Core/EditorBinding/Inspector/InspectorRangeAttribute.cs
 0.1 kb	 0.0% Packages/com.unity.visualscripting/Runtime/VisualScripting.Core/EditorBinding/Inspector/InspectorLabelAttribute.cs
 0.1 kb	 0.0% Packages/com.unity.visualscripting/Runtime/VisualScripting.Core/EditorBinding/InspectableIfAttribute.cs
 0.1 kb	 0.0% Packages/com.unity.visualscripting/Runtime/VisualScripting.Core/EditorBinding/IInspectableAttribute.cs
 0.1 kb	 0.0% Packages/com.unity.visualscripting/Runtime/VisualScripting.Core/EditorBinding/ExpectedTypeAttribute.cs
 0.1 kb	 0.0% Packages/com.unity.visualscripting/Runtime/VisualScripting.Core/Collections/INotifiedCollectionItem.cs
 0.1 kb	 0.0% Packages/com.unity.visualscripting/Runtime/VisualScripting.Core/Cloning/Cloners/FakeSerializationCloner.cs
 0.1 kb	 0.0% Packages/com.unity.timeline/Runtime/Animation/AnimationPreviewUpdateCallback.cs
 0.1 kb	 0.0% Packages/com.unity.timeline/Runtime/Animation/AnimationOutputWeightProcessor.cs
 0.1 kb	 0.0% Packages/com.unity.textmeshpro/Scripts/Runtime/TMP_SpriteAssetImportFormats.cs
 0.1 kb	 0.0% Packages/com.unity.test-framework/UnityEngine.TestRunner/Utils/Vector4EqualityComparer.cs
 0.1 kb	 0.0% Packages/com.unity.test-framework/UnityEngine.TestRunner/Utils/Vector3EqualityComparer.cs
 0.1 kb	 0.0% Packages/com.unity.test-framework/UnityEngine.TestRunner/Utils/Vector2EqualityComparer.cs
 0.1 kb	 0.0% Packages/com.unity.test-framework/UnityEngine.TestRunner/Utils/TestRunCallbackListener.cs
 0.1 kb	 0.0% Packages/com.unity.test-framework/UnityEngine.TestRunner/Utils/PrebuildSceneSetupAttribute.cs
 0.1 kb	 0.0% Packages/com.unity.test-framework/UnityEngine.TestRunner/Utils/FloatEqualityComparer.cs
 0.1 kb	 0.0% Packages/com.unity.test-framework/UnityEngine.TestRunner/Utils/ColorEqualityComparer.cs
 0.1 kb	 0.0% Packages/com.unity.test-framework/UnityEngine.TestRunner/Utils/AssemblyProvider/ScriptingRuntimeProxy.cs
 0.1 kb	 0.0% Packages/com.unity.test-framework/UnityEngine.TestRunner/Utils/AssemblyProvider/IScriptingRuntimeProxy.cs
 0.1 kb	 0.0% Packages/com.unity.test-framework/UnityEngine.TestRunner/TestRunner/SynchronousFilter.cs
 0.1 kb	 0.0% Packages/com.unity.test-framework/UnityEngine.TestRunner/TestRunner/RemoteHelpers/RemoteTestResultData.cs
 0.1 kb	 0.0% Packages/com.unity.collections/Unity.Collections/UnsafeAtomicCounter.cs
 0.1 kb	 0.0% Packages/com.unity.2d.spriteshape/Runtime/SpriteShapeGeometryModifier.cs
 0.1 kb	 0.0% Packages/com.unity.2d.spriteshape/Runtime/SpriteShapeGeometryCreator.cs
 0.1 kb	 0.0% Packages/com.unity.2d.spriteshape/Runtime/SpriteShapeDefaultCreator.cs
 0.1 kb	 0.0% Packages/com.unity.2d.common/Runtime/InternalBridge/InternalEngineBridge.cs
 0.1 kb	 0.0% Assets/TextMesh Pro/Resources/LineBreaking Leading Characters.txt
 0.1 kb	 0.0% Assets/Resources/Pokemon_project_assets/Pokemon_obj/Moves/EffectInfoModules/fly info.asset
 0.1 kb	 0.0% Assets/Resources/Pokemon_project_assets/Enemies/Data/Trevor/Trevor Wurmple.asset
 0.1 kb	 0.0% Assets/Resources/Pokemon_project_assets/Enemies/Data/Trevor/Trevor Treeko.asset
 0.1 kb	 0.0% Assets/Resources/Pokemon_project_assets/Enemies/Data/Trevor/Trevor Mudkip.asset
 0.1 kb	 0.0% Packages/com.unity.visualscripting/Runtime/VisualScripting.Core/Reflection/Optimization/StaticActionInvoker_5.cs
 0.1 kb	 0.0% Packages/com.unity.visualscripting/Runtime/VisualScripting.Core/Reflection/Optimization/StaticActionInvoker_4.cs
 0.1 kb	 0.0% Packages/com.unity.visualscripting/Runtime/VisualScripting.Core/Reflection/Optimization/StaticActionInvoker_3.cs
 0.1 kb	 0.0% Packages/com.unity.visualscripting/Runtime/VisualScripting.Core/Reflection/Optimization/StaticActionInvoker_2.cs
 0.1 kb	 0.0% Packages/com.unity.visualscripting/Runtime/VisualScripting.Core/Reflection/Optimization/StaticActionInvoker_1.cs
 0.1 kb	 0.0% Packages/com.unity.visualscripting/Runtime/VisualScripting.Core/Reflection/Optimization/StaticActionInvoker_0.cs
 0.1 kb	 0.0% Packages/com.unity.visualscripting/Runtime/VisualScripting.Core/Ensure/EnsureThat.NullableValueTypes.cs
 0.1 kb	 0.0% Packages/com.unity.visualscripting/Runtime/VisualScripting.Core/Dependencies/FullSerializer/fsJsonPrinter.cs
 0.1 kb	 0.0% Packages/com.unity.visualscripting/Runtime/VisualScripting.Core/Dependencies/FullSerializer/fsBaseConverter.cs
 0.1 kb	 0.0% Packages/com.unity.visualscripting/Runtime/VisualScripting.Core/Dependencies/FullSerializer/Reflection/fsMetaProperty.cs
 0.1 kb	 0.0% Packages/com.unity.visualscripting/Runtime/VisualScripting.Core/Dependencies/FullSerializer/Converters/fsTypeConverter.cs
 0.1 kb	 0.0% Packages/com.unity.visualscripting/Runtime/VisualScripting.Core/Dependencies/FullSerializer/Converters/fsGuidConverter.cs
 0.1 kb	 0.0% Packages/com.unity.visualscripting/Runtime/VisualScripting.Core/Dependencies/FullSerializer/Converters/fsEnumConverter.cs
 0.1 kb	 0.0% Packages/com.unity.visualscripting/Runtime/VisualScripting.Core/Dependencies/FullSerializer/Converters/fsDateConverter.cs
 0.1 kb	 0.0% Packages/com.unity.visualscripting/Runtime/VisualScripting.Core/Dependencies/FullSerializer/Converters/fsArrayConverter.cs
 0.1 kb	 0.0% Packages/com.unity.ugui/Runtime/UI/Core/Layout/HorizontalOrVerticalLayoutGroup.cs
 0.1 kb	 0.0% Packages/com.unity.test-framework/UnityEngine.TestRunner/Utils/TestRunCallbackAttribute.cs
 0.1 kb	 0.0% Packages/com.unity.test-framework/UnityEngine.TestRunner/Utils/IOuterUnityTestAction.cs
 0.1 kb	 0.0% Packages/com.unity.test-framework/UnityEngine.TestRunner/TestRunner/TestListenerWrapper.cs
 0.1 kb	 0.0% Packages/com.unity.test-framework/UnityEngine.TestRunner/TestRunner/ITestRunnerListener.cs
 0.1 kb	 0.0% Packages/com.unity.test-framework/UnityEngine.TestRunner/NUnitExtensions/TestExtensions.cs
 0.1 kb	 0.0% Packages/com.unity.test-framework/UnityEngine.TestRunner/NUnitExtensions/Runner/FailCommand.cs
 0.1 kb	 0.0% Packages/com.unity.test-framework/UnityEngine.TestRunner/NUnitExtensions/IStateSerializer.cs
 0.1 kb	 0.0% Packages/com.unity.test-framework/UnityEngine.TestRunner/NUnitExtensions/Commands/UnityTestMethodCommand.cs
 0.1 kb	 0.0% Packages/com.unity.test-framework/UnityEngine.TestRunner/NUnitExtensions/BaseDelegator.cs
 0.1 kb	 0.0% Packages/com.unity.test-framework/UnityEngine.TestRunner/NUnitExtensions/Attributes/UnityTearDownAttribute.cs
 0.1 kb	 0.0% Packages/com.unity.test-framework/UnityEngine.TestRunner/NUnitExtensions/Attributes/UnityPlatformAttribute.cs
 0.1 kb	 0.0% Packages/com.unity.test-framework/UnityEngine.TestRunner/NUnitExtensions/ActionDelegator.cs
 0.1 kb	 0.0% Packages/com.unity.collections/Unity.Collections/UnsafeUtilityEx.cs
 0.1 kb	 0.0% Packages/com.unity.collections/Unity.Collections/UnsafeHashMap.cs
 0.1 kb	 0.0% Packages/com.unity.collections/Unity.Collections/UnsafeAppendBuffer.cs
 0.1 kb	 0.0% Packages/com.unity.2d.pixel-perfect/Runtime/PixelPerfectCameraInternal.cs
 0.1 kb	 0.0% Packages/com.unity.2d.common/Runtime/InternalBridge/IAnimationPreviewable.cs
 0.1 kb	 0.0% Packages/com.unity.2d.animation/Runtime/TransformAccessJob.cs
 0.1 kb	 0.0% Packages/com.unity.2d.animation/Runtime/SpriteSkinUtility.cs
 0.1 kb	 0.0% Packages/com.unity.2d.animation/Runtime/SpriteSkinComposite.cs
 0.1 kb	 0.0% Packages/com.unity.2d.animation/Runtime/SpriteLib/SpriteLibraryUtility.cs
 0.1 kb	 0.0% Packages/com.unity.2d.animation/Runtime/SpriteLib/SpriteLibraryAsset.cs
 0.1 kb	 0.0% Packages/com.unity.2d.animation/Runtime/SpriteLib/ISpriteLibraryLabel.cs
 0.1 kb	 0.0% Packages/com.unity.2d.animation/Runtime/NativeArrayHelper.cs
 0.1 kb	 0.0% Assets/Tiles/Terrain/Water Rock.asset
 0.1 kb	 0.0% Assets/Resources/Pokemon_project_assets/Tests/Integration/Mirror Move Test/Test Pokemon.asset
 0.1 kb	 0.0% Assets/Resources/Pokemon_project_assets/Pokemon_obj/Moves/EffectInfoModules/dig info.asset
 0.1 kb	 0.0% Packages/com.unity.visualscripting/Runtime/VisualScripting.State/FlowStateTransition.cs
 0.1 kb	 0.0% Packages/com.unity.visualscripting/Runtime/VisualScripting.Flow/Ports/ValuePortDefinition.cs
 0.1 kb	 0.0% Packages/com.unity.visualscripting/Runtime/VisualScripting.Flow/Ports/ValueInputDefinition.cs
 0.1 kb	 0.0% Packages/com.unity.visualscripting/Runtime/VisualScripting.Flow/Ports/UnitPortDefinition.cs
 0.1 kb	 0.0% Packages/com.unity.visualscripting/Runtime/VisualScripting.Flow/Ports/IUnitPortDefinition.cs
 0.1 kb	 0.0% Packages/com.unity.visualscripting/Runtime/VisualScripting.Flow/Framework/Variables/UnifiedVariableUnit.cs
 0.1 kb	 0.0% Packages/com.unity.visualscripting/Runtime/VisualScripting.Flow/Framework/Variables/Obsolete/SetObjectVariable.cs
 0.1 kb	 0.0% Packages/com.unity.visualscripting/Runtime/VisualScripting.Flow/Framework/Variables/Obsolete/ISceneVariableUnit.cs
 0.1 kb	 0.0% Packages/com.unity.visualscripting/Runtime/VisualScripting.Flow/Framework/Variables/Obsolete/ISavedVariableUnit.cs
 0.1 kb	 0.0% Packages/com.unity.visualscripting/Runtime/VisualScripting.Flow/Framework/Variables/Obsolete/IObjectVariableUnit.cs
 0.1 kb	 0.0% Packages/com.unity.visualscripting/Runtime/VisualScripting.Flow/Framework/Variables/Obsolete/IGraphVariableUnit.cs
 0.1 kb	 0.0% Packages/com.unity.visualscripting/Runtime/VisualScripting.Flow/Framework/Variables/Obsolete/GetObjectVariable.cs
 0.1 kb	 0.0% Packages/com.unity.visualscripting/Runtime/VisualScripting.Flow/Framework/Variables/IsVariableDefined.cs
 0.1 kb	 0.0% Packages/com.unity.visualscripting/Runtime/VisualScripting.Flow/Framework/Variables/IUnifiedVariableUnit.cs
 0.1 kb	 0.0% Packages/com.unity.visualscripting/Runtime/VisualScripting.Flow/Framework/Time/WaitForSecondsUnit.cs
 0.1 kb	 0.0% Packages/com.unity.visualscripting/Runtime/VisualScripting.Flow/Framework/Time/WaitForNextFrameUnit.cs
 0.1 kb	 0.0% Packages/com.unity.visualscripting/Runtime/VisualScripting.Flow/Framework/Math/Vector4/Vector4MoveTowards.cs
 0.1 kb	 0.0% Packages/com.unity.visualscripting/Runtime/VisualScripting.Flow/Framework/Math/Vector4/Vector4DotProduct.cs
 0.1 kb	 0.0% Packages/com.unity.visualscripting/Runtime/VisualScripting.Flow/Framework/Math/Vector4/DeprecatedVector4Add.cs
 0.1 kb	 0.0% Packages/com.unity.visualscripting/Runtime/VisualScripting.Flow/Framework/Math/Vector3/Vector3MoveTowards.cs
 0.1 kb	 0.0% Packages/com.unity.visualscripting/Runtime/VisualScripting.Flow/Framework/Math/Vector3/Vector3DotProduct.cs
 0.1 kb	 0.0% Packages/com.unity.visualscripting/Runtime/VisualScripting.Flow/Framework/Math/Vector3/Vector3CrossProduct.cs
 0.1 kb	 0.0% Packages/com.unity.visualscripting/Runtime/VisualScripting.Flow/Framework/Math/Vector3/DeprecatedVector3Add.cs
 0.1 kb	 0.0% Packages/com.unity.visualscripting/Runtime/VisualScripting.Flow/Framework/Math/Vector2/Vector2MoveTowards.cs
 0.1 kb	 0.0% Packages/com.unity.visualscripting/Runtime/VisualScripting.Flow/Framework/Math/Vector2/Vector2DotProduct.cs
 0.1 kb	 0.0% Packages/com.unity.visualscripting/Runtime/VisualScripting.Flow/Framework/Math/Vector2/DeprecatedVector2Add.cs
 0.1 kb	 0.0% Packages/com.unity.visualscripting/Runtime/VisualScripting.Flow/Framework/Math/Scalar/ScalarMoveTowards.cs
 0.1 kb	 0.0% Packages/com.unity.visualscripting/Runtime/VisualScripting.Flow/Framework/Math/Scalar/ScalarExponentiate.cs
 0.1 kb	 0.0% Packages/com.unity.visualscripting/Runtime/VisualScripting.Flow/Framework/Math/Scalar/DeprecatedScalarAdd.cs
 0.1 kb	 0.0% Packages/com.unity.visualscripting/Runtime/VisualScripting.Flow/Framework/Math/Generic/DeprecatedGenericAdd.cs
 0.1 kb	 0.0% Packages/com.unity.visualscripting/Runtime/VisualScripting.Flow/Framework/Logic/NumericComparison.cs
 0.1 kb	 0.0% Packages/com.unity.visualscripting/Runtime/VisualScripting.Flow/Framework/Logic/EqualityComparison.cs
 0.1 kb	 0.0% Packages/com.unity.visualscripting/Runtime/VisualScripting.Flow/Framework/Logic/BinaryComparisonUnit.cs
 0.1 kb	 0.0% Packages/com.unity.visualscripting/Runtime/VisualScripting.Flow/Framework/Logic/ApproximatelyEqual.cs
 0.1 kb	 0.0% Packages/com.unity.visualscripting/Runtime/VisualScripting.Flow/Framework/Events/TriggerCustomEvent.cs
 0.1 kb	 0.0% Packages/com.unity.visualscripting/Runtime/VisualScripting.Flow/Framework/Events/Rendering/OnBecameInvisible.cs
 0.1 kb	 0.0% Packages/com.unity.visualscripting/Runtime/VisualScripting.Flow/Framework/Events/Physics2D/TriggerEvent2DUnit.cs
 0.1 kb	 0.0% Packages/com.unity.visualscripting/Runtime/VisualScripting.Flow/Framework/Events/Physics2D/OnCollisionStay2D.cs
 0.1 kb	 0.0% Packages/com.unity.visualscripting/Runtime/VisualScripting.Flow/Framework/Events/Physics2D/OnCollisionExit2D.cs
 0.1 kb	 0.0% Packages/com.unity.visualscripting/Runtime/VisualScripting.Flow/Framework/Events/Physics2D/OnCollisionEnter2D.cs
 0.1 kb	 0.0% Packages/com.unity.visualscripting/Runtime/VisualScripting.Flow/Framework/Events/Physics2D/CollisionEvent2DUnit.cs
 0.1 kb	 0.0% Packages/com.unity.visualscripting/Runtime/VisualScripting.Flow/Framework/Events/Physics/OnParticleCollision.cs
 0.1 kb	 0.0% Packages/com.unity.visualscripting/Runtime/VisualScripting.Flow/Framework/Events/Physics/CollisionEventUnit.cs
 0.1 kb	 0.0% Packages/com.unity.visualscripting/Runtime/VisualScripting.Flow/Framework/Events/Navigation/OnDestinationReached.cs
 0.1 kb	 0.0% Packages/com.unity.visualscripting/Runtime/VisualScripting.Flow/Framework/Events/Input/OnMouseUpAsButton.cs
 0.1 kb	 0.0% Packages/com.unity.visualscripting/Runtime/VisualScripting.Flow/Framework/Events/GUI/OnToggleValueChanged.cs
 0.1 kb	 0.0% Packages/com.unity.visualscripting/Runtime/VisualScripting.Flow/Framework/Events/GUI/OnSliderValueChanged.cs
 0.1 kb	 0.0% Packages/com.unity.visualscripting/Runtime/VisualScripting.Flow/Framework/Events/GUI/OnInputFieldEndEdit.cs
 0.1 kb	 0.0% Packages/com.unity.visualscripting/Runtime/VisualScripting.Flow/Framework/Events/GUI/GenericGuiEventUnit.cs
 0.1 kb	 0.0% Packages/com.unity.visualscripting/Runtime/VisualScripting.Flow/Framework/Events/Editor/OnDrawGizmosSelected.cs
 0.1 kb	 0.0% Packages/com.unity.visualscripting/Runtime/VisualScripting.Flow/Framework/Events/Application/OnApplicationResume.cs
 0.1 kb	 0.0% Packages/com.unity.visualscripting/Runtime/VisualScripting.Flow/Framework/Events/Application/OnApplicationQuit.cs
 0.1 kb	 0.0% Packages/com.unity.visualscripting/Runtime/VisualScripting.Flow/Framework/Events/Application/OnApplicationPause.cs
 0.1 kb	 0.0% Packages/com.unity.visualscripting/Runtime/VisualScripting.Flow/Framework/Events/Application/OnApplicationFocus.cs
 0.1 kb	 0.0% Packages/com.unity.visualscripting/Runtime/VisualScripting.Flow/Framework/Events/Animation/BoltAnimationEvent.cs
 0.1 kb	 0.0% Packages/com.unity.visualscripting/Runtime/VisualScripting.Flow/Framework/Collections/Dictionaries/SetDictionaryItem.cs
 0.1 kb	 0.0% Packages/com.unity.visualscripting/Runtime/VisualScripting.Flow/Framework/Collections/Dictionaries/RemoveDictionaryItem.cs
 0.1 kb	 0.0% Packages/com.unity.visualscripting/Runtime/VisualScripting.Flow/Framework/Collections/Dictionaries/MergeDictionaries.cs
 0.1 kb	 0.0% Packages/com.unity.visualscripting/Runtime/VisualScripting.Flow/Framework/Collections/Dictionaries/GetDictionaryItem.cs
 0.1 kb	 0.0% Packages/com.unity.visualscripting/Runtime/VisualScripting.Flow/Framework/Collections/Dictionaries/AddDictionaryItem.cs
 0.1 kb	 0.0% Packages/com.unity.visualscripting/Runtime/VisualScripting.Flow/EditorBinding/UnitTitleAttribute.cs
 0.1 kb	 0.0% Packages/com.unity.visualscripting/Runtime/VisualScripting.Flow/EditorBinding/UnitOrderAttribute.cs
 0.1 kb	 0.0% Packages/com.unity.visualscripting/Runtime/VisualScripting.Flow/EditorBinding/SpecialUnitAttribute.cs
 0.1 kb	 0.0% Packages/com.unity.visualscripting/Runtime/VisualScripting.Flow/EditorBinding/PortLabelAttribute.cs
 0.1 kb	 0.0% Packages/com.unity.visualscripting/Runtime/VisualScripting.Flow/Dependencies/NCalc/NCalcParser.cs
 0.1 kb	 0.0% Packages/com.unity.visualscripting/Runtime/VisualScripting.Flow/Dependencies/NCalc/NCalcLexer.cs
 0.1 kb	 0.0% Packages/com.unity.visualscripting/Runtime/VisualScripting.Flow/Dependencies/NCalc/FunctionArgs.cs
 0.1 kb	 0.0% Packages/com.unity.visualscripting/Runtime/VisualScripting.Flow/Dependencies/NCalc/Expression.cs
 0.1 kb	 0.0% Packages/com.unity.visualscripting/Runtime/VisualScripting.Flow/Connections/InvalidConnection.cs
 0.1 kb	 0.0% Packages/com.unity.visualscripting/Runtime/VisualScripting.Flow/Connections/ControlConnection.cs
 0.1 kb	 0.0% Packages/com.unity.visualscripting/Runtime/VisualScripting.Core/Variables/VariableDeclarations.cs
 0.1 kb	 0.0% Packages/com.unity.visualscripting/Runtime/VisualScripting.Core/Variables/VariableDeclaration.cs
 0.1 kb	 0.0% Packages/com.unity.visualscripting/Runtime/VisualScripting.Core/Variables/IGraphWithVariables.cs
 0.1 kb	 0.0% Packages/com.unity.visualscripting/Runtime/VisualScripting.Core/Variables/ApplicationVariables.cs
 0.1 kb	 0.0% Packages/com.unity.visualscripting/Runtime/VisualScripting.Core/Utilities/UnityObjectUtility.cs
 0.1 kb	 0.0% Packages/com.unity.visualscripting/Runtime/VisualScripting.Core/Utilities/ReferenceCollector.cs
 0.1 kb	 0.0% Packages/com.unity.visualscripting/Runtime/VisualScripting.Core/Utilities/CSharpNameUtility.cs
 0.1 kb	 0.0% Packages/com.unity.visualscripting/Runtime/VisualScripting.Core/Unity/SingletonAttribute.cs
 0.1 kb	 0.0% Packages/com.unity.visualscripting/Runtime/VisualScripting.Core/Unity/IUnityObjectOwnable.cs
 0.1 kb	 0.0% Packages/com.unity.visualscripting/Runtime/VisualScripting.Core/Serialization/SerializeAttribute.cs
 0.1 kb	 0.0% Packages/com.unity.visualscripting/Runtime/VisualScripting.Core/Serialization/SerializeAsAttribute.cs
 0.1 kb	 0.0% Packages/com.unity.visualscripting/Runtime/VisualScripting.Core/Serialization/SerializationData.cs
 0.1 kb	 0.0% Packages/com.unity.visualscripting/Runtime/VisualScripting.Core/Serialization/Converters/UnityObjectConverter.cs
 0.1 kb	 0.0% Packages/com.unity.visualscripting/Runtime/VisualScripting.Core/Serialization/Converters/NamespaceConverter.cs
 0.1 kb	 0.0% Packages/com.unity.visualscripting/Runtime/VisualScripting.Core/Reflection/RenamedFromAttribute.cs
 0.1 kb	 0.0% Packages/com.unity.visualscripting/Runtime/VisualScripting.Core/Reflection/Optimization/StaticInvokerBase.cs
 0.1 kb	 0.0% Packages/com.unity.visualscripting/Runtime/VisualScripting.Core/Reflection/Optimization/ReflectionInvoker.cs
 0.1 kb	 0.0% Packages/com.unity.visualscripting/Runtime/VisualScripting.Core/Reflection/Optimization/OptimizedReflection.cs
 0.1 kb	 0.0% Packages/com.unity.visualscripting/Runtime/VisualScripting.Core/Reflection/Optimization/IOptimizedInvoker.cs
 0.1 kb	 0.0% Packages/com.unity.visualscripting/Runtime/VisualScripting.Core/Reflection/Optimization/IOptimizedAccessor.cs
 0.1 kb	 0.0% Packages/com.unity.visualscripting/Runtime/VisualScripting.Core/Reflection/Operators/UnaryOperatorHandler.cs
 0.1 kb	 0.0% Packages/com.unity.visualscripting/Runtime/VisualScripting.Core/Reflection/Operators/SubtractionHandler.cs
 0.1 kb	 0.0% Packages/com.unity.visualscripting/Runtime/VisualScripting.Core/Reflection/Operators/RightShiftHandler.cs
 0.1 kb	 0.0% Packages/com.unity.visualscripting/Runtime/VisualScripting.Core/Reflection/Operators/OperatorException.cs
 0.1 kb	 0.0% Packages/com.unity.visualscripting/Runtime/VisualScripting.Core/Reflection/Operators/InequalityHandler.cs
 0.1 kb	 0.0% Packages/com.unity.visualscripting/Runtime/VisualScripting.Core/Reflection/Operators/GreaterThanHandler.cs
 0.1 kb	 0.0% Packages/com.unity.visualscripting/Runtime/VisualScripting.Core/Reflection/Operators/ExclusiveOrHandler.cs
 0.1 kb	 0.0% Packages/com.unity.visualscripting/Runtime/VisualScripting.Core/Reflection/MemberInfoComparer.cs
 0.1 kb	 0.0% Packages/com.unity.visualscripting/Runtime/VisualScripting.Core/Reflection/LooseAssemblyName.cs
 0.1 kb	 0.0% Packages/com.unity.visualscripting/Runtime/VisualScripting.Core/Reflection/IAttributeProvider.cs
 0.1 kb	 0.0% Packages/com.unity.visualscripting/Runtime/VisualScripting.Core/Reflection/ConversionUtility.cs
 0.1 kb	 0.0% Packages/com.unity.visualscripting/Runtime/VisualScripting.Core/Listeners/UnityMessageListener.cs
 0.1 kb	 0.0% Packages/com.unity.visualscripting/Runtime/VisualScripting.Core/Listeners/IGraphEventListener.cs
 0.1 kb	 0.0% Packages/com.unity.visualscripting/Runtime/VisualScripting.Core/Graphs/IGraphParentElement.cs
 0.1 kb	 0.0% Packages/com.unity.visualscripting/Runtime/VisualScripting.Core/Graphs/IGraphNesterElement.cs
 0.1 kb	 0.0% Packages/com.unity.visualscripting/Runtime/VisualScripting.Core/Graphs/IGraphElementData.cs
 0.1 kb	 0.0% Packages/com.unity.visualscripting/Runtime/VisualScripting.Core/Events/FrameDelayedCallback.cs
 0.1 kb	 0.0% Packages/com.unity.visualscripting/Runtime/VisualScripting.Core/Events/EventHookComparer.cs
 0.1 kb	 0.0% Packages/com.unity.visualscripting/Runtime/VisualScripting.Core/Ensure/ExceptionMessages.cs
 0.1 kb	 0.0% Packages/com.unity.visualscripting/Runtime/VisualScripting.Core/EditorBinding/TypeIconAttribute.cs
 0.1 kb	 0.0% Packages/com.unity.visualscripting/Runtime/VisualScripting.Core/EditorBinding/PredictableAttribute.cs
 0.1 kb	 0.0% Packages/com.unity.visualscripting/Runtime/VisualScripting.Core/EditorBinding/InspectableAttribute.cs
 0.1 kb	 0.0% Packages/com.unity.visualscripting/Runtime/VisualScripting.Core/EditorBinding/EditorTimeBinding.cs
 0.1 kb	 0.0% Packages/com.unity.visualscripting/Runtime/VisualScripting.Core/EditorBinding/EditorBindingUtility.cs
 0.1 kb	 0.0% Packages/com.unity.visualscripting/Runtime/VisualScripting.Core/EditorBinding/AllowsNullAttribute.cs
 0.1 kb	 0.0% Packages/com.unity.visualscripting/Runtime/VisualScripting.Core/Dependencies/FullSerializer/Internal/fsOption.cs
 0.1 kb	 0.0% Packages/com.unity.visualscripting/Runtime/VisualScripting.Core/Decorators/IDecoratorAttribute.cs
 0.1 kb	 0.0% Packages/com.unity.visualscripting/Runtime/VisualScripting.Core/Cloning/Cloners/AnimationCurveCloner.cs
 0.1 kb	 0.0% Packages/com.unity.timeline/Runtime/Utilities/AnimationPreviewUtilities.cs
 0.1 kb	 0.0% Packages/com.unity.timeline/Runtime/Playables/TimeNotificationBehaviour.cs
 0.1 kb	 0.0% Packages/com.unity.timeline/Runtime/Playables/ActivationControlPlayable.cs
 0.1 kb	 0.0% Packages/com.unity.timeline/Runtime/Events/INotificationOptionProvider.cs
 0.1 kb	 0.0% Packages/com.unity.test-framework/UnityEngine.TestRunner/Utils/AssemblyProvider/IAssemblyLoadProxy.cs
 0.1 kb	 0.0% Packages/com.unity.test-framework/UnityEngine.TestRunner/Utils/AssemblyProvider/AssemblyLoadProxy.cs
 0.1 kb	 0.0% Packages/com.unity.test-framework/UnityEngine.TestRunner/TestRunner/RemoteHelpers/RemoteTestData.cs
 0.1 kb	 0.0% Packages/com.unity.collections/Unity.Collections/NativeNotBurstCompatible.cs
 0.1 kb	 0.0% Packages/com.unity.2d.tilemap.extras/Runtime/Tiles/RuleOverrideTile/AdvancedRuleOverrideTile.cs
 0.1 kb	 0.0% Packages/com.unity.2d.spriteshape/Runtime/SpriteShapeController.cs
 0.1 kb	 0.0% Packages/com.unity.2d.spriteshape/Runtime/External/LibTessDotNet/MeshUtils.cs
 0.1 kb	 0.0% Assets/Tiles/Terrain/flower.asset
 0.1 kb	 0.0% Assets/Resources/Pokemon_project_assets/Pokemon_obj/Abilities/Pickup.asset
 0.1 kb	 0.0% Assets/Resources/Pokemon_project_assets/Overwolrd_obj/Story Objectives/Take a gift pokemon.asset
 0.1 kb	 0.0% Packages/com.unity.visualscripting/Runtime/VisualScripting.Core/Ensure/EnsureThat.ValueTypes.cs
 0.1 kb	 0.0% Packages/com.unity.visualscripting/Runtime/VisualScripting.Core/Ensure/EnsureThat.Reflection.cs
 0.1 kb	 0.0% Packages/com.unity.visualscripting/Runtime/VisualScripting.Core/Ensure/EnsureThat.Comparables.cs
 0.1 kb	 0.0% Packages/com.unity.visualscripting/Runtime/VisualScripting.Core/Ensure/EnsureThat.Collections.cs
 0.1 kb	 0.0% Packages/com.unity.visualscripting/Runtime/VisualScripting.Core/Dependencies/FullSerializer/fsSerializer.cs
 0.1 kb	 0.0% Packages/com.unity.visualscripting/Runtime/VisualScripting.Core/Dependencies/FullSerializer/fsJsonParser.cs
 0.1 kb	 0.0% Packages/com.unity.visualscripting/Runtime/VisualScripting.Core/Dependencies/FullSerializer/fsConverter.cs
 0.1 kb	 0.0% Packages/com.unity.visualscripting/Runtime/VisualScripting.Core/Dependencies/FullSerializer/fsContext.cs
 0.1 kb	 0.0% Packages/com.unity.visualscripting/Runtime/VisualScripting.Core/Dependencies/FullSerializer/Reflection/fsTypeCache.cs
 0.1 kb	 0.0% Packages/com.unity.visualscripting/Runtime/VisualScripting.Core/Dependencies/FullSerializer/Reflection/fsMetaType.cs
 0.1 kb	 0.0% Packages/com.unity.ugui/Runtime/EventSystem/InputModules/StandaloneInputModule.cs
 0.1 kb	 0.0% Packages/com.unity.test-framework/UnityEngine.TestRunner/Utils/MonoBehaviourTest/IMonoBehaviourTest.cs
 0.1 kb	 0.0% Packages/com.unity.test-framework/UnityEngine.TestRunner/Utils/IPostBuildCleanup.cs
 0.1 kb	 0.0% Packages/com.unity.test-framework/UnityEngine.TestRunner/TestRunner/TestPlatform.cs
 0.1 kb	 0.0% Packages/com.unity.test-framework/UnityEngine.TestRunner/NUnitExtensions/Commands/TestCommandPcHelper.cs
 0.1 kb	 0.0% Packages/com.unity.test-framework/UnityEngine.TestRunner/NUnitExtensions/Commands/TestActionCommand.cs
 0.1 kb	 0.0% Packages/com.unity.test-framework/UnityEngine.TestRunner/NUnitExtensions/Commands/SetUpTearDownCommand.cs
 0.1 kb	 0.0% Packages/com.unity.test-framework/UnityEngine.TestRunner/NUnitExtensions/Commands/EnumerableTestState.cs
 0.1 kb	 0.0% Packages/com.unity.test-framework/UnityEngine.TestRunner/NUnitExtensions/Attributes/UnityTestAttribute.cs
 0.1 kb	 0.0% Packages/com.unity.test-framework/UnityEngine.TestRunner/NUnitExtensions/Attributes/UnitySetUpAttribute.cs
 0.1 kb	 0.0% Packages/com.unity.collections/Unity.Collections/UnsafeBitArray.cs
 0.1 kb	 0.0% Packages/com.unity.collections/Unity.Collections/UTF8ArrayUnsafeUtility.cs
 0.1 kb	 0.0% Packages/com.unity.collections/Unity.Collections/NativeHashSetExtensions.gen.cs
 0.1 kb	 0.0% Packages/com.unity.collections/Unity.Collections/NativeHashMapExtensions.cs
 0.1 kb	 0.0% Packages/com.unity.collections/Unity.Collections/NativeArrayExtensions.cs
 0.1 kb	 0.0% Packages/com.unity.collections/Unity.Collections/FixedStringInternalMethods.cs
 0.1 kb	 0.0% Packages/com.unity.collections/Unity.Collections/FixedStringFormatMethods.gen.cs
 0.1 kb	 0.0% Packages/com.unity.collections/Unity.Collections/BurstCompatibleAttribute.cs
 0.1 kb	 0.0% Packages/com.unity.burst/Runtime/CompilerServices/SkipLocalsInitAttribute.cs
 0.1 kb	 0.0% Packages/com.unity.burst/Runtime/CompilerServices/IgnoreWarningAttribute.cs
 0.1 kb	 0.0% Packages/com.unity.ai.navigation/Runtime/NavMeshModifierVolume.cs
 0.1 kb	 0.0% Packages/com.unity.2d.spriteshape/Runtime/External/LibTessDotNet/PriorityHeap.cs
 0.1 kb	 0.0% Packages/com.unity.2d.pixel-perfect/Runtime/CinemachinePixelPerfect.cs
 0.1 kb	 0.0% Packages/com.unity.2d.animation/Runtime/UpdateBoundsJob.cs
 0.1 kb	 0.0% Packages/com.unity.2d.animation/Runtime/SpriteLib/SpriteResolver.cs
 0.1 kb	 0.0% Packages/com.unity.2d.animation/Runtime/SpriteLib/SpriteLibrary.cs
 0.1 kb	 0.0% Packages/com.unity.2d.animation/Runtime/SkeletonAsset.cs
 0.1 kb	 0.0% Packages/com.unity.2d.animation/Runtime/BufferManager.cs
 0.1 kb	 0.0% Packages/com.unity.2d.animation/IK/Runtime/Solver2DMenuAttribute.cs
 0.1 kb	 0.0% Assets/Scripts/Testing/TestTemplates/EndToEndBattleItemUsageTestTemplate.cs
 0.1 kb	 0.0% Assets/Resources/Pokemon_project_assets/Tests/EndToEndItemTestTesmplate/Test Data.asset
 0.1 kb	 0.0% Assets/Resources/Pokemon_project_assets/Overwolrd_obj/Story Objectives/withdraw pikachu.asset
 0.1 kb	 0.0% Assets/Resources/Pokemon_project_assets/Enemies/Data/Tony/Tony Trapinch.asset
 0.1 kb	 0.0% Packages/com.unity.visualscripting/Runtime/VisualScripting.State/Units/SetStateGraph.cs
 0.1 kb	 0.0% Packages/com.unity.visualscripting/Runtime/VisualScripting.State/Units/GetStateGraphs.cs
 0.1 kb	 0.0% Packages/com.unity.visualscripting/Runtime/VisualScripting.State/Units/GetStateGraph.cs
 0.1 kb	 0.0% Packages/com.unity.visualscripting/Runtime/VisualScripting.State/StateTransition.cs
 0.1 kb	 0.0% Packages/com.unity.visualscripting/Runtime/VisualScripting.State/StateGraphData.cs
 0.1 kb	 0.0% Packages/com.unity.visualscripting/Runtime/VisualScripting.State/StateGraphAsset.cs
 0.1 kb	 0.0% Packages/com.unity.visualscripting/Runtime/VisualScripting.State/StateEventHooks.cs
 0.1 kb	 0.0% Packages/com.unity.visualscripting/Runtime/VisualScripting.State/IStateTransition.cs
 0.1 kb	 0.0% Packages/com.unity.visualscripting/Runtime/VisualScripting.State/IStateDebugData.cs
 0.1 kb	 0.0% Packages/com.unity.visualscripting/Runtime/VisualScripting.State/Framework/Graph/HasStateGraph.cs
 0.1 kb	 0.0% Packages/com.unity.visualscripting/Runtime/VisualScripting.Flow/UnitPreservation.cs
 0.1 kb	 0.0% Packages/com.unity.visualscripting/Runtime/VisualScripting.Flow/ScriptMachine.cs
 0.1 kb	 0.0% Packages/com.unity.visualscripting/Runtime/VisualScripting.Flow/ScriptGraphAsset.cs
 0.1 kb	 0.0% Packages/com.unity.visualscripting/Runtime/VisualScripting.Flow/Ports/InvalidOutput.cs
 0.1 kb	 0.0% Packages/com.unity.visualscripting/Runtime/VisualScripting.Flow/Ports/IUnitValuePort.cs
 0.1 kb	 0.0% Packages/com.unity.visualscripting/Runtime/VisualScripting.Flow/Ports/IUnitOutputPort.cs
 0.1 kb	 0.0% Packages/com.unity.visualscripting/Runtime/VisualScripting.Flow/Ports/IUnitInvalidPort.cs
 0.1 kb	 0.0% Packages/com.unity.visualscripting/Runtime/VisualScripting.Flow/Ports/IUnitInputPort.cs
 0.1 kb	 0.0% Packages/com.unity.visualscripting/Runtime/VisualScripting.Flow/Ports/IUnitControlPort.cs
 0.1 kb	 0.0% Packages/com.unity.visualscripting/Runtime/VisualScripting.Flow/Ports/ControlOutput.cs
 0.1 kb	 0.0% Packages/com.unity.visualscripting/Runtime/VisualScripting.Flow/MultiInputUnit.cs
 0.1 kb	 0.0% Packages/com.unity.visualscripting/Runtime/VisualScripting.Flow/IUnitDebugData.cs
 0.1 kb	 0.0% Packages/com.unity.visualscripting/Runtime/VisualScripting.Flow/Framework/Variables/SaveVariables.cs
 0.1 kb	 0.0% Packages/com.unity.visualscripting/Runtime/VisualScripting.Flow/Framework/Variables/Obsolete/SetVariableUnit.cs
 0.1 kb	 0.0% Packages/com.unity.visualscripting/Runtime/VisualScripting.Flow/Framework/Variables/Obsolete/SetSceneVariable.cs
 0.1 kb	 0.0% Packages/com.unity.visualscripting/Runtime/VisualScripting.Flow/Framework/Variables/Obsolete/SetSavedVariable.cs
 0.1 kb	 0.0% Packages/com.unity.visualscripting/Runtime/VisualScripting.Flow/Framework/Variables/Obsolete/SetGraphVariable.cs
 0.1 kb	 0.0% Packages/com.unity.visualscripting/Runtime/VisualScripting.Flow/Framework/Variables/Obsolete/IVariableUnit.cs
 0.1 kb	 0.0% Packages/com.unity.visualscripting/Runtime/VisualScripting.Flow/Framework/Variables/Obsolete/GetVariableUnit.cs
 0.1 kb	 0.0% Packages/com.unity.visualscripting/Runtime/VisualScripting.Flow/Framework/Variables/Obsolete/GetSceneVariable.cs
 0.1 kb	 0.0% Packages/com.unity.visualscripting/Runtime/VisualScripting.Flow/Framework/Variables/Obsolete/GetSavedVariable.cs
 0.1 kb	 0.0% Packages/com.unity.visualscripting/Runtime/VisualScripting.Flow/Framework/Variables/Obsolete/GetGraphVariable.cs
 0.1 kb	 0.0% Packages/com.unity.visualscripting/Runtime/VisualScripting.Flow/Framework/Time/WaitWhileUnit.cs
 0.1 kb	 0.0% Packages/com.unity.visualscripting/Runtime/VisualScripting.Flow/Framework/Time/WaitUntilUnit.cs
 0.1 kb	 0.0% Packages/com.unity.visualscripting/Runtime/VisualScripting.Flow/Framework/Math/Vector4/Vector4Subtract.cs
 0.1 kb	 0.0% Packages/com.unity.visualscripting/Runtime/VisualScripting.Flow/Framework/Math/Vector4/Vector4PerSecond.cs
 0.1 kb	 0.0% Packages/com.unity.visualscripting/Runtime/VisualScripting.Flow/Framework/Math/Vector4/Vector4Normalize.cs
 0.1 kb	 0.0% Packages/com.unity.visualscripting/Runtime/VisualScripting.Flow/Framework/Math/Vector4/Vector4Multiply.cs
 0.1 kb	 0.0% Packages/com.unity.visualscripting/Runtime/VisualScripting.Flow/Framework/Math/Vector4/Vector4Modulo.cs
 0.1 kb	 0.0% Packages/com.unity.visualscripting/Runtime/VisualScripting.Flow/Framework/Math/Vector4/Vector4Minimum.cs
 0.1 kb	 0.0% Packages/com.unity.visualscripting/Runtime/VisualScripting.Flow/Framework/Math/Vector4/Vector4Maximum.cs
 0.1 kb	 0.0% Packages/com.unity.visualscripting/Runtime/VisualScripting.Flow/Framework/Math/Vector4/Vector4Divide.cs
 0.1 kb	 0.0% Packages/com.unity.visualscripting/Runtime/VisualScripting.Flow/Framework/Math/Vector4/Vector4Distance.cs
 0.1 kb	 0.0% Packages/com.unity.visualscripting/Runtime/VisualScripting.Flow/Framework/Math/Vector4/Vector4Average.cs
 0.1 kb	 0.0% Packages/com.unity.visualscripting/Runtime/VisualScripting.Flow/Framework/Math/Vector4/Vector4Absolute.cs
 0.1 kb	 0.0% Packages/com.unity.visualscripting/Runtime/VisualScripting.Flow/Framework/Math/Vector3/Vector3Subtract.cs
 0.1 kb	 0.0% Packages/com.unity.visualscripting/Runtime/VisualScripting.Flow/Framework/Math/Vector3/Vector3Project.cs
 0.1 kb	 0.0% Packages/com.unity.visualscripting/Runtime/VisualScripting.Flow/Framework/Math/Vector3/Vector3PerSecond.cs
 0.1 kb	 0.0% Packages/com.unity.visualscripting/Runtime/VisualScripting.Flow/Framework/Math/Vector3/Vector3Normalize.cs
 0.1 kb	 0.0% Packages/com.unity.visualscripting/Runtime/VisualScripting.Flow/Framework/Math/Vector3/Vector3Multiply.cs
 0.1 kb	 0.0% Packages/com.unity.visualscripting/Runtime/VisualScripting.Flow/Framework/Math/Vector3/Vector3Modulo.cs
 0.1 kb	 0.0% Packages/com.unity.visualscripting/Runtime/VisualScripting.Flow/Framework/Math/Vector3/Vector3Minimum.cs
 0.1 kb	 0.0% Packages/com.unity.visualscripting/Runtime/VisualScripting.Flow/Framework/Math/Vector3/Vector3Maximum.cs
 0.1 kb	 0.0% Packages/com.unity.visualscripting/Runtime/VisualScripting.Flow/Framework/Math/Vector3/Vector3Divide.cs
 0.1 kb	 0.0% Packages/com.unity.visualscripting/Runtime/VisualScripting.Flow/Framework/Math/Vector3/Vector3Distance.cs
 0.1 kb	 0.0% Packages/com.unity.visualscripting/Runtime/VisualScripting.Flow/Framework/Math/Vector3/Vector3Average.cs
 0.1 kb	 0.0% Packages/com.unity.visualscripting/Runtime/VisualScripting.Flow/Framework/Math/Vector3/Vector3Absolute.cs
 0.1 kb	 0.0% Packages/com.unity.visualscripting/Runtime/VisualScripting.Flow/Framework/Math/Vector2/Vector2Subtract.cs
 0.1 kb	 0.0% Packages/com.unity.visualscripting/Runtime/VisualScripting.Flow/Framework/Math/Vector2/Vector2Project.cs
 0.1 kb	 0.0% Packages/com.unity.visualscripting/Runtime/VisualScripting.Flow/Framework/Math/Vector2/Vector2PerSecond.cs
 0.1 kb	 0.0% Packages/com.unity.visualscripting/Runtime/VisualScripting.Flow/Framework/Math/Vector2/Vector2Normalize.cs
 0.1 kb	 0.0% Packages/com.unity.visualscripting/Runtime/VisualScripting.Flow/Framework/Math/Vector2/Vector2Multiply.cs
 0.1 kb	 0.0% Packages/com.unity.visualscripting/Runtime/VisualScripting.Flow/Framework/Math/Vector2/Vector2Modulo.cs
 0.1 kb	 0.0% Packages/com.unity.visualscripting/Runtime/VisualScripting.Flow/Framework/Math/Vector2/Vector2Minimum.cs
 0.1 kb	 0.0% Packages/com.unity.visualscripting/Runtime/VisualScripting.Flow/Framework/Math/Vector2/Vector2Maximum.cs
 0.1 kb	 0.0% Packages/com.unity.visualscripting/Runtime/VisualScripting.Flow/Framework/Math/Vector2/Vector2Divide.cs
 0.1 kb	 0.0% Packages/com.unity.visualscripting/Runtime/VisualScripting.Flow/Framework/Math/Vector2/Vector2Distance.cs
 0.1 kb	 0.0% Packages/com.unity.visualscripting/Runtime/VisualScripting.Flow/Framework/Math/Vector2/Vector2Average.cs
 0.1 kb	 0.0% Packages/com.unity.visualscripting/Runtime/VisualScripting.Flow/Framework/Math/Vector2/Vector2Absolute.cs
 0.1 kb	 0.0% Packages/com.unity.visualscripting/Runtime/VisualScripting.Flow/Framework/Math/Scalar/ScalarSubtract.cs
 0.1 kb	 0.0% Packages/com.unity.visualscripting/Runtime/VisualScripting.Flow/Framework/Math/Scalar/ScalarPerSecond.cs
 0.1 kb	 0.0% Packages/com.unity.visualscripting/Runtime/VisualScripting.Flow/Framework/Math/Scalar/ScalarNormalize.cs
 0.1 kb	 0.0% Packages/com.unity.visualscripting/Runtime/VisualScripting.Flow/Framework/Math/Scalar/ScalarMultiply.cs
 0.1 kb	 0.0% Packages/com.unity.visualscripting/Runtime/VisualScripting.Flow/Framework/Math/Scalar/ScalarMinimum.cs
 0.1 kb	 0.0% Packages/com.unity.visualscripting/Runtime/VisualScripting.Flow/Framework/Math/Scalar/ScalarMaximum.cs
 0.1 kb	 0.0% Packages/com.unity.visualscripting/Runtime/VisualScripting.Flow/Framework/Math/Scalar/ScalarAverage.cs
 0.1 kb	 0.0% Packages/com.unity.visualscripting/Runtime/VisualScripting.Flow/Framework/Math/Scalar/ScalarAbsolute.cs
 0.1 kb	 0.0% Packages/com.unity.visualscripting/Runtime/VisualScripting.Flow/Framework/Math/Generic/GenericSubtract.cs
 0.1 kb	 0.0% Packages/com.unity.visualscripting/Runtime/VisualScripting.Flow/Framework/Math/Generic/GenericMultiply.cs
 0.1 kb	 0.0% Packages/com.unity.visualscripting/Runtime/VisualScripting.Flow/Framework/Math/Generic/GenericModulo.cs
 0.1 kb	 0.0% Packages/com.unity.visualscripting/Runtime/VisualScripting.Flow/Framework/Math/Generic/GenericDivide.cs
 0.1 kb	 0.0% Packages/com.unity.visualscripting/Runtime/VisualScripting.Flow/Framework/Logic/GreaterOrEqual.cs
 0.1 kb	 0.0% Packages/com.unity.visualscripting/Runtime/VisualScripting.Flow/Framework/Graph/SetScriptGraph.cs
 0.1 kb	 0.0% Packages/com.unity.visualscripting/Runtime/VisualScripting.Flow/Framework/Graph/HasScriptGraph.cs
 0.1 kb	 0.0% Packages/com.unity.visualscripting/Runtime/VisualScripting.Flow/Framework/Graph/GetScriptGraphs.cs
 0.1 kb	 0.0% Packages/com.unity.visualscripting/Runtime/VisualScripting.Flow/Framework/Graph/GetScriptGraph.cs
 0.1 kb	 0.0% Packages/com.unity.visualscripting/Runtime/VisualScripting.Flow/Framework/Events/Time/OnTimerElapsed.cs
 0.1 kb	 0.0% Packages/com.unity.visualscripting/Runtime/VisualScripting.Flow/Framework/Events/Rendering/OnBecameVisible.cs
 0.1 kb	 0.0% Packages/com.unity.visualscripting/Runtime/VisualScripting.Flow/Framework/Events/Physics2D/OnTriggerStay2D.cs
 0.1 kb	 0.0% Packages/com.unity.visualscripting/Runtime/VisualScripting.Flow/Framework/Events/Physics2D/OnTriggerExit2D.cs
 0.1 kb	 0.0% Packages/com.unity.visualscripting/Runtime/VisualScripting.Flow/Framework/Events/Physics2D/OnTriggerEnter2D.cs
 0.1 kb	 0.0% Packages/com.unity.visualscripting/Runtime/VisualScripting.Flow/Framework/Events/Physics2D/OnJointBreak2D.cs
 0.1 kb	 0.0% Packages/com.unity.visualscripting/Runtime/VisualScripting.Flow/Framework/Events/Physics/TriggerEventUnit.cs
 0.1 kb	 0.0% Packages/com.unity.visualscripting/Runtime/VisualScripting.Flow/Framework/Events/Physics/OnTriggerStay.cs
 0.1 kb	 0.0% Packages/com.unity.visualscripting/Runtime/VisualScripting.Flow/Framework/Events/Physics/OnTriggerExit.cs
 0.1 kb	 0.0% Packages/com.unity.visualscripting/Runtime/VisualScripting.Flow/Framework/Events/Physics/OnTriggerEnter.cs
 0.1 kb	 0.0% Packages/com.unity.visualscripting/Runtime/VisualScripting.Flow/Framework/Events/Physics/OnCollisionStay.cs
 0.1 kb	 0.0% Packages/com.unity.visualscripting/Runtime/VisualScripting.Flow/Framework/Events/Physics/OnCollisionExit.cs
 0.1 kb	 0.0% Packages/com.unity.visualscripting/Runtime/VisualScripting.Flow/Framework/Events/Physics/OnCollisionEnter.cs
 0.1 kb	 0.0% Packages/com.unity.visualscripting/Runtime/VisualScripting.Flow/Framework/Events/Input/OnKeyboardInput.cs
 0.1 kb	 0.0% Packages/com.unity.visualscripting/Runtime/VisualScripting.Flow/Framework/Events/Input/OnButtonInput.cs
 0.1 kb	 0.0% Packages/com.unity.visualscripting/Runtime/VisualScripting.Flow/Framework/Events/Input/IMouseEventUnit.cs
 0.1 kb	 0.0% Packages/com.unity.visualscripting/Runtime/VisualScripting.Flow/Framework/Events/GUI/PointerEventUnit.cs
 0.1 kb	 0.0% Packages/com.unity.visualscripting/Runtime/VisualScripting.Flow/Framework/Events/GUI/OnPointerExit.cs
 0.1 kb	 0.0% Packages/com.unity.visualscripting/Runtime/VisualScripting.Flow/Framework/Events/GUI/OnPointerEnter.cs
 0.1 kb	 0.0% Packages/com.unity.visualscripting/Runtime/VisualScripting.Flow/Framework/Events/GUI/OnPointerDown.cs
 0.1 kb	 0.0% Packages/com.unity.visualscripting/Runtime/VisualScripting.Flow/Framework/Events/GUI/OnPointerClick.cs
 0.1 kb	 0.0% Packages/com.unity.visualscripting/Runtime/VisualScripting.Flow/Framework/Events/GUI/OnButtonClick.cs
 0.1 kb	 0.0% Packages/com.unity.visualscripting/Runtime/VisualScripting.Flow/Framework/Events/CustomEventArgs.cs
 0.1 kb	 0.0% Packages/com.unity.visualscripting/Runtime/VisualScripting.Flow/Framework/Events/BoltUnityEvent.cs
 0.1 kb	 0.0% Packages/com.unity.visualscripting/Runtime/VisualScripting.Flow/Framework/Events/Animation/OnAnimatorMove.cs
 0.1 kb	 0.0% Packages/com.unity.visualscripting/Runtime/VisualScripting.Flow/Framework/Control/SwitchOnString.cs
 0.1 kb	 0.0% Packages/com.unity.visualscripting/Runtime/VisualScripting.Flow/Framework/Control/SwitchOnInteger.cs
 0.1 kb	 0.0% Packages/com.unity.visualscripting/Runtime/VisualScripting.Flow/Framework/Control/SelectOnString.cs
 0.1 kb	 0.0% Packages/com.unity.visualscripting/Runtime/VisualScripting.Flow/Framework/Control/SelectOnInteger.cs
 0.1 kb	 0.0% Packages/com.unity.visualscripting/Runtime/VisualScripting.Flow/Framework/Collections/Lists/RemoveListItemAt.cs
 0.1 kb	 0.0% Packages/com.unity.visualscripting/Runtime/VisualScripting.Flow/Framework/Collections/Lists/RemoveListItem.cs
 0.1 kb	 0.0% Packages/com.unity.visualscripting/Runtime/VisualScripting.Flow/Framework/Collections/Lists/ListContainsItem.cs
 0.1 kb	 0.0% Packages/com.unity.visualscripting/Runtime/VisualScripting.Flow/Framework/Collections/Lists/InsertListItem.cs
 0.1 kb	 0.0% Packages/com.unity.visualscripting/Runtime/VisualScripting.Flow/Framework/Collections/Dictionaries/CreateDictionary.cs
 0.1 kb	 0.0% Packages/com.unity.visualscripting/Runtime/VisualScripting.Flow/Framework/Collections/Dictionaries/ClearDictionary.cs
 0.1 kb	 0.0% Packages/com.unity.visualscripting/Runtime/VisualScripting.Flow/FlowGraphData.cs
 0.1 kb	 0.0% Packages/com.unity.visualscripting/Runtime/VisualScripting.Flow/EditorBinding/PortKeyAttribute.cs
 0.1 kb	 0.0% Packages/com.unity.visualscripting/Runtime/VisualScripting.Flow/Connections/ValueConnection.cs
 0.1 kb	 0.0% Packages/com.unity.visualscripting/Runtime/VisualScripting.Flow/Connections/IUnitRelation.cs
 0.1 kb	 0.0% Packages/com.unity.visualscripting/Runtime/VisualScripting.Flow/Connections/IUnitConnection.cs
 0.1 kb	 0.0% Packages/com.unity.visualscripting/Runtime/VisualScripting.Core/Variables/VariablesSaver.cs
 0.1 kb	 0.0% Packages/com.unity.visualscripting/Runtime/VisualScripting.Core/Variables/VariablesAsset.cs
 0.1 kb	 0.0% Packages/com.unity.visualscripting/Runtime/VisualScripting.Core/Variables/SceneVariables.cs
 0.1 kb	 0.0% Packages/com.unity.visualscripting/Runtime/VisualScripting.Core/Variables/SavedVariables.cs
 0.1 kb	 0.0% Packages/com.unity.visualscripting/Runtime/VisualScripting.Core/Variables/ObjectVariables.cs
 0.1 kb	 0.0% Packages/com.unity.visualscripting/Runtime/VisualScripting.Core/Utilities/StringUtility.cs
 0.1 kb	 0.0% Packages/com.unity.visualscripting/Runtime/VisualScripting.Core/Utilities/IInitializable.cs
 0.1 kb	 0.0% Packages/com.unity.visualscripting/Runtime/VisualScripting.Core/Utilities/IIdentifiable.cs
 0.1 kb	 0.0% Packages/com.unity.visualscripting/Runtime/VisualScripting.Core/Utilities/ExceptionUtility.cs
 0.1 kb	 0.0% Packages/com.unity.visualscripting/Runtime/VisualScripting.Core/Utilities/CoroutineRunner.cs
 0.1 kb	 0.0% Packages/com.unity.visualscripting/Runtime/VisualScripting.Core/Unity/LudiqBehaviour.cs
 0.1 kb	 0.0% Packages/com.unity.visualscripting/Runtime/VisualScripting.Core/Serialization/Serialization.cs
 0.1 kb	 0.0% Packages/com.unity.visualscripting/Runtime/VisualScripting.Core/Serialization/SerializableType.cs
 0.1 kb	 0.0% Packages/com.unity.visualscripting/Runtime/VisualScripting.Core/Serialization/DictionaryAsset.cs
 0.1 kb	 0.0% Packages/com.unity.visualscripting/Runtime/VisualScripting.Core/Serialization/Converters/Ray2DConverter.cs
 0.1 kb	 0.0% Packages/com.unity.visualscripting/Runtime/VisualScripting.Core/Reflection/RuntimeCodebase.cs
 0.1 kb	 0.0% Packages/com.unity.visualscripting/Runtime/VisualScripting.Core/Reflection/Operators/OperatorUtility.cs
 0.1 kb	 0.0% Packages/com.unity.visualscripting/Runtime/VisualScripting.Core/Reflection/Operators/OperatorHandler.cs
 0.1 kb	 0.0% Packages/com.unity.visualscripting/Runtime/VisualScripting.Core/Reflection/Operators/ModuloHandler.cs
 0.1 kb	 0.0% Packages/com.unity.visualscripting/Runtime/VisualScripting.Core/Reflection/Operators/LessThanHandler.cs
 0.1 kb	 0.0% Packages/com.unity.visualscripting/Runtime/VisualScripting.Core/Reflection/Operators/LeftShiftHandler.cs
 0.1 kb	 0.0% Packages/com.unity.visualscripting/Runtime/VisualScripting.Core/Reflection/Operators/IncrementHandler.cs
 0.1 kb	 0.0% Packages/com.unity.visualscripting/Runtime/VisualScripting.Core/Reflection/Operators/EqualityHandler.cs
 0.1 kb	 0.0% Packages/com.unity.visualscripting/Runtime/VisualScripting.Core/Reflection/Operators/DivisionHandler.cs
 0.1 kb	 0.0% Packages/com.unity.visualscripting/Runtime/VisualScripting.Core/Reflection/Operators/DecrementHandler.cs
 0.1 kb	 0.0% Packages/com.unity.visualscripting/Runtime/VisualScripting.Core/Reflection/Operators/AdditionHandler.cs
 0.1 kb	 0.0% Packages/com.unity.visualscripting/Runtime/VisualScripting.Core/Reflection/MemberUtility.cs
 0.1 kb	 0.0% Packages/com.unity.visualscripting/Runtime/VisualScripting.Core/Reflection/AttributeUtility.cs
 0.1 kb	 0.0% Packages/com.unity.visualscripting/Runtime/VisualScripting.Core/Profiling/ProfilingUtility.cs
 0.1 kb	 0.0% Packages/com.unity.visualscripting/Runtime/VisualScripting.Core/Profiling/ProfilingScope.cs
 0.1 kb	 0.0% Packages/com.unity.visualscripting/Runtime/VisualScripting.Core/Profiling/ProfiledSegment.cs
 0.1 kb	 0.0% Packages/com.unity.visualscripting/Runtime/VisualScripting.Core/Platforms/PlatformUtility.cs
 0.1 kb	 0.0% Packages/com.unity.visualscripting/Runtime/VisualScripting.Core/Platforms/IAotStubbable.cs
 0.1 kb	 0.0% Packages/com.unity.visualscripting/Runtime/VisualScripting.Core/Listeners/MessageListener.cs
 0.1 kb	 0.0% Packages/com.unity.visualscripting/Runtime/VisualScripting.Core/Graphs/IGraphElement.cs
 0.1 kb	 0.0% Packages/com.unity.visualscripting/Runtime/VisualScripting.Core/Graphs/IGraphDebugData.cs
 0.1 kb	 0.0% Packages/com.unity.visualscripting/Runtime/VisualScripting.Core/Graphs/GraphReference.cs
 0.1 kb	 0.0% Packages/com.unity.visualscripting/Runtime/VisualScripting.Core/Graphs/GraphInstances.cs
 0.1 kb	 0.0% Packages/com.unity.visualscripting/Runtime/VisualScripting.Core/Graphs/GraphDebugData.cs
 0.1 kb	 0.0% Packages/com.unity.visualscripting/Runtime/VisualScripting.Core/Events/IEventMachine.cs
 0.1 kb	 0.0% Packages/com.unity.visualscripting/Runtime/VisualScripting.Core/Events/EmptyEventArgs.cs
 0.1 kb	 0.0% Packages/com.unity.visualscripting/Runtime/VisualScripting.Core/Ensure/EnsureThat.Strings.cs
 0.1 kb	 0.0% Packages/com.unity.visualscripting/Runtime/VisualScripting.Core/Ensure/EnsureThat.Objects.cs
 0.1 kb	 0.0% Packages/com.unity.visualscripting/Runtime/VisualScripting.Core/Ensure/EnsureThat.Booleans.cs
 0.1 kb	 0.0% Packages/com.unity.visualscripting/Runtime/VisualScripting.Core/EditorBinding/TypeSetAttribute.cs
 0.1 kb	 0.0% Packages/com.unity.visualscripting/Runtime/VisualScripting.Core/Decorators/ValueAttribute.cs
 0.1 kb	 0.0% Packages/com.unity.visualscripting/Runtime/VisualScripting.Core/Collections/AotDictionary.cs
 0.1 kb	 0.0% Packages/com.unity.visualscripting/Runtime/VisualScripting.Core/Cloning/ISpecifiesCloner.cs
 0.1 kb	 0.0% Packages/com.unity.visualscripting/Runtime/VisualScripting.Core/Cloning/CloningContext.cs
 0.1 kb	 0.0% Packages/com.unity.visualscripting/Runtime/VisualScripting.Core/Cloning/Cloners/ReflectedCloner.cs
 0.1 kb	 0.0% Packages/com.unity.visualscripting/Runtime/VisualScripting.Core/Cloning/Cloners/GradientCloner.cs
 0.1 kb	 0.0% Packages/com.unity.visualscripting/Runtime/VisualScripting.Core/Cloning/Cloners/EnumerableCloner.cs
 0.1 kb	 0.0% Packages/com.unity.visualscripting/Runtime/VisualScripting.Core/Cloning/Cloners/DictionaryCloner.cs
 0.1 kb	 0.0% Packages/com.unity.timeline/Runtime/Utilities/TimelineCreateUtilities.cs
 0.1 kb	 0.0% Packages/com.unity.timeline/Runtime/Utilities/TimelineClipExtensions.cs
 0.1 kb	 0.0% Packages/com.unity.timeline/Runtime/Utilities/NotificationUtilities.cs
 0.1 kb	 0.0% Packages/com.unity.timeline/Runtime/Playables/PrefabControlPlayable.cs
 0.1 kb	 0.0% Packages/com.unity.timeline/Runtime/Playables/ParticleControlPlayable.cs
 0.1 kb	 0.0% Packages/com.unity.timeline/Runtime/Playables/DirectorControlPlayable.cs
 0.1 kb	 0.0% Packages/com.unity.timeline/Runtime/Events/Signals/CustomSignalEventDrawer.cs
 0.1 kb	 0.0% Packages/com.unity.timeline/Runtime/Attributes/TimelineHelpURLAttribute.cs
 0.1 kb	 0.0% Packages/com.unity.timeline/Runtime/Animation/AnimationPlayableAsset.cs
 0.1 kb	 0.0% Packages/com.unity.timeline/Runtime/Activation/ActivationPlayableAsset.cs
 0.1 kb	 0.0% Packages/com.unity.timeline/Runtime/Activation/ActivationMixerPlayable.cs
 0.1 kb	 0.0% Packages/com.unity.textmeshpro/Scripts/Runtime/TMP_ScrollbarEventHandler.cs
 0.1 kb	 0.0% Packages/com.unity.textmeshpro/Scripts/Runtime/TMP_PackageResourceImporter.cs
 0.1 kb	 0.0% Packages/com.unity.textmeshpro/Scripts/Runtime/TMP_EditorResourceManager.cs
 0.1 kb	 0.0% Packages/com.unity.test-framework/UnityEngine.TestRunner/Utils/StacktraceFilter.cs
 0.1 kb	 0.0% Packages/com.unity.test-framework/UnityEngine.TestRunner/Utils/IPrebuildSceneSetup.cs
 0.1 kb	 0.0% Packages/com.unity.test-framework/UnityEngine.TestRunner/Utils/CoroutineRunner.cs
 0.1 kb	 0.0% Packages/com.unity.test-framework/UnityEngine.TestRunner/Utils/AssemblyProvider/IAssemblyWrapper.cs
 0.1 kb	 0.0% Packages/com.unity.test-framework/UnityEngine.TestRunner/Utils/AssemblyProvider/AssemblyWrapper.cs
 0.1 kb	 0.0% Packages/com.unity.mathematics/Unity.Mathematics/PropertyAttributes.cs
 0.1 kb	 0.0% Packages/com.unity.collections/Unity.Collections/UnsafeRingQueue.cs
 0.1 kb	 0.0% Packages/com.unity.collections/Unity.Collections/FixedStringParseMethods.cs
 0.1 kb	 0.0% Packages/com.unity.collections/Unity.Collections/FixedStringAppendMethods.cs
 0.1 kb	 0.0% Packages/com.unity.2d.spriteshape/Runtime/SpriteShapeGenerator.cs
 0.1 kb	 0.0% Assets/Resources/Pokemon_project_assets/Tests/Integration/Trap Effect Test/Test Pokemon.asset
 0.1 kb	 0.0% Assets/Resources/Pokemon_project_assets/Tests/Integration/Consumable Held Item Usage Test/Test Pokemon.asset
 0.1 kb	 0.0% Assets/Resources/Pokemon_project_assets/Tests/Integration/Brick Break Test/Test Pokemon.asset
 0.1 kb	 0.0% Assets/Resources/Pokemon_project_assets/Pokemon_obj/Types/Steel.asset
 0.1 kb	 0.0% Assets/Resources/Pokemon_project_assets/Overwolrd_obj/Interactions/Battle Trevor.asset
 0.1 kb	 0.0% Assets/Resources/Pokemon_project_assets/Overwolrd_obj/Encounters/Garden.asset
 0.1 kb	 0.0% Assets/Resources/Pokemon_project_assets/Enemies/Data/Tony/Tony Torchic.asset
 0.1 kb	 0.0% Assets/Resources/Pokemon_project_assets/Enemies/Data/Tony/Tony Pikachu.asset
 0.1 kb	 0.0% Packages/com.unity.visualscripting/Runtime/VisualScripting.Core/Ensure/EnsureThat.Types.cs
 0.1 kb	 0.0% Packages/com.unity.visualscripting/Runtime/VisualScripting.Core/Ensure/EnsureThat.Guids.cs
 0.1 kb	 0.0% Packages/com.unity.visualscripting/Runtime/VisualScripting.Core/Dependencies/FullSerializer/fsResult.cs
 0.1 kb	 0.0% Packages/com.unity.visualscripting/Runtime/VisualScripting.Core/Dependencies/FullSerializer/fsData.cs
 0.1 kb	 0.0% Packages/com.unity.visualscripting/Runtime/VisualScripting.Core/Dependencies/FullSerializer/fsConfig.cs
 0.1 kb	 0.0% Packages/com.unity.ugui/Runtime/UI/Core/Utility/ReflectionMethodsCache.cs
 0.1 kb	 0.0% Packages/com.unity.ugui/Runtime/UI/Core/MultipleDisplayUtilities.cs
 0.1 kb	 0.0% Packages/com.unity.ugui/Runtime/UI/Core/Layout/HorizontalLayoutGroup.cs
 0.1 kb	 0.0% Packages/com.unity.ugui/Runtime/UI/Core/IGraphicEnabledDisabled.cs
 0.1 kb	 0.0% Packages/com.unity.ugui/Runtime/UI/Core/GraphicRebuildTracker.cs
 0.1 kb	 0.0% Packages/com.unity.ugui/Runtime/UI/Core/Culling/RectangularVertexClipper.cs
 0.1 kb	 0.0% Packages/com.unity.ugui/Runtime/EventSystem/UIElements/PanelEventHandler.cs
 0.1 kb	 0.0% Packages/com.unity.ugui/Runtime/EventSystem/Raycasters/Physics2DRaycaster.cs
 0.1 kb	 0.0% Packages/com.unity.ugui/Runtime/EventSystem/InputModules/PointerInputModule.cs
 0.1 kb	 0.0% Packages/com.unity.timeline/Runtime/TimelineAttributes.cs
 0.1 kb	 0.0% Packages/com.unity.timeline/Runtime/Playables/BasicScriptPlayable.cs
 0.1 kb	 0.0% Packages/com.unity.test-framework/UnityEngine.TestRunner/Utils/ITestRunCallback.cs
 0.1 kb	 0.0% Packages/com.unity.test-framework/UnityEngine.TestRunner/Utils/AttributeHelper.cs
 0.1 kb	 0.0% Packages/com.unity.test-framework/UnityEngine.TestRunner/NUnitExtensions/Attributes/TestEnumerator.cs
 0.1 kb	 0.0% Packages/com.unity.test-framework/UnityEngine.TestRunner/Assertions/LogScope/ILogScope.cs
 0.1 kb	 0.0% Packages/com.unity.collections/Unity.Collections/UnsafeText.cs
 0.1 kb	 0.0% Packages/com.unity.collections/Unity.Collections/UnsafeStream.cs
 0.1 kb	 0.0% Packages/com.unity.collections/Unity.Collections/UnsafeList.cs
 0.1 kb	 0.0% Packages/com.unity.collections/Unity.Collections/RewindableAllocator.cs
 0.1 kb	 0.0% Packages/com.unity.collections/Unity.Collections/FixedStringMethods.cs
 0.1 kb	 0.0% Packages/com.unity.collections/Unity.Collections/Deprecated.cs
 0.1 kb	 0.0% Packages/com.unity.burst/Runtime/CompilerServices/AssumeRangeAttribute.cs
 0.1 kb	 0.0% Packages/com.unity.2d.spriteshape/Runtime/External/LibTessDotNet/Sweep.cs
 0.1 kb	 0.0% Packages/com.unity.2d.pixel-perfect/Runtime/PixelPerfectCamera.cs
 0.1 kb	 0.0% Packages/com.unity.2d.animation/Runtime/SpriteSkin.cs
 0.1 kb	 0.0% Packages/com.unity.2d.animation/Runtime/IconUtility.cs
 0.1 kb	 0.0% Assets/Scripts/Testing/General Battle Tests/Integration/Special Moves/Semi Invulerability Tests/SemiInvulneraleSingleBattleTest.cs
 0.1 kb	 0.0% Assets/Scripts/Testing/General Battle Tests/Integration/Special Moves/Semi Invulerability Tests/SemiInvulnerableDoubleBattleTest.cs
 0.1 kb	 0.0% Assets/Scripts/Testing/General Battle Tests/Integration/Special Moves/OnFieldDamageModificationTest.cs
 0.1 kb	 0.0% Assets/Scripts/Testing/General Battle Tests/End To End/BattleItemUsageEndToEndTestData.cs
 0.1 kb	 0.0% Assets/Scripts/Battle/Battle Participant/BattleParticipantStatusHandler.cs
 0.1 kb	 0.0% Assets/Resources/Pokemon_project_assets/Tests/Integration/Consecutive Move Test/Test Enemy Pokemon.asset
 0.1 kb	 0.0% Assets/Resources/Pokemon_project_assets/Pokemon_obj/Moves/EffectInfoModules/Weaken Electric.asset
 0.1 kb	 0.0% Assets/Resources/Pokemon_project_assets/Overwolrd_obj/Interactions/NPCs/Trevor.asset
 0.1 kb	 0.0% Assets/Resources/Pokemon_project_assets/Overwolrd_obj/Interactions/Battle Tony.asset
 0.1 kb	 0.0% Packages/com.unity.visualscripting/Runtime/VisualScripting.State/SuperState.cs
 0.1 kb	 0.0% Packages/com.unity.visualscripting/Runtime/VisualScripting.State/StateUnit.cs
 0.1 kb	 0.0% Packages/com.unity.visualscripting/Runtime/VisualScripting.State/StateMachine.cs
 0.1 kb	 0.0% Packages/com.unity.visualscripting/Runtime/VisualScripting.State/StateGraph.cs
 0.1 kb	 0.0% Packages/com.unity.visualscripting/Runtime/VisualScripting.State/OnExitState.cs
 0.1 kb	 0.0% Packages/com.unity.visualscripting/Runtime/VisualScripting.State/OnEnterState.cs
 0.1 kb	 0.0% Packages/com.unity.visualscripting/Runtime/VisualScripting.State/INesterState.cs
 0.1 kb	 0.0% Packages/com.unity.visualscripting/Runtime/VisualScripting.State/FlowState.cs
 0.1 kb	 0.0% Packages/com.unity.visualscripting/Runtime/VisualScripting.Flow/UnitCategory.cs
 0.1 kb	 0.0% Packages/com.unity.visualscripting/Runtime/VisualScripting.Flow/SubgraphUnit.cs
 0.1 kb	 0.0% Packages/com.unity.visualscripting/Runtime/VisualScripting.Flow/Ports/ValueOutput.cs
 0.1 kb	 0.0% Packages/com.unity.visualscripting/Runtime/VisualScripting.Flow/Ports/ValueInput.cs
 0.1 kb	 0.0% Packages/com.unity.visualscripting/Runtime/VisualScripting.Flow/Ports/InvalidInput.cs
 0.1 kb	 0.0% Packages/com.unity.visualscripting/Runtime/VisualScripting.Flow/Ports/IUnitPort.cs
 0.1 kb	 0.0% Packages/com.unity.visualscripting/Runtime/VisualScripting.Flow/Ports/ControlInput.cs
 0.1 kb	 0.0% Packages/com.unity.visualscripting/Runtime/VisualScripting.Flow/INesterUnit.cs
 0.1 kb	 0.0% Packages/com.unity.visualscripting/Runtime/VisualScripting.Flow/Framework/Variables/SetVariable.cs
 0.1 kb	 0.0% Packages/com.unity.visualscripting/Runtime/VisualScripting.Flow/Framework/Variables/Obsolete/VariableUnit.cs
 0.1 kb	 0.0% Packages/com.unity.visualscripting/Runtime/VisualScripting.Flow/Framework/Variables/GetVariable.cs
 0.1 kb	 0.0% Packages/com.unity.visualscripting/Runtime/VisualScripting.Flow/Framework/Time/WaitForFlow.cs
 0.1 kb	 0.0% Packages/com.unity.visualscripting/Runtime/VisualScripting.Flow/Framework/Nulls/NullCoalesce.cs
 0.1 kb	 0.0% Packages/com.unity.visualscripting/Runtime/VisualScripting.Flow/Framework/Nulls/NullCheck.cs
 0.1 kb	 0.0% Packages/com.unity.visualscripting/Runtime/VisualScripting.Flow/Framework/Nesting/GraphOutput.cs
 0.1 kb	 0.0% Packages/com.unity.visualscripting/Runtime/VisualScripting.Flow/Framework/Nesting/GraphInput.cs
 0.1 kb	 0.0% Packages/com.unity.visualscripting/Runtime/VisualScripting.Flow/Framework/MissingType.cs
 0.1 kb	 0.0% Packages/com.unity.visualscripting/Runtime/VisualScripting.Flow/Framework/Math/Vector4/Vector4Sum.cs
 0.1 kb	 0.0% Packages/com.unity.visualscripting/Runtime/VisualScripting.Flow/Framework/Math/Vector4/Vector4Round.cs
 0.1 kb	 0.0% Packages/com.unity.visualscripting/Runtime/VisualScripting.Flow/Framework/Math/Vector4/Vector4Lerp.cs
 0.1 kb	 0.0% Packages/com.unity.visualscripting/Runtime/VisualScripting.Flow/Framework/Math/Vector3/Vector3Sum.cs
 0.1 kb	 0.0% Packages/com.unity.visualscripting/Runtime/VisualScripting.Flow/Framework/Math/Vector3/Vector3Round.cs
 0.1 kb	 0.0% Packages/com.unity.visualscripting/Runtime/VisualScripting.Flow/Framework/Math/Vector3/Vector3Lerp.cs
 0.1 kb	 0.0% Packages/com.unity.visualscripting/Runtime/VisualScripting.Flow/Framework/Math/Vector3/Vector3Angle.cs
 0.1 kb	 0.0% Packages/com.unity.visualscripting/Runtime/VisualScripting.Flow/Framework/Math/Vector2/Vector2Sum.cs
 0.1 kb	 0.0% Packages/com.unity.visualscripting/Runtime/VisualScripting.Flow/Framework/Math/Vector2/Vector2Round.cs
 0.1 kb	 0.0% Packages/com.unity.visualscripting/Runtime/VisualScripting.Flow/Framework/Math/Vector2/Vector2Lerp.cs
 0.1 kb	 0.0% Packages/com.unity.visualscripting/Runtime/VisualScripting.Flow/Framework/Math/Vector2/Vector2Angle.cs
 0.1 kb	 0.0% Packages/com.unity.visualscripting/Runtime/VisualScripting.Flow/Framework/Math/Scalar/ScalarSum.cs
 0.1 kb	 0.0% Packages/com.unity.visualscripting/Runtime/VisualScripting.Flow/Framework/Math/Scalar/ScalarRound.cs
 0.1 kb	 0.0% Packages/com.unity.visualscripting/Runtime/VisualScripting.Flow/Framework/Math/Scalar/ScalarRoot.cs
 0.1 kb	 0.0% Packages/com.unity.visualscripting/Runtime/VisualScripting.Flow/Framework/Math/Scalar/ScalarModulo.cs
 0.1 kb	 0.0% Packages/com.unity.visualscripting/Runtime/VisualScripting.Flow/Framework/Math/Scalar/ScalarLerp.cs
 0.1 kb	 0.0% Packages/com.unity.visualscripting/Runtime/VisualScripting.Flow/Framework/Math/Scalar/ScalarDivide.cs
 0.1 kb	 0.0% Packages/com.unity.visualscripting/Runtime/VisualScripting.Flow/Framework/Math/Generic/GenericSum.cs
 0.1 kb	 0.0% Packages/com.unity.visualscripting/Runtime/VisualScripting.Flow/Framework/Logic/LessOrEqual.cs
 0.1 kb	 0.0% Packages/com.unity.visualscripting/Runtime/VisualScripting.Flow/Framework/Logic/ExclusiveOr.cs
 0.1 kb	 0.0% Packages/com.unity.visualscripting/Runtime/VisualScripting.Flow/Framework/Logic/Comparison.cs
 0.1 kb	 0.0% Packages/com.unity.visualscripting/Runtime/VisualScripting.Flow/Framework/Events/Physics/OnJointBreak.cs
 0.1 kb	 0.0% Packages/com.unity.visualscripting/Runtime/VisualScripting.Flow/Framework/Events/Lifecycle/OnDisable.cs
 0.1 kb	 0.0% Packages/com.unity.visualscripting/Runtime/VisualScripting.Flow/Framework/Events/Lifecycle/OnDestroy.cs
 0.1 kb	 0.0% Packages/com.unity.visualscripting/Runtime/VisualScripting.Flow/Framework/Events/Lifecycle/LateUpdate.cs
 0.1 kb	 0.0% Packages/com.unity.visualscripting/Runtime/VisualScripting.Flow/Framework/Events/Lifecycle/FixedUpdate.cs
 0.1 kb	 0.0% Packages/com.unity.visualscripting/Runtime/VisualScripting.Flow/Framework/Events/Input/OnMouseUp.cs
 0.1 kb	 0.0% Packages/com.unity.visualscripting/Runtime/VisualScripting.Flow/Framework/Events/Input/OnMouseOver.cs
 0.1 kb	 0.0% Packages/com.unity.visualscripting/Runtime/VisualScripting.Flow/Framework/Events/Input/OnMouseInput.cs
 0.1 kb	 0.0% Packages/com.unity.visualscripting/Runtime/VisualScripting.Flow/Framework/Events/Input/OnMouseExit.cs
 0.1 kb	 0.0% Packages/com.unity.visualscripting/Runtime/VisualScripting.Flow/Framework/Events/Input/OnMouseEnter.cs
 0.1 kb	 0.0% Packages/com.unity.visualscripting/Runtime/VisualScripting.Flow/Framework/Events/Input/OnMouseDrag.cs
 0.1 kb	 0.0% Packages/com.unity.visualscripting/Runtime/VisualScripting.Flow/Framework/Events/Input/OnMouseDown.cs
 0.1 kb	 0.0% Packages/com.unity.visualscripting/Runtime/VisualScripting.Flow/Framework/Events/IEventUnit.cs
 0.1 kb	 0.0% Packages/com.unity.visualscripting/Runtime/VisualScripting.Flow/Framework/Events/GUI/OnPointerUp.cs
 0.1 kb	 0.0% Packages/com.unity.visualscripting/Runtime/VisualScripting.Flow/Framework/Events/GUI/OnEndDrag.cs
 0.1 kb	 0.0% Packages/com.unity.visualscripting/Runtime/VisualScripting.Flow/Framework/Events/GUI/OnDeselect.cs
 0.1 kb	 0.0% Packages/com.unity.visualscripting/Runtime/VisualScripting.Flow/Framework/Events/GUI/OnBeginDrag.cs
 0.1 kb	 0.0% Packages/com.unity.visualscripting/Runtime/VisualScripting.Flow/Framework/Events/Editor/OnDrawGizmos.cs
 0.1 kb	 0.0% Packages/com.unity.visualscripting/Runtime/VisualScripting.Flow/Framework/Events/CustomEvent.cs
 0.1 kb	 0.0% Packages/com.unity.visualscripting/Runtime/VisualScripting.Flow/Framework/Events/Animation/OnAnimatorIK.cs
 0.1 kb	 0.0% Packages/com.unity.visualscripting/Runtime/VisualScripting.Flow/Framework/Control/ToggleValue.cs
 0.1 kb	 0.0% Packages/com.unity.visualscripting/Runtime/VisualScripting.Flow/Framework/Control/ToggleFlow.cs
 0.1 kb	 0.0% Packages/com.unity.visualscripting/Runtime/VisualScripting.Flow/Framework/Control/SwitchOnEnum.cs
 0.1 kb	 0.0% Packages/com.unity.visualscripting/Runtime/VisualScripting.Flow/Framework/Control/SelectUnit_T.cs
 0.1 kb	 0.0% Packages/com.unity.visualscripting/Runtime/VisualScripting.Flow/Framework/Control/SelectUnit.cs
 0.1 kb	 0.0% Packages/com.unity.visualscripting/Runtime/VisualScripting.Flow/Framework/Control/SelectOnFlow.cs
 0.1 kb	 0.0% Packages/com.unity.visualscripting/Runtime/VisualScripting.Flow/Framework/Control/SelectOnEnum.cs
 0.1 kb	 0.0% Packages/com.unity.visualscripting/Runtime/VisualScripting.Flow/Framework/Control/ISelectUnit.cs
 0.1 kb	 0.0% Packages/com.unity.visualscripting/Runtime/VisualScripting.Flow/Framework/Control/IBranchUnit.cs
 0.1 kb	 0.0% Packages/com.unity.visualscripting/Runtime/VisualScripting.Flow/Framework/Collections/Lists/SetListItem.cs
 0.1 kb	 0.0% Packages/com.unity.visualscripting/Runtime/VisualScripting.Flow/Framework/Collections/Lists/MergeLists.cs
 0.1 kb	 0.0% Packages/com.unity.visualscripting/Runtime/VisualScripting.Flow/Framework/Collections/Lists/GetListItem.cs
 0.1 kb	 0.0% Packages/com.unity.visualscripting/Runtime/VisualScripting.Flow/Framework/Collections/Lists/CreateList.cs
 0.1 kb	 0.0% Packages/com.unity.visualscripting/Runtime/VisualScripting.Flow/Framework/Collections/Lists/ClearList.cs
 0.1 kb	 0.0% Packages/com.unity.visualscripting/Runtime/VisualScripting.Flow/Framework/Collections/Lists/AddListItem.cs
 0.1 kb	 0.0% Packages/com.unity.visualscripting/Runtime/VisualScripting.Flow/Framework/Collections/FirstItem.cs
 0.1 kb	 0.0% Packages/com.unity.visualscripting/Runtime/VisualScripting.Flow/Framework/Collections/CountItems.cs
 0.1 kb	 0.0% Packages/com.unity.visualscripting/Runtime/VisualScripting.Flow/Framework/Codebase/SetMember.cs
 0.1 kb	 0.0% Packages/com.unity.visualscripting/Runtime/VisualScripting.Flow/Framework/Codebase/MemberUnit.cs
 0.1 kb	 0.0% Packages/com.unity.visualscripting/Runtime/VisualScripting.Flow/Framework/Codebase/InvokeMember.cs
 0.1 kb	 0.0% Packages/com.unity.visualscripting/Runtime/VisualScripting.Flow/Framework/Codebase/GetMember.cs
 0.1 kb	 0.0% Packages/com.unity.visualscripting/Runtime/VisualScripting.Flow/Framework/Codebase/CreateStruct.cs
 0.1 kb	 0.0% Packages/com.unity.visualscripting/Runtime/VisualScripting.Flow/FlowGraph.cs
 0.1 kb	 0.0% Packages/com.unity.visualscripting/Runtime/VisualScripting.Flow/Connections/UnitRelation.cs
 0.1 kb	 0.0% Packages/com.unity.visualscripting/Runtime/VisualScripting.Core/Variables/Variables.cs
 0.1 kb	 0.0% Packages/com.unity.visualscripting/Runtime/VisualScripting.Core/Utilities/Recursion.cs
 0.1 kb	 0.0% Packages/com.unity.visualscripting/Runtime/VisualScripting.Core/Utilities/LinqUtility.cs
 0.1 kb	 0.0% Packages/com.unity.visualscripting/Runtime/VisualScripting.Core/Utilities/IGettable.cs
 0.1 kb	 0.0% Packages/com.unity.visualscripting/Runtime/VisualScripting.Core/Utilities/HashUtility.cs
 0.1 kb	 0.0% Packages/com.unity.visualscripting/Runtime/VisualScripting.Core/Utilities/EnumUtility.cs
 0.1 kb	 0.0% Packages/com.unity.visualscripting/Runtime/VisualScripting.Core/Unity/UnityThread.cs
 0.1 kb	 0.0% Packages/com.unity.visualscripting/Runtime/VisualScripting.Core/Unity/ISingleton.cs
 0.1 kb	 0.0% Packages/com.unity.visualscripting/Runtime/VisualScripting.Core/Unity/IGizmoDrawer.cs
 0.1 kb	 0.0% Packages/com.unity.visualscripting/Runtime/VisualScripting.Core/StickyNote/StickyNote.cs
 0.1 kb	 0.0% Packages/com.unity.visualscripting/Runtime/VisualScripting.Core/Serialization/Converters/RayConverter.cs
 0.1 kb	 0.0% Packages/com.unity.visualscripting/Runtime/VisualScripting.Core/Reflection/TypeUtility.cs
 0.1 kb	 0.0% Packages/com.unity.visualscripting/Runtime/VisualScripting.Core/Reflection/TypeFilter.cs
 0.1 kb	 0.0% Packages/com.unity.visualscripting/Runtime/VisualScripting.Core/Reflection/Optimization/InvokerBase.cs
 0.1 kb	 0.0% Packages/com.unity.visualscripting/Runtime/VisualScripting.Core/Reflection/Operators/PlusHandler.cs
 0.1 kb	 0.0% Packages/com.unity.visualscripting/Runtime/VisualScripting.Core/Reflection/Operators/OrHandler.cs
 0.1 kb	 0.0% Packages/com.unity.visualscripting/Runtime/VisualScripting.Core/Reflection/Operators/AndHandler.cs
 0.1 kb	 0.0% Packages/com.unity.visualscripting/Runtime/VisualScripting.Core/Reflection/Namespace.cs
 0.1 kb	 0.0% Packages/com.unity.visualscripting/Runtime/VisualScripting.Core/Reflection/MemberFilter.cs
 0.1 kb	 0.0% Packages/com.unity.visualscripting/Runtime/VisualScripting.Core/Reflection/IPrewarmable.cs
 0.1 kb	 0.0% Packages/com.unity.visualscripting/Runtime/VisualScripting.Core/Pooling/IPoolable.cs
 0.1 kb	 0.0% Packages/com.unity.visualscripting/Runtime/VisualScripting.Core/Groups/GraphGroup.cs
 0.1 kb	 0.0% Packages/com.unity.visualscripting/Runtime/VisualScripting.Core/Graphs/IGraphRoot.cs
 0.1 kb	 0.0% Packages/com.unity.visualscripting/Runtime/VisualScripting.Core/Graphs/IGraphParent.cs
 0.1 kb	 0.0% Packages/com.unity.visualscripting/Runtime/VisualScripting.Core/Graphs/IGraphNester.cs
 0.1 kb	 0.0% Packages/com.unity.visualscripting/Runtime/VisualScripting.Core/Graphs/IGraphNest.cs
 0.1 kb	 0.0% Packages/com.unity.visualscripting/Runtime/VisualScripting.Core/Graphs/IGraphItem.cs
 0.1 kb	 0.0% Packages/com.unity.visualscripting/Runtime/VisualScripting.Core/Graphs/IGraphData.cs
 0.1 kb	 0.0% Packages/com.unity.visualscripting/Runtime/VisualScripting.Core/Graphs/GraphStack.cs
 0.1 kb	 0.0% Packages/com.unity.visualscripting/Runtime/VisualScripting.Core/Graphs/GraphPointer.cs
 0.1 kb	 0.0% Packages/com.unity.visualscripting/Runtime/VisualScripting.Core/Exceptions/DebugUtility.cs
 0.1 kb	 0.0% Packages/com.unity.visualscripting/Runtime/VisualScripting.Core/Events/IEventGraph.cs
 0.1 kb	 0.0% Packages/com.unity.visualscripting/Runtime/VisualScripting.Core/Events/EventHooks.cs
 0.1 kb	 0.0% Packages/com.unity.visualscripting/Runtime/VisualScripting.Core/Events/EventHook.cs
 0.1 kb	 0.0% Packages/com.unity.visualscripting/Runtime/VisualScripting.Core/Ensure/Extensions/XComparable.cs
 0.1 kb	 0.0% Packages/com.unity.visualscripting/Runtime/VisualScripting.Core/Ensure/EnsureThat.cs
 0.1 kb	 0.0% Packages/com.unity.visualscripting/Runtime/VisualScripting.Core/Cloning/Cloners/ListCloner.cs
 0.1 kb	 0.0% Packages/com.unity.visualscripting/Runtime/VisualScripting.Core/Cloning/Cloners/FieldsCloner.cs
 0.1 kb	 0.0% Packages/com.unity.visualscripting/Runtime/VisualScripting.Core/Cloning/Cloners/ArrayCloner.cs
 0.1 kb	 0.0% Packages/com.unity.ugui/Runtime/UI/Animation/CoroutineTween.cs
 0.1 kb	 0.0% Packages/com.unity.ugui/Runtime/EventSystem/EventInterfaces.cs
 0.1 kb	 0.0% Packages/com.unity.timeline/Runtime/Utilities/IPropertyCollector.cs
 0.1 kb	 0.0% Packages/com.unity.timeline/Runtime/Utilities/AnimatorBindingCache.cs
 0.1 kb	 0.0% Packages/com.unity.timeline/Runtime/Playables/TimeControlPlayable.cs
 0.1 kb	 0.0% Packages/com.unity.timeline/Runtime/Evaluation/ScheduleRuntimeClip.cs
 0.1 kb	 0.0% Packages/com.unity.timeline/Runtime/Evaluation/InfiniteRuntimeClip.cs
 0.1 kb	 0.0% Packages/com.unity.timeline/Runtime/Control/ControlPlayableAsset.cs
 0.1 kb	 0.0% Packages/com.unity.timeline/Runtime/Audio/AudioPlayableAsset.cs
 0.1 kb	 0.0% Packages/com.unity.timeline/Runtime/Audio/AudioMixerProperties.cs
 0.1 kb	 0.0% Packages/com.unity.timeline/Runtime/Audio/AudioClipProperties.cs
 0.1 kb	 0.0% Packages/com.unity.timeline/Runtime/Attributes/TrackColorAttribute.cs
 0.1 kb	 0.0% Packages/com.unity.textmeshpro/Scripts/Runtime/TMPro_ExtensionMethods.cs
 0.1 kb	 0.0% Packages/com.unity.textmeshpro/Scripts/Runtime/TMP_TextParsingUtilities.cs
 0.1 kb	 0.0% Packages/com.unity.textmeshpro/Scripts/Runtime/TMP_TextElement_Legacy.cs
 0.1 kb	 0.0% Packages/com.unity.textmeshpro/Scripts/Runtime/TMP_FontAssetUtilities.cs
 0.1 kb	 0.0% Packages/com.unity.textmeshpro/Scripts/Runtime/MaterialReferenceManager.cs
 0.1 kb	 0.0% Packages/com.unity.collections/Unity.Collections/NativeQueue.cs
 0.1 kb	 0.0% Packages/com.unity.collections/Unity.Collections/FixedStringFormat.gen.cs
 0.1 kb	 0.0% Packages/com.unity.collections/Unity.Collections/Attributes.cs
 0.1 kb	 0.0% Packages/com.unity.2d.tilemap.extras/Runtime/Tiles/RuleOverrideTile/RuleOverrideTile.cs
 0.1 kb	 0.0% Packages/com.unity.2d.tilemap.extras/Runtime/Tiles/IsometricRuleTile/IsometricRuleTile.cs
 0.1 kb	 0.0% Packages/com.unity.2d.tilemap.extras/Runtime/Tiles/HexagonalRuleTile/HexagonalRuleTile.cs
 0.1 kb	 0.0% Packages/com.unity.2d.tilemap.extras/Runtime/GridInformation/GridInformation.cs
 0.1 kb	 0.0% Packages/com.unity.2d.spriteshape/Runtime/SpriteShapeGeometryCache.cs
 0.1 kb	 0.0% Packages/com.unity.2d.spriteshape/Runtime/SplineUtility.cs
 0.1 kb	 0.0% Packages/com.unity.2d.spriteshape/Runtime/External/LibTessDotNet/Tess.cs
 0.1 kb	 0.0% Packages/com.unity.2d.spriteshape/Runtime/External/LibTessDotNet/Mesh.cs
 0.1 kb	 0.0% Packages/com.unity.2d.spriteshape/Runtime/External/LibTessDotNet/Geom.cs
 0.1 kb	 0.0% Packages/com.unity.2d.spriteshape/Runtime/BezierUtility.cs
 0.1 kb	 0.0% Packages/com.unity.2d.common/Runtime/UTess2D/Tessellator.cs
 0.1 kb	 0.0% Packages/com.unity.2d.common/Runtime/UTess2D/PlanarGraph.cs
 0.1 kb	 0.0% Assets/Resources/Pokemon_project_assets/Tests/Integration/Status Effect Test/Test Pokemon 2.asset
 0.1 kb	 0.0% Assets/Resources/Pokemon_project_assets/Tests/Integration/Semi Invulnerability Double Battle Test/Test Pokemon 2.asset
 0.1 kb	 0.0% Assets/Resources/Pokemon_project_assets/Tests/Integration/Semi Invulnerability Double Battle Test/Test Pokemon 1.asset
 0.1 kb	 0.0% Assets/Resources/Pokemon_project_assets/Tests/Integration/Multi Target Damage Test/Test Pokemon 2.asset
 0.1 kb	 0.0% Assets/Resources/Pokemon_project_assets/Tests/Integration/Multi Target Damage Test/Test Pokemon 1.asset
 0.1 kb	 0.0% Assets/Resources/Pokemon_project_assets/Pokemon_obj/Abilities/Shed skin.asset
 0.1 kb	 0.0% Assets/Resources/Pokemon_project_assets/Overwolrd_obj/Story Objectives/beat water pokemon.asset
 0.1 kb	 0.0% Assets/Resources/Pokemon_project_assets/Overwolrd_obj/Story Objectives/beat grass pokemon.asset
 0.1 kb	 0.0% Assets/Resources/Pokemon_project_assets/Overwolrd_obj/Story Objectives/Go to bookshelf.asset
 0.1 kb	 0.0% Assets/Resources/Pokemon_project_assets/Overwolrd_obj/Interactions/Berry Trees/Idle Growing.asset
 0.1 kb	 0.0% Packages/com.unity.ugui/Runtime/UI/Core/SetPropertyUtility.cs
 0.1 kb	 0.0% Packages/com.unity.ugui/Runtime/UI/Core/MaterialModifiers/IMaterialModifier.cs
 0.1 kb	 0.0% Packages/com.unity.ugui/Runtime/UI/Core/Layout/VerticalLayoutGroup.cs
 0.1 kb	 0.0% Packages/com.unity.ugui/Runtime/UI/Core/Layout/ContentSizeFitter.cs
 0.1 kb	 0.0% Packages/com.unity.ugui/Runtime/UI/Core/Layout/AspectRatioFitter.cs
 0.1 kb	 0.0% Packages/com.unity.ugui/Runtime/UI/Core/FontUpdateTracker.cs
 0.1 kb	 0.0% Packages/com.unity.ugui/Runtime/UI/Core/CanvasUpdateRegistry.cs
 0.1 kb	 0.0% Packages/com.unity.ugui/Runtime/UI/Core/AnimationTriggers.cs
 0.1 kb	 0.0% Packages/com.unity.ugui/Runtime/EventSystem/UIElements/PanelRaycaster.cs
 0.1 kb	 0.0% Packages/com.unity.ugui/Runtime/EventSystem/Raycasters/PhysicsRaycaster.cs
 0.1 kb	 0.0% Packages/com.unity.ugui/Runtime/EventSystem/Raycasters/BaseRaycaster.cs
 0.1 kb	 0.0% Packages/com.unity.ugui/Runtime/EventSystem/RaycasterManager.cs
 0.1 kb	 0.0% Packages/com.unity.ugui/Runtime/EventSystem/RaycastResult.cs
 0.1 kb	 0.0% Packages/com.unity.ugui/Runtime/EventSystem/InputModules/TouchInputModule.cs
 0.1 kb	 0.0% Packages/com.unity.ugui/Runtime/EventSystem/InputModules/BaseInputModule.cs
 0.1 kb	 0.0% Packages/com.unity.ugui/Runtime/EventSystem/ExecuteEvents.cs
 0.1 kb	 0.0% Packages/com.unity.ugui/Runtime/EventSystem/EventData/PointerEventData.cs
 0.1 kb	 0.0% Packages/com.unity.ugui/Runtime/EventSystem/EventData/BaseEventData.cs
 0.1 kb	 0.0% Packages/com.unity.ugui/Runtime/EventSystem/EventData/AxisEventData.cs
 0.1 kb	 0.0% Packages/com.unity.timeline/Runtime/Extensions/TrackExtensions.cs
 0.1 kb	 0.0% Packages/com.unity.timeline/Runtime/ClipCaps.cs
 0.1 kb	 0.0% Packages/com.unity.textmeshpro/Scripts/Runtime/TMP_TextProcessingStack.cs
 0.1 kb	 0.0% Packages/com.unity.textmeshpro/Scripts/Runtime/TMP_FontFeaturesCommon.cs
 0.1 kb	 0.0% Packages/com.unity.test-framework/UnityEngine.TestRunner/Assertions/LogScope/LogScope.cs
 0.1 kb	 0.0% Packages/com.unity.test-framework/UnityEngine.TestRunner/Assertions/LogScope/LogMatch.cs
 0.1 kb	 0.0% Packages/com.unity.test-framework/UnityEngine.TestRunner/Assertions/LogScope/LogEvent.cs
 0.1 kb	 0.0% Packages/com.unity.test-framework/UnityEngine.TestRunner/Assertions/LogAssert.cs
 0.1 kb	 0.0% Packages/com.unity.mathematics/Unity.Mathematics/rigid_transform.cs
 0.1 kb	 0.0% Packages/com.unity.mathematics/Unity.Mathematics/math_unity_conversion.cs
 0.1 kb	 0.0% Packages/com.unity.mathematics/Unity.Mathematics/Geometry/MinMaxAABB.cs
 0.1 kb	 0.0% Packages/com.unity.collections/Unity.Collections/xxHash3.StreamingState.cs
 0.1 kb	 0.0% Packages/com.unity.collections/Unity.Collections/NativeSort.cs
 0.1 kb	 0.0% Packages/com.unity.collections/Unity.Collections/NativeBitArray.cs
 0.1 kb	 0.0% Packages/com.unity.collections/Unity.Collections/ListExtensions.cs
 0.1 kb	 0.0% Packages/com.unity.collections/Unity.Collections/FixedStringUtils.cs
 0.1 kb	 0.0% Packages/com.unity.collections/Unity.Collections/ConcurrentMask.cs
 0.1 kb	 0.0% Packages/com.unity.collections/Unity.Collections/CollectionHelper.cs
 0.1 kb	 0.0% Packages/com.unity.collections/Unity.Collections/AllocatorManager.cs
 0.1 kb	 0.0% Packages/com.unity.burst/Runtime/SafeStringArrayHelper.cs
 0.1 kb	 0.0% Packages/com.unity.burst/Runtime/Editor/BurstEditorOptions.cs
 0.1 kb	 0.0% Packages/com.unity.burst/Runtime/Editor/BurstCompileTarget.cs
 0.1 kb	 0.0% Packages/com.unity.burst/Runtime/Editor/BurstAssemblyDisable.cs
 0.1 kb	 0.0% Packages/com.unity.burst/Runtime/BurstCompileAttribute.cs
 0.1 kb	 0.0% Packages/com.unity.ai.navigation/Runtime/NavMeshSurface.cs
 0.1 kb	 0.0% Packages/com.unity.ai.navigation/Runtime/NavMeshModifier.cs
 0.1 kb	 0.0% Packages/com.unity.2d.animation/IK/Runtime/FabrikSolver2D.cs
 0.1 kb	 0.0% Assets/Scripts/overworld/TrainerBattleInteractionInfo.cs
 0.1 kb	 0.0% Assets/Scripts/overworld/PokemonGiftInteractoinInfo.cs
 0.1 kb	 0.0% Assets/Scripts/Ui/DialogueOptionsEventHandler.cs
 0.1 kb	 0.0% Assets/Scripts/Testing/TestTemplates/EndToEndItemTestTesmplate.cs
 0.1 kb	 0.0% Assets/Scripts/Testing/General Battle Tests/Integration/Special Moves/Unique Logic Moves/WhirlwindTrainerBattleTest.cs
 0.1 kb	 0.0% Assets/Scripts/Testing/General Battle Tests/Integration/Special Moves/Unique Logic Moves/WhirlwindDoubleBattleTest.cs
 0.1 kb	 0.0% Assets/Scripts/Testing/General Battle Tests/Integration/Held Items/ConsumableHeldItemUsageTest.cs
 0.1 kb	 0.0% Assets/Scripts/Testing/General Battle Tests/Integration/Battle Systems/StatChangeApplicationTest.cs
 0.1 kb	 0.0% Assets/Scripts/Testing/General Battle Tests/Integration/Abilities/StatusEffectDamageBuffTest.cs
 0.1 kb	 0.0% Assets/Scripts/Testing/General Battle Tests/Integration/Abilities/HealthBasedDamageBuffTest.cs
 0.1 kb	 0.0% Assets/Scripts/System/TestingEnvironmentHandler.cs
 0.1 kb	 0.0% Assets/Scripts/System/Input State Groups/TypingInterfaceInputService.cs
 0.1 kb	 0.0% Assets/Scripts/System/Input State Groups/PokemonStorageInputService.cs
 0.1 kb	 0.0% Assets/Scripts/System/Input State Groups/PokemonDetailsInputService.cs
 0.1 kb	 0.0% Assets/Scripts/System/Input State Groups/PokemonBattleInputService.cs
 0.1 kb	 0.0% Assets/Scripts/Story Objectives/BerryInteractionObjective.cs
 0.1 kb	 0.0% Assets/Scripts/Battle/Battle Participant/StatusEffectAnimationHandler.cs
 0.1 kb	 0.0% Assets/Scripts/Battle/Battle Participant/BattleParticipantStatData.cs
 0.1 kb	 0.0% Assets/Resources/Pokemon_project_assets/Tests/Integration/Thunder Test/Test Pokemon.asset
 0.1 kb	 0.0% Assets/Resources/Pokemon_project_assets/Tests/Integration/Struggle Test/Test Pokemon.asset
 0.1 kb	 0.0% Assets/Resources/Pokemon_project_assets/Tests/Integration/Status Effect Test/Test Pokemon.asset
 0.1 kb	 0.0% Assets/Resources/Pokemon_project_assets/Tests/Integration/Stat Change Application Test/Test Pokemon.asset
 0.1 kb	 0.0% Assets/Resources/Pokemon_project_assets/Tests/Integration/Rest Test/Test Pokemon.asset
 0.1 kb	 0.0% Assets/Resources/Pokemon_project_assets/Tests/Integration/Haze Test/Test Pokemon.asset
 0.1 kb	 0.0% Assets/Resources/Pokemon_project_assets/Tests/Integration/Choice Band Test/Test Pokemon.asset
 0.1 kb	 0.0% Assets/Resources/Pokemon_project_assets/Tests/Integration/Bide Test/Test Pokemon.asset
 0.1 kb	 0.0% Assets/Resources/Pokemon_project_assets/Pokemon_obj/Moves/EffectInfoModules/Weaken Fire.asset
 0.1 kb	 0.0% Assets/Resources/Pokemon_project_assets/Pokemon_obj/Abilities/Swarm.asset
 0.1 kb	 0.0% Assets/Resources/Pokemon_project_assets/Overwolrd_obj/Story Objectives/View Key Binds.asset
 0.1 kb	 0.0% Assets/Resources/Pokemon_project_assets/Overwolrd_obj/Story Objectives/Sell super potion.asset
 0.1 kb	 0.0% Packages/com.unity.visualscripting/Runtime/VisualScripting.State/State.cs
 0.1 kb	 0.0% Packages/com.unity.visualscripting/Runtime/VisualScripting.State/IState.cs
 0.1 kb	 0.0% Packages/com.unity.visualscripting/Runtime/VisualScripting.State/AnyState.cs
 0.1 kb	 0.0% Packages/com.unity.visualscripting/Runtime/VisualScripting.Flow/IUnit.cs
 0.1 kb	 0.0% Packages/com.unity.visualscripting/Runtime/VisualScripting.Flow/Framework/Time/WaitUnit.cs
 0.1 kb	 0.0% Packages/com.unity.visualscripting/Runtime/VisualScripting.Flow/Framework/Time/Timer.cs
 0.1 kb	 0.0% Packages/com.unity.visualscripting/Runtime/VisualScripting.Flow/Framework/Time/Cooldown.cs
 0.1 kb	 0.0% Packages/com.unity.visualscripting/Runtime/VisualScripting.Flow/Framework/Logic/NotEqual.cs
 0.1 kb	 0.0% Packages/com.unity.visualscripting/Runtime/VisualScripting.Flow/Framework/Logic/Negate.cs
 0.1 kb	 0.0% Packages/com.unity.visualscripting/Runtime/VisualScripting.Flow/Framework/Logic/Greater.cs
 0.1 kb	 0.0% Packages/com.unity.visualscripting/Runtime/VisualScripting.Flow/Framework/Logic/Equal.cs
 0.1 kb	 0.0% Packages/com.unity.visualscripting/Runtime/VisualScripting.Flow/Framework/Literal.cs
 0.1 kb	 0.0% Packages/com.unity.visualscripting/Runtime/VisualScripting.Flow/Framework/Formula.cs
 0.1 kb	 0.0% Packages/com.unity.visualscripting/Runtime/VisualScripting.Flow/Framework/Events/Lifecycle/Update.cs
 0.1 kb	 0.0% Packages/com.unity.visualscripting/Runtime/VisualScripting.Flow/Framework/Events/Lifecycle/Start.cs
 0.1 kb	 0.0% Packages/com.unity.visualscripting/Runtime/VisualScripting.Flow/Framework/Events/Lifecycle/OnEnable.cs
 0.1 kb	 0.0% Packages/com.unity.visualscripting/Runtime/VisualScripting.Flow/Framework/Events/GUI/OnSubmit.cs
 0.1 kb	 0.0% Packages/com.unity.visualscripting/Runtime/VisualScripting.Flow/Framework/Events/GUI/OnSelect.cs
 0.1 kb	 0.0% Packages/com.unity.visualscripting/Runtime/VisualScripting.Flow/Framework/Events/GUI/OnScroll.cs
 0.1 kb	 0.0% Packages/com.unity.visualscripting/Runtime/VisualScripting.Flow/Framework/Events/GUI/OnMove.cs
 0.1 kb	 0.0% Packages/com.unity.visualscripting/Runtime/VisualScripting.Flow/Framework/Events/GUI/OnGUI.cs
 0.1 kb	 0.0% Packages/com.unity.visualscripting/Runtime/VisualScripting.Flow/Framework/Events/GUI/OnDrop.cs
 0.1 kb	 0.0% Packages/com.unity.visualscripting/Runtime/VisualScripting.Flow/Framework/Events/GUI/OnDrag.cs
 0.1 kb	 0.0% Packages/com.unity.visualscripting/Runtime/VisualScripting.Flow/Framework/Events/GUI/OnCancel.cs
 0.1 kb	 0.0% Packages/com.unity.visualscripting/Runtime/VisualScripting.Flow/Framework/Control/While.cs
 0.1 kb	 0.0% Packages/com.unity.visualscripting/Runtime/VisualScripting.Flow/Framework/Control/TryCatch.cs
 0.1 kb	 0.0% Packages/com.unity.visualscripting/Runtime/VisualScripting.Flow/Framework/Control/Throw.cs
 0.1 kb	 0.0% Packages/com.unity.visualscripting/Runtime/VisualScripting.Flow/Framework/Control/Sequence.cs
 0.1 kb	 0.0% Packages/com.unity.visualscripting/Runtime/VisualScripting.Flow/Framework/Control/LoopUnit.cs
 0.1 kb	 0.0% Packages/com.unity.visualscripting/Runtime/VisualScripting.Flow/Framework/Control/ForEach.cs
 0.1 kb	 0.0% Packages/com.unity.visualscripting/Runtime/VisualScripting.Flow/Framework/Control/Cache.cs
 0.1 kb	 0.0% Packages/com.unity.visualscripting/Runtime/VisualScripting.Flow/Framework/Control/Break.cs
 0.1 kb	 0.0% Packages/com.unity.visualscripting/Runtime/VisualScripting.Flow/Framework/Collections/LastItem.cs
 0.1 kb	 0.0% Packages/com.unity.visualscripting/Runtime/VisualScripting.Flow/Framework/Codebase/Expose.cs
 0.1 kb	 0.0% Packages/com.unity.visualscripting/Runtime/VisualScripting.Core/Utilities/XColor.cs
 0.1 kb	 0.0% Packages/com.unity.visualscripting/Runtime/VisualScripting.Core/Reflection/TypeName.cs
 0.1 kb	 0.0% Packages/com.unity.visualscripting/Runtime/VisualScripting.Core/Reflection/Member.cs
 0.1 kb	 0.0% Packages/com.unity.visualscripting/Runtime/VisualScripting.Core/Macros/IMacro.cs
 0.1 kb	 0.0% Packages/com.unity.visualscripting/Runtime/VisualScripting.Core/Machines/IMachine.cs
 0.1 kb	 0.0% Packages/com.unity.visualscripting/Runtime/VisualScripting.Core/Graphs/IGraph.cs
 0.1 kb	 0.0% Packages/com.unity.visualscripting/Runtime/VisualScripting.Core/Graphs/Graph.cs
 0.1 kb	 0.0% Packages/com.unity.visualscripting/Runtime/VisualScripting.Core/Events/EventBus.cs
 0.1 kb	 0.0% Packages/com.unity.visualscripting/Runtime/VisualScripting.Core/Ensure/Extensions/XString.cs
 0.1 kb	 0.0% Packages/com.unity.visualscripting/Runtime/VisualScripting.Core/Ensure/Ensure.cs
 0.1 kb	 0.0% Packages/com.unity.visualscripting/Runtime/VisualScripting.Core/Collections/AotList.cs
 0.1 kb	 0.0% Packages/com.unity.visualscripting/Runtime/VisualScripting.Core/Cloning/ICloner.cs
 0.1 kb	 0.0% Packages/com.unity.visualscripting/Runtime/VisualScripting.Core/Cloning/Cloning.cs
 0.1 kb	 0.0% Packages/com.unity.timeline/Runtime/Utilities/WeightUtility.cs
 0.1 kb	 0.0% Packages/com.unity.timeline/Runtime/Utilities/IPropertyPreview.cs
 0.1 kb	 0.0% Packages/com.unity.timeline/Runtime/Utilities/Extrapolation.cs
 0.1 kb	 0.0% Packages/com.unity.timeline/Runtime/TimelinePlayable.cs
 0.1 kb	 0.0% Packages/com.unity.timeline/Runtime/TimelineAsset.cs
 0.1 kb	 0.0% Packages/com.unity.timeline/Runtime/Scripting/PlayableTrack.cs
 0.1 kb	 0.0% Packages/com.unity.timeline/Runtime/Events/Signals/SignalReceiver.cs
 0.1 kb	 0.0% Packages/com.unity.timeline/Runtime/Events/Signals/SignalEmitter.cs
 0.1 kb	 0.0% Packages/com.unity.timeline/Runtime/Evaluation/RuntimeElement.cs
 0.1 kb	 0.0% Packages/com.unity.timeline/Runtime/Evaluation/RuntimeClipBase.cs
 0.1 kb	 0.0% Packages/com.unity.timeline/Runtime/Animation/AnimationTrack.cs
 0.1 kb	 0.0% Packages/com.unity.timeline/Runtime/Activation/ActivationTrack.cs
 0.1 kb	 0.0% Packages/com.unity.textmeshpro/Scripts/Runtime/TMPro_EventManager.cs
 0.1 kb	 0.0% Packages/com.unity.textmeshpro/Scripts/Runtime/TMP_UpdateRegistery.cs
 0.1 kb	 0.0% Packages/com.unity.textmeshpro/Scripts/Runtime/TMP_UpdateManager.cs
 0.1 kb	 0.0% Packages/com.unity.textmeshpro/Scripts/Runtime/TMP_TextUtilities.cs
 0.1 kb	 0.0% Packages/com.unity.textmeshpro/Scripts/Runtime/TMP_SpriteCharacter.cs
 0.1 kb	 0.0% Packages/com.unity.textmeshpro/Scripts/Runtime/TMP_SpriteAnimator.cs
 0.1 kb	 0.0% Packages/com.unity.textmeshpro/Scripts/Runtime/TMP_SelectionCaret.cs
 0.1 kb	 0.0% Packages/com.unity.textmeshpro/Scripts/Runtime/TMP_ResourcesManager.cs
 0.1 kb	 0.0% Packages/com.unity.textmeshpro/Scripts/Runtime/TMP_MaterialManager.cs
 0.1 kb	 0.0% Packages/com.unity.textmeshpro/Scripts/Runtime/TMP_InputValidator.cs
 0.1 kb	 0.0% Packages/com.unity.textmeshpro/Scripts/Runtime/TMP_FontFeatureTable.cs
 0.1 kb	 0.0% Packages/com.unity.textmeshpro/Scripts/Runtime/TMP_DefaultControls.cs
 0.1 kb	 0.0% Packages/com.unity.textmeshpro/Scripts/Runtime/TMP_Compatibility.cs
 0.1 kb	 0.0% Packages/com.unity.textmeshpro/Scripts/Runtime/TMP_ColorGradient.cs
 0.1 kb	 0.0% Packages/com.unity.textmeshpro/Scripts/Runtime/TMP_CharacterInfo.cs
 0.1 kb	 0.0% Packages/com.unity.textmeshpro/Scripts/Runtime/ITextPreProcessor.cs
 0.1 kb	 0.0% Packages/com.unity.test-framework/UnityEngine.TestRunner/Utils/Utils.cs
 0.1 kb	 0.0% Packages/com.unity.test-framework/UnityEngine.TestRunner/Assertions/Is.cs
 0.1 kb	 0.0% Packages/com.unity.mathematics/Unity.Mathematics/double4x4.gen.cs
 0.1 kb	 0.0% Packages/com.unity.mathematics/Unity.Mathematics/double4x3.gen.cs
 0.1 kb	 0.0% Packages/com.unity.mathematics/Unity.Mathematics/double4x2.gen.cs
 0.1 kb	 0.0% Packages/com.unity.mathematics/Unity.Mathematics/double3x4.gen.cs
 0.1 kb	 0.0% Packages/com.unity.mathematics/Unity.Mathematics/double3x3.gen.cs
 0.1 kb	 0.0% Packages/com.unity.mathematics/Unity.Mathematics/double3x2.gen.cs
 0.1 kb	 0.0% Packages/com.unity.mathematics/Unity.Mathematics/double2x4.gen.cs
 0.1 kb	 0.0% Packages/com.unity.mathematics/Unity.Mathematics/double2x3.gen.cs
 0.1 kb	 0.0% Packages/com.unity.mathematics/Unity.Mathematics/double2x2.gen.cs
 0.1 kb	 0.0% Packages/com.unity.collections/Unity.Collections/NativeText.gen.cs
 0.1 kb	 0.0% Packages/com.unity.collections/Unity.Collections/HeapString.gen.cs
 0.1 kb	 0.0% Packages/com.unity.collections/Unity.Collections/FixedString.gen.cs
 0.1 kb	 0.0% Packages/com.unity.collections/Unity.Collections/FixedList.gen.cs
 0.1 kb	 0.0% Packages/com.unity.2d.tilemap.extras/Runtime/Tiles/AnimatedTile/AnimatedTile.cs
 0.1 kb	 0.0% Packages/com.unity.2d.spriteshape/Runtime/SpriteShape.cs
 0.1 kb	 0.0% Packages/com.unity.2d.common/Runtime/UTess2D/UTess.cs
 0.1 kb	 0.0% Packages/com.unity.2d.common/Runtime/UTess2D/Smoothen.cs
 0.1 kb	 0.0% Packages/com.unity.2d.common/Runtime/UTess2D/Refinery.cs
 0.1 kb	 0.0% Assets/Resources/Pokemon_project_assets/Pokemon_obj/Types/Grass.asset
 0.1 kb	 0.0% Assets/Resources/Pokemon_project_assets/Overwolrd_obj/Story Objectives/Pick Pecha.asset
 0.1 kb	 0.0% Packages/com.unity.ugui/Runtime/UI/Core/VertexModifiers/PositionAsUV1.cs
 0.1 kb	 0.0% Packages/com.unity.ugui/Runtime/UI/Core/VertexModifiers/IMeshModifier.cs
 0.1 kb	 0.0% Packages/com.unity.ugui/Runtime/UI/Core/VertexModifiers/BaseMeshEffect.cs
 0.1 kb	 0.0% Packages/com.unity.ugui/Runtime/UI/Core/StencilMaterial.cs
 0.1 kb	 0.0% Packages/com.unity.ugui/Runtime/UI/Core/MaskableGraphic.cs
 0.1 kb	 0.0% Packages/com.unity.ugui/Runtime/UI/Core/MaskUtilities.cs
 0.1 kb	 0.0% Packages/com.unity.ugui/Runtime/UI/Core/Layout/LayoutUtility.cs
 0.1 kb	 0.0% Packages/com.unity.ugui/Runtime/UI/Core/Layout/LayoutRebuilder.cs
 0.1 kb	 0.0% Packages/com.unity.ugui/Runtime/UI/Core/Layout/LayoutElement.cs
 0.1 kb	 0.0% Packages/com.unity.ugui/Runtime/UI/Core/Layout/ILayoutElement.cs
 0.1 kb	 0.0% Packages/com.unity.ugui/Runtime/UI/Core/Layout/GridLayoutGroup.cs
 0.1 kb	 0.0% Packages/com.unity.ugui/Runtime/UI/Core/GraphicRegistry.cs
 0.1 kb	 0.0% Packages/com.unity.ugui/Runtime/UI/Core/GraphicRaycaster.cs
 0.1 kb	 0.0% Packages/com.unity.ugui/Runtime/UI/Core/DefaultControls.cs
 0.1 kb	 0.0% Packages/com.unity.ugui/Runtime/UI/Core/Culling/ClipperRegistry.cs
 0.1 kb	 0.0% Packages/com.unity.ugui/Runtime/EventSystem/UIBehaviour.cs
 0.1 kb	 0.0% Packages/com.unity.ugui/Runtime/EventSystem/InputModules/BaseInput.cs
 0.1 kb	 0.0% Packages/com.unity.ugui/Runtime/EventSystem/EventTrigger.cs
 0.1 kb	 0.0% Packages/com.unity.ugui/Runtime/EventSystem/EventSystem.cs
 0.1 kb	 0.0% Packages/com.unity.textmeshpro/Scripts/Runtime/TMPro_MeshUtilities.cs
 0.1 kb	 0.0% Packages/com.unity.textmeshpro/Scripts/Runtime/TMP_ShaderUtilities.cs
 0.1 kb	 0.0% Packages/com.unity.textmeshpro/Scripts/Runtime/TMP_RichTextTagsCommon.cs
 0.1 kb	 0.0% Packages/com.unity.textmeshpro/Scripts/Runtime/TMP_FontAssetCommon.cs
 0.1 kb	 0.0% Packages/com.unity.mathematics/Unity.Mathematics/quaternion.cs
 0.1 kb	 0.0% Packages/com.unity.mathematics/Unity.Mathematics/Noise/classicnoise4D.cs
 0.1 kb	 0.0% Packages/com.unity.mathematics/Unity.Mathematics/Noise/classicnoise3D.cs
 0.1 kb	 0.0% Packages/com.unity.mathematics/Unity.Mathematics/Noise/classicnoise2D.cs
 0.1 kb	 0.0% Packages/com.unity.mathematics/Unity.Mathematics/Noise/cellular2x2x2.cs
 0.1 kb	 0.0% Packages/com.unity.mathematics/Unity.Mathematics/Geometry/Plane.cs
 0.1 kb	 0.0% Packages/com.unity.collections/Unity.Collections/NativeStream.cs
 0.1 kb	 0.0% Packages/com.unity.burst/Runtime/Intrinsics/SimdDebugViews.cs
 0.1 kb	 0.0% Packages/com.unity.burst/Runtime/Editor/BurstReflection.cs
 0.1 kb	 0.0% Packages/com.unity.burst/Runtime/BurstCompilerOptions.cs
 0.1 kb	 0.0% Packages/com.unity.ai.navigation/Runtime/NavMeshLink.cs
 0.1 kb	 0.0% Packages/com.unity.2d.animation/Runtime/Bone.cs
 0.1 kb	 0.0% Packages/com.unity.2d.animation/IK/Runtime/LimbSolver2D.cs
 0.1 kb	 0.0% Packages/com.unity.2d.animation/IK/Runtime/IconUtility.cs
 0.1 kb	 0.0% Packages/com.unity.2d.animation/IK/Runtime/IKUtility.cs
 0.1 kb	 0.0% Packages/com.unity.2d.animation/IK/Runtime/IKManager2D.cs
 0.1 kb	 0.0% Packages/com.unity.2d.animation/IK/Runtime/IKChain2D.cs
 0.1 kb	 0.0% Packages/com.unity.2d.animation/IK/Runtime/CCDSolver2D.cs
 0.1 kb	 0.0% Assets/Scripts/player_scripts/PlayerMovementHandler.cs
 0.1 kb	 0.0% Assets/Scripts/player_scripts/OverworldActionsHandler.cs
 0.1 kb	 0.0% Assets/Scripts/overworld/OverworldPickupRegistry.cs
 0.1 kb	 0.0% Assets/Scripts/overworld/OverworldInteractable.cs
 0.1 kb	 0.0% Assets/Scripts/overworld/AnimatedEncounterTile.cs
 0.1 kb	 0.0% Assets/Scripts/Ui/TypingInterfaceHandler.cs
 0.1 kb	 0.0% Assets/Scripts/Ui/PokemonStorageHandler.cs
 0.1 kb	 0.0% Assets/Scripts/Ui/PokemonDetailsHandler.cs
 0.1 kb	 0.0% Assets/Scripts/Ui/DialogueOptionsManager.cs
 0.1 kb	 0.0% Assets/Scripts/Testing/General Tests/Items/ModifyPowerpointsTest.cs
 0.1 kb	 0.0% Assets/Scripts/Testing/General Battle Tests/Integration/Special Moves/Unique Logic Moves/WhirlwindWildBattleTest.cs
 0.1 kb	 0.0% Assets/Scripts/Testing/General Battle Tests/Integration/Special Moves/Unique Logic Moves/SilverwindTests/SilverwindBattleEndTest.cs
 0.1 kb	 0.0% Assets/Scripts/Testing/General Battle Tests/Integration/Special Moves/Unique Logic Moves/PursuitTests/PursuitDoubleTargetTest.cs
 0.1 kb	 0.0% Assets/Scripts/Testing/General Battle Tests/Integration/Special Moves/SpecificMoveDamageTest.cs
 0.1 kb	 0.0% Assets/Scripts/Testing/General Battle Tests/Integration/Special Moves/MultiTargetDamageTest.cs
 0.1 kb	 0.0% Assets/Scripts/Testing/General Battle Tests/Integration/Special Moves/IdentifyTargetMoveTest.cs
 0.1 kb	 0.0% Assets/Scripts/Testing/General Battle Tests/Integration/Special Moves/DamageProtectionMoveTest.cs
 0.1 kb	 0.0% Assets/Scripts/Testing/General Battle Tests/Integration/Special Moves/CreateBarrierMoveTest.cs
 0.1 kb	 0.0% Assets/Scripts/Testing/General Battle Tests/Integration/MoveTestActionSequencer.cs
 0.1 kb	 0.0% Assets/Scripts/Testing/General Battle Tests/Integration/Battle Systems/InfatuationEffectTest.cs
 0.1 kb	 0.0% Assets/Scripts/Testing/General Battle Tests/End To End/Battle Systems/EvolutionInBattleTest.cs
 0.1 kb	 0.0% Assets/Scripts/System/Input State Groups/PokemonPartyInputService.cs
 0.1 kb	 0.0% Assets/Scripts/System/Input State Groups/PlayerBagInputService.cs
 0.1 kb	 0.0% Assets/Scripts/System/Input State Groups/GameSettingsInputService.cs
 0.1 kb	 0.0% Assets/Scripts/Story Objectives/TrainerBattleObjective.cs
 0.1 kb	 0.0% Assets/Scripts/Story Objectives/Story Progress Objective.cs
 0.1 kb	 0.0% Assets/Scripts/Story Objectives/PokemonStorageObjective.cs
 0.1 kb	 0.0% Assets/Scripts/Story Objectives/ObjectiveObjectHandler.cs
 0.1 kb	 0.0% Assets/Scripts/Story Objectives/GeneralItemUiObjective.cs
 0.1 kb	 0.0% Assets/Scripts/Pokemon/FriendShipEvolutionData.cs
 0.1 kb	 0.0% Assets/Scripts/Items/MoveLearningMachineInfo.cs
 0.1 kb	 0.0% Assets/Scripts/Items/EvolutionStoneInfoModule.cs
 0.1 kb	 0.0% Assets/Scripts/Items/Dynamic Info Modules/FriendshipModifierInfo.cs
 0.1 kb	 0.0% Assets/Scripts/Items/Dynamic Info Modules/DynamicAdditionalInfo.cs
 0.1 kb	 0.0% Assets/Scripts/Items/Dynamic Info Modules/BattleHeldItemTypeInfo.cs
 0.1 kb	 0.0% Assets/Scripts/Battle/Turns/SemiInvulnerabilityData.cs
 0.1 kb	 0.0% Assets/Scripts/Battle/TurnBasedCombatHandler.cs
 0.1 kb	 0.0% Assets/Scripts/Battle/MoveInfoModules/SemiInvulnerabilityInfo.cs
 0.1 kb	 0.0% Assets/Scripts/Battle/MoveInfoModules/MultiTargetDamageInfo.cs
 0.1 kb	 0.0% Assets/Scripts/Battle/Battle Participant/DamageBuffAbilityData.cs
 0.1 kb	 0.0% Assets/Scripts/Battle/Battle Data Holders/StatChangeabilityData.cs
 0.1 kb	 0.0% Assets/Scripts/Battle/Battle Data Holders/StatChangeTransitData.cs
 0.1 kb	 0.0% Assets/Scripts/Battle/Battle Data Holders/OnFieldDamageModifier.cs
 0.1 kb	 0.0% Assets/Scripts/Battle/Battle Data Holders/EvolutionInBattleData.cs
 0.1 kb	 0.0% Assets/Resources/Pokemon_project_assets/Tests/Integration/Whirlwind Trainer Battle Test/Test Pokemon 2.asset
 0.1 kb	 0.0% Assets/Resources/Pokemon_project_assets/Tests/Integration/Whirlwind Trainer Battle Test/Test Pokemon 1.asset
 0.1 kb	 0.0% Assets/Resources/Pokemon_project_assets/Tests/Integration/Whirlwind Double Battle Test/Test Pokemon 3.asset
 0.1 kb	 0.0% Assets/Resources/Pokemon_project_assets/Tests/Integration/Whirlwind Double Battle Test/Test Pokemon 2.asset
 0.1 kb	 0.0% Assets/Resources/Pokemon_project_assets/Tests/Integration/Whirlwind Double Battle Test/Test Pokemon 1.asset
 0.1 kb	 0.0% Assets/Resources/Pokemon_project_assets/Tests/Integration/Weather Damage Test/Test Pokemon 2.asset
 0.1 kb	 0.0% Assets/Resources/Pokemon_project_assets/Tests/Integration/Trap Effect Test/Test Pokemon 1.asset
 0.1 kb	 0.0% Assets/Resources/Pokemon_project_assets/Tests/Integration/Silverwind Swap Test/Test Pokemon 1.asset
 0.1 kb	 0.0% Assets/Resources/Pokemon_project_assets/Tests/Integration/Semi Invulnerability Single Battle Test/Test Pokemon 1.asset
 0.1 kb	 0.0% Assets/Resources/Pokemon_project_assets/Tests/Integration/Pursuit Test/Test Pokemon 1.asset
 0.1 kb	 0.0% Assets/Resources/Pokemon_project_assets/Tests/Integration/Pursuit Double Target Test/Test Pokemon 3.asset
 0.1 kb	 0.0% Assets/Resources/Pokemon_project_assets/Tests/Integration/Pursuit Double Target Test/Test Pokemon 2.asset
 0.1 kb	 0.0% Assets/Resources/Pokemon_project_assets/Tests/Integration/Pursuit Double Target Test/Test Pokemon 1.asset
 0.1 kb	 0.0% Assets/Resources/Pokemon_project_assets/Tests/End To End/Revive Battle Test/Test Pokemon 1.asset
 0.1 kb	 0.0% Assets/Resources/Pokemon_project_assets/Tests/End To End/Guard Spec Item Test/Test Pokemon 1.asset
 0.1 kb	 0.0% Assets/Resources/Pokemon_project_assets/Tests/End To End/Exp Gain Test/Test Pokemon 1.asset
 0.1 kb	 0.0% Assets/Resources/Pokemon_project_assets/Tests/Assets/Test Player.asset
 0.1 kb	 0.0% Assets/Resources/Pokemon_project_assets/Pokemon_obj/Types/Rock.asset
 0.1 kb	 0.0% Assets/Resources/Pokemon_project_assets/Overwolrd_obj/Story Objectives/cath wurmple.asset
 0.1 kb	 0.0% Assets/Resources/Pokemon_project_assets/Overwolrd_obj/Story Objectives/Heal Pokemon.asset
 0.1 kb	 0.0% Assets/Resources/Pokemon_project_assets/Overwolrd_obj/Story Objectives/Buy Energy Root.asset
 0.1 kb	 0.0% Assets/Resources/Pokemon_project_assets/Overwolrd_obj/Poke_Mart_Data/Forest Items.asset
 0.1 kb	 0.0% Packages/com.unity.visualscripting/Runtime/VisualScripting.Flow/Unit.cs
 0.1 kb	 0.0% Packages/com.unity.visualscripting/Runtime/VisualScripting.Flow/Framework/This.cs
 0.1 kb	 0.0% Packages/com.unity.visualscripting/Runtime/VisualScripting.Flow/Framework/Nulls/Null.cs
 0.1 kb	 0.0% Packages/com.unity.visualscripting/Runtime/VisualScripting.Flow/Framework/Logic/Or.cs
 0.1 kb	 0.0% Packages/com.unity.visualscripting/Runtime/VisualScripting.Flow/Framework/Logic/Less.cs
 0.1 kb	 0.0% Packages/com.unity.visualscripting/Runtime/VisualScripting.Flow/Framework/Logic/And.cs
 0.1 kb	 0.0% Packages/com.unity.visualscripting/Runtime/VisualScripting.Flow/Framework/Control/Once.cs
 0.1 kb	 0.0% Packages/com.unity.visualscripting/Runtime/VisualScripting.Flow/Framework/Control/If.cs
 0.1 kb	 0.0% Packages/com.unity.visualscripting/Runtime/VisualScripting.Flow/Framework/Control/For.cs
 0.1 kb	 0.0% Packages/com.unity.visualscripting/Runtime/VisualScripting.Flow/Flow.cs
 0.1 kb	 0.0% Packages/com.unity.timeline/Runtime/Utilities/TimelineUndo.cs
 0.1 kb	 0.0% Packages/com.unity.timeline/Runtime/Utilities/TimeUtility.cs
 0.1 kb	 0.0% Packages/com.unity.timeline/Runtime/Utilities/HashUtility.cs
 0.1 kb	 0.0% Packages/com.unity.timeline/Runtime/TrackAsset.cs
 0.1 kb	 0.0% Packages/com.unity.timeline/Runtime/TimelineClip.cs
 0.1 kb	 0.0% Packages/com.unity.timeline/Runtime/Playables/ITimeControl.cs
 0.1 kb	 0.0% Packages/com.unity.timeline/Runtime/ILayerable.cs
 0.1 kb	 0.0% Packages/com.unity.timeline/Runtime/GroupTrack.cs
 0.1 kb	 0.0% Packages/com.unity.timeline/Runtime/Events/Signals/SignalAsset.cs
 0.1 kb	 0.0% Packages/com.unity.timeline/Runtime/Events/SignalTrack.cs
 0.1 kb	 0.0% Packages/com.unity.timeline/Runtime/Events/MarkerTrack.cs
 0.1 kb	 0.0% Packages/com.unity.timeline/Runtime/Events/MarkerList.cs
 0.1 kb	 0.0% Packages/com.unity.timeline/Runtime/Evaluation/RuntimeClip.cs
 0.1 kb	 0.0% Packages/com.unity.timeline/Runtime/Evaluation/IntervalTree.cs
 0.1 kb	 0.0% Packages/com.unity.timeline/Runtime/DiscreteTime.cs
 0.1 kb	 0.0% Packages/com.unity.timeline/Runtime/Control/ControlTrack.cs
 0.1 kb	 0.0% Packages/com.unity.timeline/Runtime/Audio/AudioTrack.cs
 0.1 kb	 0.0% Packages/com.unity.timeline/Runtime/AssetUpgrade/ClipUpgrade.cs
 0.1 kb	 0.0% Packages/com.unity.timeline/Runtime/Animation/ICurvesOwner.cs
 0.1 kb	 0.0% Packages/com.unity.textmeshpro/Scripts/Runtime/TextMeshProUGUI.cs
 0.1 kb	 0.0% Packages/com.unity.textmeshpro/Scripts/Runtime/TextContainer.cs
 0.1 kb	 0.0% Packages/com.unity.textmeshpro/Scripts/Runtime/TMP_TextElement.cs
 0.1 kb	 0.0% Packages/com.unity.textmeshpro/Scripts/Runtime/TMP_SubMeshUI.cs
 0.1 kb	 0.0% Packages/com.unity.textmeshpro/Scripts/Runtime/TMP_StyleSheet.cs
 0.1 kb	 0.0% Packages/com.unity.textmeshpro/Scripts/Runtime/TMP_SpriteGlyph.cs
 0.1 kb	 0.0% Packages/com.unity.textmeshpro/Scripts/Runtime/TMP_SpriteAsset.cs
 0.1 kb	 0.0% Packages/com.unity.textmeshpro/Scripts/Runtime/TMP_InputField.cs
 0.1 kb	 0.0% Packages/com.unity.textmeshpro/Scripts/Runtime/TMP_FontAsset.cs
 0.1 kb	 0.0% Packages/com.unity.textmeshpro/Scripts/Runtime/TMP_CoroutineTween.cs
 0.1 kb	 0.0% Packages/com.unity.textmeshpro/Scripts/Runtime/TMP_Character.cs
 0.1 kb	 0.0% Packages/com.unity.mathematics/Unity.Mathematics/uint4x4.gen.cs
 0.1 kb	 0.0% Packages/com.unity.mathematics/Unity.Mathematics/uint4x3.gen.cs
 0.1 kb	 0.0% Packages/com.unity.mathematics/Unity.Mathematics/uint4x2.gen.cs
 0.1 kb	 0.0% Packages/com.unity.mathematics/Unity.Mathematics/uint4.gen.cs
 0.1 kb	 0.0% Packages/com.unity.mathematics/Unity.Mathematics/uint3x4.gen.cs
 0.1 kb	 0.0% Packages/com.unity.mathematics/Unity.Mathematics/uint3x3.gen.cs
 0.1 kb	 0.0% Packages/com.unity.mathematics/Unity.Mathematics/uint3x2.gen.cs
 0.1 kb	 0.0% Packages/com.unity.mathematics/Unity.Mathematics/uint3.gen.cs
 0.1 kb	 0.0% Packages/com.unity.mathematics/Unity.Mathematics/uint2x4.gen.cs
 0.1 kb	 0.0% Packages/com.unity.mathematics/Unity.Mathematics/uint2x3.gen.cs
 0.1 kb	 0.0% Packages/com.unity.mathematics/Unity.Mathematics/uint2x2.gen.cs
 0.1 kb	 0.0% Packages/com.unity.mathematics/Unity.Mathematics/uint2.gen.cs
 0.1 kb	 0.0% Packages/com.unity.mathematics/Unity.Mathematics/int4x4.gen.cs
 0.1 kb	 0.0% Packages/com.unity.mathematics/Unity.Mathematics/int4x3.gen.cs
 0.1 kb	 0.0% Packages/com.unity.mathematics/Unity.Mathematics/int4x2.gen.cs
 0.1 kb	 0.0% Packages/com.unity.mathematics/Unity.Mathematics/int3x4.gen.cs
 0.1 kb	 0.0% Packages/com.unity.mathematics/Unity.Mathematics/int3x3.gen.cs
 0.1 kb	 0.0% Packages/com.unity.mathematics/Unity.Mathematics/int3x2.gen.cs
 0.1 kb	 0.0% Packages/com.unity.mathematics/Unity.Mathematics/int2x4.gen.cs
 0.1 kb	 0.0% Packages/com.unity.mathematics/Unity.Mathematics/int2x3.gen.cs
 0.1 kb	 0.0% Packages/com.unity.mathematics/Unity.Mathematics/int2x2.gen.cs
 0.1 kb	 0.0% Packages/com.unity.mathematics/Unity.Mathematics/half4.gen.cs
 0.1 kb	 0.0% Packages/com.unity.mathematics/Unity.Mathematics/half3.gen.cs
 0.1 kb	 0.0% Packages/com.unity.mathematics/Unity.Mathematics/half2.gen.cs
 0.1 kb	 0.0% Packages/com.unity.mathematics/Unity.Mathematics/float4x4.gen.cs
 0.1 kb	 0.0% Packages/com.unity.mathematics/Unity.Mathematics/float4x3.gen.cs
 0.1 kb	 0.0% Packages/com.unity.mathematics/Unity.Mathematics/float4x2.gen.cs
 0.1 kb	 0.0% Packages/com.unity.mathematics/Unity.Mathematics/float4.gen.cs
 0.1 kb	 0.0% Packages/com.unity.mathematics/Unity.Mathematics/float3x4.gen.cs
 0.1 kb	 0.0% Packages/com.unity.mathematics/Unity.Mathematics/float3x3.gen.cs
 0.1 kb	 0.0% Packages/com.unity.mathematics/Unity.Mathematics/float3x2.gen.cs
 0.1 kb	 0.0% Packages/com.unity.mathematics/Unity.Mathematics/float3.gen.cs
 0.1 kb	 0.0% Packages/com.unity.mathematics/Unity.Mathematics/float2x4.gen.cs
 0.1 kb	 0.0% Packages/com.unity.mathematics/Unity.Mathematics/float2x3.gen.cs
 0.1 kb	 0.0% Packages/com.unity.mathematics/Unity.Mathematics/float2x2.gen.cs
 0.1 kb	 0.0% Packages/com.unity.mathematics/Unity.Mathematics/float2.gen.cs
 0.1 kb	 0.0% Packages/com.unity.mathematics/Unity.Mathematics/double4.gen.cs
 0.1 kb	 0.0% Packages/com.unity.mathematics/Unity.Mathematics/double3.gen.cs
 0.1 kb	 0.0% Packages/com.unity.mathematics/Unity.Mathematics/double2.gen.cs
 0.1 kb	 0.0% Packages/com.unity.mathematics/Unity.Mathematics/bool4x4.gen.cs
 0.1 kb	 0.0% Packages/com.unity.mathematics/Unity.Mathematics/bool4x3.gen.cs
 0.1 kb	 0.0% Packages/com.unity.mathematics/Unity.Mathematics/bool4x2.gen.cs
 0.1 kb	 0.0% Packages/com.unity.mathematics/Unity.Mathematics/bool4.gen.cs
 0.1 kb	 0.0% Packages/com.unity.mathematics/Unity.Mathematics/bool3x4.gen.cs
 0.1 kb	 0.0% Packages/com.unity.mathematics/Unity.Mathematics/bool3x3.gen.cs
 0.1 kb	 0.0% Packages/com.unity.mathematics/Unity.Mathematics/bool3x2.gen.cs
 0.1 kb	 0.0% Packages/com.unity.mathematics/Unity.Mathematics/bool3.gen.cs
 0.1 kb	 0.0% Packages/com.unity.mathematics/Unity.Mathematics/bool2x4.gen.cs
 0.1 kb	 0.0% Packages/com.unity.mathematics/Unity.Mathematics/bool2x3.gen.cs
 0.1 kb	 0.0% Packages/com.unity.mathematics/Unity.Mathematics/bool2x2.gen.cs
 0.1 kb	 0.0% Packages/com.unity.mathematics/Unity.Mathematics/bool2.gen.cs
 0.1 kb	 0.0% Packages/com.unity.mathematics/Unity.Mathematics/Noise/psrdnoise2D.cs
 0.1 kb	 0.0% Packages/com.unity.mathematics/Unity.Mathematics/Noise/noise3Dgrad.cs
 0.1 kb	 0.0% Packages/com.unity.mathematics/Unity.Mathematics/Noise/cellular3D.cs
 0.1 kb	 0.0% Packages/com.unity.mathematics/Unity.Mathematics/Noise/cellular2x2.cs
 0.1 kb	 0.0% Packages/com.unity.mathematics/Unity.Mathematics/Noise/cellular2D.cs
 0.1 kb	 0.0% Packages/com.unity.collections/Unity.Collections/xxHash3.AVX2.cs
 0.1 kb	 0.0% Packages/com.unity.burst/Runtime/Intrinsics/Arm/NEON_AArch64_rdma.cs
 0.1 kb	 0.0% Packages/com.unity.burst/Runtime/Intrinsics/Arm/NEON_AArch64_dotprod.cs
 0.1 kb	 0.0% Packages/com.unity.burst/Runtime/Intrinsics/Arm/NEON_AArch64_crypto.cs
 0.1 kb	 0.0% Packages/com.unity.2d.spriteshape/Runtime/Spline.cs
 0.1 kb	 0.0% Assets/Scripts/overworld/FishingEncounterArea.cs
 0.1 kb	 0.0% Assets/Resources/Pokemon_project_assets/Tests/Integration/Whirlwind Trainer Battle Test/Test Pokemon.asset
 0.1 kb	 0.0% Assets/Resources/Pokemon_project_assets/Tests/Integration/Whirlwind Double Battle Test/Test Pokemon.asset
 0.1 kb	 0.0% Assets/Resources/Pokemon_project_assets/Tests/Integration/Weather Damage Test/Test Pokemon.asset
 0.1 kb	 0.0% Assets/Resources/Pokemon_project_assets/Tests/Integration/Take Down Test/Test Pokemon.asset
 0.1 kb	 0.0% Assets/Resources/Pokemon_project_assets/Tests/Integration/Status Effect Damage Buff Test/Test Pokemon.asset
 0.1 kb	 0.0% Assets/Resources/Pokemon_project_assets/Tests/Integration/Static Test/Test Pokemon.asset
 0.1 kb	 0.0% Assets/Resources/Pokemon_project_assets/Tests/Integration/Specific Move Damage Test/Test Pokemon.asset
 0.1 kb	 0.0% Assets/Resources/Pokemon_project_assets/Tests/Integration/Silverwind Swap Test/Test Pokemon.asset
 0.1 kb	 0.0% Assets/Resources/Pokemon_project_assets/Tests/Integration/Silverwind Battle End Test/Test Pokemon.asset
 0.1 kb	 0.0% Assets/Resources/Pokemon_project_assets/Tests/Integration/Shed Skin Test/Test Pokemon.asset
 0.1 kb	 0.0% Assets/Resources/Pokemon_project_assets/Tests/Integration/Pursuit Test/Test Pokemon.asset
 0.1 kb	 0.0% Assets/Resources/Pokemon_project_assets/Tests/Integration/Pursuit Double Target Test/Test Pokemon.asset
 0.1 kb	 0.0% Assets/Resources/Pokemon_project_assets/Tests/Integration/Pickup Test/Test Pokemon.asset
 0.1 kb	 0.0% Assets/Resources/Pokemon_project_assets/Tests/Integration/On Field Damage Modification Test/Test Pokemon.asset
 0.1 kb	 0.0% Assets/Resources/Pokemon_project_assets/Tests/Integration/Levitate Test/Test Pokemon.asset
 0.1 kb	 0.0% Assets/Resources/Pokemon_project_assets/Tests/Integration/Inner Focus Test/Test Pokemon.asset
 0.1 kb	 0.0% Assets/Resources/Pokemon_project_assets/Tests/Integration/Infatuation Effect Test/Test Pokemon.asset
 0.1 kb	 0.0% Assets/Resources/Pokemon_project_assets/Tests/Integration/Identify Target Test/Test Pokemon.asset
 0.1 kb	 0.0% Assets/Resources/Pokemon_project_assets/Tests/Integration/Hyper Beam Test/Test Pokemon.asset
 0.1 kb	 0.0% Assets/Resources/Pokemon_project_assets/Tests/Integration/Health Drain Test/Test Pokemon.asset
 0.1 kb	 0.0% Assets/Resources/Pokemon_project_assets/Tests/Integration/Health Based Damage Buff Test/Test Pokemon.asset
 0.1 kb	 0.0% Assets/Resources/Pokemon_project_assets/Tests/Integration/Heal From Weather Test/Test Pokemon.asset
 0.1 kb	 0.0% Assets/Resources/Pokemon_project_assets/Tests/Integration/Guts Test/Test Pokemon.asset
 0.1 kb	 0.0% Assets/Resources/Pokemon_project_assets/Tests/Integration/Fury Cutter Test/Test Pokemon.asset
 0.1 kb	 0.0% Assets/Resources/Pokemon_project_assets/Tests/Integration/Flinch Effect Test/Test Pokemon.asset
 0.1 kb	 0.0% Assets/Resources/Pokemon_project_assets/Tests/Integration/Flail Test/Test Pokemon.asset
 0.1 kb	 0.0% Assets/Resources/Pokemon_project_assets/Tests/Integration/False Swipe Test/Test Pokemon.asset
 0.1 kb	 0.0% Assets/Resources/Pokemon_project_assets/Tests/Integration/Endeavor/Test Pokemon.asset
 0.1 kb	 0.0% Assets/Resources/Pokemon_project_assets/Tests/Integration/Damage Protection Move Test/Test Pokemon.asset
 0.1 kb	 0.0% Assets/Resources/Pokemon_project_assets/Tests/Integration/Covet Test/Test Pokemon.asset
 0.1 kb	 0.0% Assets/Resources/Pokemon_project_assets/Tests/Integration/Belly Drum Test/Test Pokemon.asset
 0.1 kb	 0.0% Assets/Resources/Pokemon_project_assets/Tests/Integration/Arena Trap Test/Test Pokemon.asset
 0.1 kb	 0.0% Assets/Resources/Pokemon_project_assets/Tests/EndToEndBattleItemUsageTestTemplate/Test Pokemon.asset
 0.1 kb	 0.0% Assets/Resources/Pokemon_project_assets/Tests/End To End/X Item Test/Test Pokemon.asset
 0.1 kb	 0.0% Assets/Resources/Pokemon_project_assets/Tests/End To End/Status Effect Item Test/Test Pokemon.asset
 0.1 kb	 0.0% Assets/Resources/Pokemon_project_assets/Tests/End To End/Revive Battle Test/Test Pokemon.asset
 0.1 kb	 0.0% Assets/Resources/Pokemon_project_assets/Tests/End To End/Potion Test/Test Pokemon.asset
 0.1 kb	 0.0% Assets/Resources/Pokemon_project_assets/Tests/End To End/Move Lock Test/Test Pokemon.asset
 0.1 kb	 0.0% Assets/Resources/Pokemon_project_assets/Tests/End To End/Herb Item Test/Test Pokemon.asset
 0.1 kb	 0.0% Assets/Resources/Pokemon_project_assets/Tests/End To End/Guard Spec Item Test/Test Pokemon.asset
 0.1 kb	 0.0% Assets/Resources/Pokemon_project_assets/Tests/End To End/Exp Share Test/Test Pokemon.asset
 0.1 kb	 0.0% Assets/Resources/Pokemon_project_assets/Tests/End To End/Exp Gain Test/Test Pokemon.asset
 0.1 kb	 0.0% Assets/Resources/Pokemon_project_assets/Tests/End To End/Evolution In Battle Test/Test Pokemon.asset
 0.1 kb	 0.0% Assets/Resources/Pokemon_project_assets/Tests/End To End/Bonus Exp Gain Test/Test Pokemon.asset
 0.1 kb	 0.0% Assets/Resources/Pokemon_project_assets/Tests/End To End/Berry Item Test/Test Pokemon.asset
 0.1 kb	 0.0% Assets/Resources/Pokemon_project_assets/Tests/BattleTestTemplate/Test Pokemon.asset
 0.1 kb	 0.0% Assets/Resources/Pokemon_project_assets/Pokemon_obj/Types/Flying.asset
 0.1 kb	 0.0% Assets/Resources/Pokemon_project_assets/Pokemon_obj/Types/Fire.asset
 0.1 kb	 0.0% Assets/Resources/Pokemon_project_assets/Pokemon_obj/Abilities/Arena Trap.asset
 0.1 kb	 0.0% Assets/Resources/Pokemon_project_assets/Overwolrd_obj/Story Objectives/Plant Oran.asset
 0.1 kb	 0.0% Assets/Resources/Pokemon_project_assets/Overwolrd_obj/Story Objectives/Equip Rod.asset
 0.1 kb	 0.0% Packages/com.unity.ugui/Runtime/UI/Core/Utility/VertexHelper.cs
 0.1 kb	 0.0% Packages/com.unity.ugui/Runtime/UI/Core/ToggleGroup.cs
 0.1 kb	 0.0% Packages/com.unity.ugui/Runtime/UI/Core/SpriteState.cs
 0.1 kb	 0.0% Packages/com.unity.ugui/Runtime/UI/Core/Selectable.cs
 0.1 kb	 0.0% Packages/com.unity.ugui/Runtime/UI/Core/Scrollbar.cs
 0.1 kb	 0.0% Packages/com.unity.ugui/Runtime/UI/Core/ScrollRect.cs
 0.1 kb	 0.0% Packages/com.unity.ugui/Runtime/UI/Core/RectMask2D.cs
 0.1 kb	 0.0% Packages/com.unity.ugui/Runtime/UI/Core/Navigation.cs
 0.1 kb	 0.0% Packages/com.unity.ugui/Runtime/UI/Core/Layout/LayoutGroup.cs
 0.1 kb	 0.0% Packages/com.unity.ugui/Runtime/UI/Core/Layout/CanvasScaler.cs
 0.1 kb	 0.0% Packages/com.unity.ugui/Runtime/UI/Core/InputField.cs
 0.1 kb	 0.0% Packages/com.unity.ugui/Runtime/UI/Core/IMaskable.cs
 0.1 kb	 0.0% Packages/com.unity.ugui/Runtime/UI/Core/ColorBlock.cs
 0.1 kb	 0.0% Packages/com.unity.mathematics/Unity.Mathematics/random.cs
 0.1 kb	 0.0% Packages/com.unity.mathematics/Unity.Mathematics/matrix.gen.cs
 0.1 kb	 0.0% Packages/com.unity.mathematics/Unity.Mathematics/matrix.cs
 0.1 kb	 0.0% Packages/com.unity.mathematics/Unity.Mathematics/Noise/noise4D.cs
 0.1 kb	 0.0% Packages/com.unity.mathematics/Unity.Mathematics/Noise/noise3D.cs
 0.1 kb	 0.0% Packages/com.unity.mathematics/Unity.Mathematics/Noise/noise2D.cs
 0.1 kb	 0.0% Packages/com.unity.mathematics/Unity.Mathematics/Noise/common.cs
 0.1 kb	 0.0% Packages/com.unity.collections/Unity.Collections/xxHash3.cs
 0.1 kb	 0.0% Packages/com.unity.collections/Unity.Collections/Unicode.cs
 0.1 kb	 0.0% Packages/com.unity.collections/Unity.Collections/Memory.cs
 0.1 kb	 0.0% Packages/com.unity.collections/Unity.Collections/BitField.cs
 0.1 kb	 0.0% Packages/com.unity.burst/Runtime/NoAliasAttribute.cs
 0.1 kb	 0.0% Packages/com.unity.burst/Runtime/FunctionPointer.cs
 0.1 kb	 0.0% Packages/com.unity.burst/Runtime/Editor/BurstLoader.cs
 0.1 kb	 0.0% Packages/com.unity.burst/Runtime/CompilerServices/Constant.cs
 0.1 kb	 0.0% Packages/com.unity.burst/Runtime/CompilerServices/Aliasing.cs
 0.1 kb	 0.0% Packages/com.unity.burst/Runtime/BurstString.Float.cs
 0.1 kb	 0.0% Packages/com.unity.burst/Runtime/BurstCompiler.cs
 0.1 kb	 0.0% Packages/com.unity.ai.navigation/Runtime/HelpUrls.cs
 0.1 kb	 0.0% Packages/com.unity.2d.animation/IK/Runtime/Solvers/FABRIK2D.cs
 0.1 kb	 0.0% Packages/com.unity.2d.animation/IK/Runtime/Solvers/CCD2D.cs
 0.1 kb	 0.0% Packages/com.unity.2d.animation/IK/Runtime/Solver2D.cs
 0.1 kb	 0.0% Assets/Scripts/player_scripts/PokemonPartyHandler.cs
 0.1 kb	 0.0% Assets/Scripts/player_scripts/PlayerTileHandler.cs
 0.1 kb	 0.0% Assets/Scripts/overworld/NormalEncounteArea.cs
 0.1 kb	 0.0% Assets/Scripts/overworld/InteractionHandler.cs
 0.1 kb	 0.0% Assets/Scripts/overworld/EncounterPokemonData.cs
 0.1 kb	 0.0% Assets/Scripts/overworld/BerryTreeRegistry.cs
 0.1 kb	 0.0% Assets/Scripts/overworld/AreaTransitionData.cs
 0.1 kb	 0.0% Assets/Scripts/animation/Animation_manager.cs
 0.1 kb	 0.0% Assets/Scripts/Ui/TypingCharacterBox.cs
 0.1 kb	 0.0% Assets/Scripts/Ui/StorageBoxPokemon.cs
 0.1 kb	 0.0% Assets/Scripts/Ui/StorageBoxMovingData.cs
 0.1 kb	 0.0% Assets/Scripts/Ui/PokemonStorageBox.cs
 0.1 kb	 0.0% Assets/Scripts/Ui/PokemonPartyMemberUi.cs
 0.1 kb	 0.0% Assets/Scripts/Ui/PokeballRolloutUI.cs
 0.1 kb	 0.0% Assets/Scripts/Ui/LoopingUiAnimation.cs
 0.1 kb	 0.0% Assets/Scripts/Ui/ItemStorageHandler.cs
 0.1 kb	 0.0% Assets/Scripts/Ui/GameSettingsHandler.cs
 0.1 kb	 0.0% Assets/Scripts/Testing/TestTemplates/BattleTestTemplate.cs
 0.1 kb	 0.0% Assets/Scripts/Testing/TestActionSequencer.cs
 0.1 kb	 0.0% Assets/Scripts/Testing/General Tests/Items/ReviveOverworldTest.cs
 0.1 kb	 0.0% Assets/Scripts/Testing/General Tests/Items/GiveAndTakeItemTest.cs
 0.1 kb	 0.0% Assets/Scripts/Testing/General Tests/Items/FriendshipBerryTest.cs
 0.1 kb	 0.0% Assets/Scripts/Testing/General Tests/Items/EvolutionStoneTest.cs
 0.1 kb	 0.0% Assets/Scripts/Testing/General Tests/ItemEndToEndTestData.cs
 0.1 kb	 0.0% Assets/Scripts/Testing/General Battle Tests/Integration/WildBattleBasedTest.cs
 0.1 kb	 0.0% Assets/Scripts/Testing/General Battle Tests/Integration/Special Moves/WeatherDamageTest.cs
 0.1 kb	 0.0% Assets/Scripts/Testing/General Battle Tests/Integration/Special Moves/Unique Logic Moves/SilverwindTests/SilverwindSwapTest.cs
 0.1 kb	 0.0% Assets/Scripts/Testing/General Battle Tests/Integration/Special Moves/HealFromWeatherTest.cs
 0.1 kb	 0.0% Assets/Scripts/Testing/General Battle Tests/Integration/Special Moves/ConsecutiveMoveTest.cs
 0.1 kb	 0.0% Assets/Scripts/Testing/General Battle Tests/Integration/BattleBasedTestData.cs
 0.1 kb	 0.0% Assets/Scripts/Testing/General Battle Tests/End To End/Items/StatusEffectItemTest.cs
 0.1 kb	 0.0% Assets/Scripts/Testing/General Battle Tests/End To End/Items/GuardSpecItemTest.cs
 0.1 kb	 0.0% Assets/Scripts/System/Pokemon Operations.cs
 0.1 kb	 0.0% Assets/Scripts/System/MobileInputButton.cs
 0.1 kb	 0.0% Assets/Scripts/System/InputStateHandler.cs
 0.1 kb	 0.0% Assets/Scripts/System/InputSourceHandler.cs
 0.1 kb	 0.0% Assets/Scripts/System/Input State Groups/PokemartInputService.cs
 0.1 kb	 0.0% Assets/Scripts/System/GameLoadingHandler.cs
 0.1 kb	 0.0% Assets/Scripts/System/AssetHealthChecks.cs
 0.1 kb	 0.0% Assets/Scripts/Story Objectives/WildBattleObjective.cs
 0.1 kb	 0.0% Assets/Scripts/Story Objectives/UiActionObjective.cs
 0.1 kb	 0.0% Assets/Scripts/Story Objectives/PropBasedObjective.cs
 0.1 kb	 0.0% Assets/Scripts/Story Objectives/MarketUiObjective.cs
 0.1 kb	 0.0% Assets/Scripts/Story Objectives/ItemPickupObjective.cs
 0.1 kb	 0.0% Assets/Scripts/Story Objectives/InteractionObjective.cs
 0.1 kb	 0.0% Assets/Scripts/Story Objectives/GiftPokemonObjective.cs
 0.1 kb	 0.0% Assets/Scripts/Story Objectives/DestinationPointer.cs
 0.1 kb	 0.0% Assets/Scripts/Story Objectives/DestinationObjective.cs
 0.1 kb	 0.0% Assets/Scripts/NPC/NpcMovementDirection.cs
 0.1 kb	 0.0% Assets/Scripts/Items/StatusHealInfoModule.cs
 0.1 kb	 0.0% Assets/Scripts/Items/PowerpointModifeir.cs
 0.1 kb	 0.0% Assets/Scripts/Items/Dynamic Info Modules/OverworldUsageItem.cs
 0.1 kb	 0.0% Assets/Scripts/Items/Dynamic Info Modules/EquipableItemInfo.cs
 0.1 kb	 0.0% Assets/Scripts/Items/AdditionalInfoModule.cs
 0.1 kb	 0.0% Assets/Scripts/Battle/Turns/BattleSequenceEvent.cs
 0.1 kb	 0.0% Assets/Scripts/Battle/MoveSequenceHandler.cs
 0.1 kb	 0.0% Assets/Scripts/Battle/MoveLogicDatabase.cs
 0.1 kb	 0.0% Assets/Scripts/Battle/MoveInfoModules/HealthDrainMoveInfo.cs
 0.1 kb	 0.0% Assets/Scripts/Battle/MoveInfoModules/DamageModifierInfo.cs
 0.1 kb	 0.0% Assets/Scripts/Battle/MoveInfoModules/ConsecutiveMoveInfo.cs
 0.1 kb	 0.0% Assets/Scripts/Battle/MoveInfoModules/ChangeWeatherInfo.cs
 0.1 kb	 0.0% Assets/Scripts/Battle/Enemy/WildPokemonAiHandler.cs
 0.1 kb	 0.0% Assets/Scripts/Battle/Enemy/TrainerPokemonData.cs
 0.1 kb	 0.0% Assets/Scripts/Battle/Battle Participant/BattleParticipant.cs
 0.1 kb	 0.0% Assets/Scripts/Battle/Battle Data Holders/TypeImmunityNegation.cs
 0.1 kb	 0.0% Assets/Scripts/Battle/Battle Data Holders/SemiInvulnerability.cs
 0.1 kb	 0.0% Assets/Scripts/Battle/Battle Data Holders/MoveStatChangeData.cs
 0.1 kb	 0.0% Assets/Scripts/Battle/Battle Data Holders/DamageDisplayData.cs
 0.1 kb	 0.0% Assets/Resources/Pokemon_project_assets/Pokemon_obj/Types/Water.asset
 0.1 kb	 0.0% Assets/Resources/Pokemon_project_assets/Pokemon_obj/Types/Poison.asset
 0.1 kb	 0.0% Assets/Resources/Pokemon_project_assets/Pokemon_obj/Types/Ground.asset
 0.1 kb	 0.0% Assets/Resources/Pokemon_project_assets/Pokemon_obj/Types/Ghost.asset
 0.1 kb	 0.0% Assets/Resources/Pokemon_project_assets/Pokemon_obj/Types/Dragon.asset
 0.1 kb	 0.0% Assets/Resources/Pokemon_project_assets/Pokemon_obj/Abilities/Paralysis Combo.asset
 0.1 kb	 0.0% Assets/Resources/Pokemon_project_assets/Overwolrd_obj/Story Objectives/beat tony.asset
 0.1 kb	 0.0% Assets/Resources/Pokemon_project_assets/Overwolrd_obj/Story Objectives/Use potion.asset
 0.1 kb	 0.0% Packages/com.unity.ugui/Runtime/UI/Core/Culling/IClipRegion.cs
 0.1 kb	 0.0% Packages/com.unity.timeline/Runtime/Events/Marker.cs
 0.1 kb	 0.0% Packages/com.unity.timeline/Runtime/Events/IMarker.cs
 0.1 kb	 0.0% Packages/com.unity.textmeshpro/Scripts/Runtime/TextMeshPro.cs
 0.1 kb	 0.0% Packages/com.unity.textmeshpro/Scripts/Runtime/TMP_TextInfo.cs
 0.1 kb	 0.0% Packages/com.unity.textmeshpro/Scripts/Runtime/TMP_SubMesh.cs
 0.1 kb	 0.0% Packages/com.unity.textmeshpro/Scripts/Runtime/TMP_Style.cs
 0.1 kb	 0.0% Packages/com.unity.textmeshpro/Scripts/Runtime/TMP_Sprite.cs
 0.1 kb	 0.0% Packages/com.unity.textmeshpro/Scripts/Runtime/TMP_Settings.cs
 0.1 kb	 0.0% Packages/com.unity.textmeshpro/Scripts/Runtime/TMP_MeshInfo.cs
 0.1 kb	 0.0% Packages/com.unity.textmeshpro/Scripts/Runtime/TMP_LineInfo.cs
 0.1 kb	 0.0% Packages/com.unity.textmeshpro/Scripts/Runtime/TMP_Dropdown.cs
 0.1 kb	 0.0% Packages/com.unity.textmeshpro/Scripts/Runtime/TMP_Asset.cs
 0.1 kb	 0.0% Packages/com.unity.textmeshpro/Scripts/Runtime/FastAction.cs
 0.1 kb	 0.0% Packages/com.unity.mathematics/Unity.Mathematics/int4.gen.cs
 0.1 kb	 0.0% Packages/com.unity.mathematics/Unity.Mathematics/int3.gen.cs
 0.1 kb	 0.0% Packages/com.unity.mathematics/Unity.Mathematics/int2.gen.cs
 0.1 kb	 0.0% Packages/com.unity.burst/Runtime/Intrinsics/Common.cs
 0.1 kb	 0.0% Packages/com.unity.burst/Runtime/Intrinsics/Arm/NEON_ctor.cs
 0.1 kb	 0.0% Packages/com.unity.burst/Runtime/Intrinsics/Arm/NEON_AArch64.cs
 0.1 kb	 0.0% Packages/com.unity.2d.tilemap.extras/Runtime/Tiles/RuleTile/RuleTile.cs
 0.1 kb	 0.0% Assets/Resources/Pokemon_project_assets/Tests/Integration/Create Barrier Test/Test Pokemon 1.asset
 0.1 kb	 0.0% Assets/Resources/Pokemon_project_assets/Pokemon_obj/Types/Psychic.asset
 0.1 kb	 0.0% Assets/Resources/Pokemon_project_assets/Pokemon_obj/Types/Fighting.asset
 0.1 kb	 0.0% Assets/Resources/Pokemon_project_assets/Pokemon_obj/Types/Bug.asset
 0.1 kb	 0.0% Assets/Resources/Pokemon_project_assets/Pokemon_obj/Abilities/Inner Focus.asset
 0.1 kb	 0.0% Packages/com.unity.ugui/Runtime/UI/Core/VertexModifiers/Shadow.cs
 0.1 kb	 0.0% Packages/com.unity.ugui/Runtime/UI/Core/VertexModifiers/Outline.cs
 0.1 kb	 0.0% Packages/com.unity.ugui/Runtime/UI/Core/Toggle.cs
 0.1 kb	 0.0% Packages/com.unity.ugui/Runtime/UI/Core/Slider.cs
 0.1 kb	 0.0% Packages/com.unity.ugui/Runtime/UI/Core/RawImage.cs
 0.1 kb	 0.0% Packages/com.unity.ugui/Runtime/UI/Core/Image.cs
 0.1 kb	 0.0% Packages/com.unity.ugui/Runtime/UI/Core/IMask.cs
 0.1 kb	 0.0% Packages/com.unity.ugui/Runtime/UI/Core/Graphic.cs
 0.1 kb	 0.0% Packages/com.unity.ugui/Runtime/UI/Core/FontData.cs
 0.1 kb	 0.0% Packages/com.unity.ugui/Runtime/UI/Core/Dropdown.cs
 0.1 kb	 0.0% Packages/com.unity.ugui/Runtime/UI/Core/Culling/Clipping.cs
 0.1 kb	 0.0% Packages/com.unity.ugui/Runtime/UI/Core/Button.cs
 0.1 kb	 0.0% Packages/com.unity.mathematics/Unity.Mathematics/math.cs
 0.1 kb	 0.0% Packages/com.unity.mathematics/Unity.Mathematics/half.cs
 0.1 kb	 0.0% Packages/com.unity.burst/Runtime/SharedStatic.cs
 0.1 kb	 0.0% Packages/com.unity.burst/Runtime/Intrinsics/x86/Ssse3.cs
 0.1 kb	 0.0% Packages/com.unity.burst/Runtime/Intrinsics/x86/Sse4_2.cs
 0.1 kb	 0.0% Packages/com.unity.burst/Runtime/Intrinsics/x86/Sse4_1.cs
 0.1 kb	 0.0% Packages/com.unity.burst/Runtime/Intrinsics/x86/Popcnt.cs
 0.1 kb	 0.0% Packages/com.unity.burst/Runtime/Intrinsics/x86/Common.cs
 0.1 kb	 0.0% Packages/com.unity.burst/Runtime/CompilerServices/Hint.cs
 0.1 kb	 0.0% Packages/com.unity.burst/Runtime/BurstString.cs
 0.1 kb	 0.0% Packages/com.unity.burst/Runtime/BurstRuntime.cs
 0.1 kb	 0.0% Packages/com.unity.2d.animation/IK/Runtime/Solvers/Limb.cs
 0.1 kb	 0.0% Assets/Scripts/overworld/SpriteDataForNpc.cs
 0.1 kb	 0.0% Assets/Scripts/overworld/OverworldPickup.cs
 0.1 kb	 0.0% Assets/Scripts/overworld/InteractionTile.cs
 0.1 kb	 0.0% Assets/Scripts/overworld/EncounterTile.cs
 0.1 kb	 0.0% Assets/Scripts/overworld/EncounterTable.cs
 0.1 kb	 0.0% Assets/Scripts/overworld/EncounterHandler.cs
 0.1 kb	 0.0% Assets/Scripts/overworld/BerryTreeData.cs
 0.1 kb	 0.0% Assets/Scripts/overworld/BerrySpriteData.cs
 0.1 kb	 0.0% Assets/Scripts/overworld/AreaSwitchTile.cs
 0.1 kb	 0.0% Assets/Scripts/Ui/PokeMartHandler.cs
 0.1 kb	 0.0% Assets/Scripts/Ui/PlayerBagHandler.cs
 0.1 kb	 0.0% Assets/Scripts/Ui/PcStoragePokemon.cs
 0.1 kb	 0.0% Assets/Scripts/Ui/PcPartyPokemon.cs
 0.1 kb	 0.0% Assets/Scripts/Ui/GameUiHandler.cs
 0.1 kb	 0.0% Assets/Scripts/Ui/DialogueOption.cs
 0.1 kb	 0.0% Assets/Scripts/Ui/DialogueHandler.cs
 0.1 kb	 0.0% Assets/Scripts/Ui/BattlePokeball.cs
 0.1 kb	 0.0% Assets/Scripts/Testing/UnitTestHandler.cs
 0.1 kb	 0.0% Assets/Scripts/Testing/TestingUtilities.cs
 0.1 kb	 0.0% Assets/Scripts/Testing/TestCaseHandler.cs
 0.1 kb	 0.0% Assets/Scripts/Testing/IntegrationTest.cs
 0.1 kb	 0.0% Assets/Scripts/Testing/General Tests/Items/RareCandyTest.cs
 0.1 kb	 0.0% Assets/Scripts/Testing/General Tests/Items/EvVitaminTest.cs
 0.1 kb	 0.0% Assets/Scripts/Testing/General Tests/IItemTestable.cs
 0.1 kb	 0.0% Assets/Scripts/Testing/General Tests/EndToEndTestData.cs
 0.1 kb	 0.0% Assets/Scripts/Testing/General Battle Tests/Integration/Special Moves/Unique Logic Moves/MirrorMoveTest.cs
 0.1 kb	 0.0% Assets/Scripts/Testing/General Battle Tests/Integration/Special Moves/Unique Logic Moves/HyperBeamTest.cs
 0.1 kb	 0.0% Assets/Scripts/Testing/General Battle Tests/Integration/Special Moves/Unique Logic Moves/FuryCutterTest.cs
 0.1 kb	 0.0% Assets/Scripts/Testing/General Battle Tests/Integration/Special Moves/Unique Logic Moves/FalseSwipeTest.cs
 0.1 kb	 0.0% Assets/Scripts/Testing/General Battle Tests/Integration/Special Moves/Unique Logic Moves/BrickBreakTest.cs
 0.1 kb	 0.0% Assets/Scripts/Testing/General Battle Tests/Integration/Special Moves/Unique Logic Moves/BellyDrumTest.cs
 0.1 kb	 0.0% Assets/Scripts/Testing/General Battle Tests/Integration/Special Moves/HealthDrainTest.cs
 0.1 kb	 0.0% Assets/Scripts/Testing/General Battle Tests/Integration/Pokemon/MoveLearningTest.cs
 0.1 kb	 0.0% Assets/Scripts/Testing/General Battle Tests/Integration/Held Items/ChoiceBandTest.cs
 0.1 kb	 0.0% Assets/Scripts/Testing/General Battle Tests/Integration/BattleBasedTest.cs
 0.1 kb	 0.0% Assets/Scripts/Testing/General Battle Tests/Integration/Battle Systems/TrapEffectTest.cs
 0.1 kb	 0.0% Assets/Scripts/Testing/General Battle Tests/Integration/Battle Systems/StatusEffectTest.cs
 0.1 kb	 0.0% Assets/Scripts/Testing/General Battle Tests/Integration/Battle Systems/FlinchEffectTest.cs
 0.1 kb	 0.0% Assets/Scripts/Testing/General Battle Tests/Integration/Abilities/InnerFocusTest.cs
 0.1 kb	 0.0% Assets/Scripts/Testing/General Battle Tests/Integration/Abilities/ArenaTrapTest.cs
 0.1 kb	 0.0% Assets/Scripts/Testing/General Battle Tests/End To End/Items/ReviveBattleTest.cs
 0.1 kb	 0.0% Assets/Scripts/Testing/General Battle Tests/End To End/Items/BonusExpGainTest.cs
 0.1 kb	 0.0% Assets/Scripts/Testing/General Battle Tests/End To End/Items/BerryItemTest.cs
 0.1 kb	 0.0% Assets/Scripts/Testing/General Battle Tests/End To End/IBattleTestable.cs
 0.1 kb	 0.0% Assets/Scripts/System/ServiceContainer.cs
 0.1 kb	 0.0% Assets/Scripts/System/SaveDataHandler.cs
 0.1 kb	 0.0% Assets/Scripts/System/OverworldState.cs
 0.1 kb	 0.0% Assets/Scripts/System/InstanceFactory.cs
 0.1 kb	 0.0% Assets/Scripts/System/GameInstaller.cs
 0.1 kb	 0.0% Assets/Scripts/System/DirectoryHandler.cs
 0.1 kb	 0.0% Assets/Scripts/Story Objectives/StoryObjective.cs
 0.1 kb	 0.0% Assets/Scripts/Story Objectives/ItemUiObjective.cs
 0.1 kb	 0.0% Assets/Scripts/Pokemon/PokemonTypeData.cs
 0.1 kb	 0.0% Assets/Scripts/NPC/NpcSpriteData.cs
 0.1 kb	 0.0% Assets/Scripts/NPC/NpcAnimationData.cs
 0.1 kb	 0.0% Assets/Scripts/Items/StatInfoModule.cs
 0.1 kb	 0.0% Assets/Scripts/Items/RevivalItemInfo.cs
 0.1 kb	 0.0% Assets/Scripts/Items/HerbInfoModule.cs
 0.1 kb	 0.0% Assets/Scripts/Items/Dynamic Info Modules/ItemEffectInfo.cs
 0.1 kb	 0.0% Assets/Scripts/Items/Dynamic Info Modules/FishingRodInfo.cs
 0.1 kb	 0.0% Assets/Scripts/Items/Dynamic Info Modules/ExpModifierInfo.cs
 0.1 kb	 0.0% Assets/Scripts/Items/BerryInfoModule.cs
 0.1 kb	 0.0% Assets/Scripts/Battle/Turns/WeatherCondition.cs
 0.1 kb	 0.0% Assets/Scripts/Battle/Turns/SwitchOutData.cs
 0.1 kb	 0.0% Assets/Scripts/Battle/MoveLogicHandler.cs
 0.1 kb	 0.0% Assets/Scripts/Battle/MoveInfoModules/MoveEffectInfo.cs
 0.1 kb	 0.0% Assets/Scripts/Battle/Enemy/EnemyAiHandler.cs
 0.1 kb	 0.0% Assets/Scripts/Battle/BattleVisuals.cs
 0.1 kb	 0.0% Assets/Scripts/Battle/BattleOperations.cs
 0.1 kb	 0.0% Assets/Scripts/Battle/BattleHandler.cs
 0.1 kb	 0.0% Assets/Scripts/Battle/Battle Participant/HeldItemHandler.cs
 0.1 kb	 0.0% Assets/Scripts/Battle/Battle Participant/AbilityHandler.cs
 0.1 kb	 0.0% Assets/Scripts/Battle/Battle Data Holders/StatChangeData.cs
 0.1 kb	 0.0% Assets/Resources/Pokemon_project_assets/Tests/Integration/Create Barrier Test/Test Pokemon.asset
 0.1 kb	 0.0% Assets/Resources/Pokemon_project_assets/Pokemon_obj/Types/Ice.asset
 0.1 kb	 0.0% Assets/Resources/Pokemon_project_assets/Pokemon_obj/Types/Electric.asset
 0.1 kb	 0.0% Assets/Resources/Pokemon_project_assets/Pokemon_obj/Types/Dark.asset
 0.1 kb	 0.0% Assets/Resources/Pokemon_project_assets/Pokemon_obj/Abilities/Static.asset
 0.1 kb	 0.0% Assets/Resources/Pokemon_project_assets/Pokemon_obj/Abilities/Guts.asset
 0.1 kb	 0.0% Packages/com.unity.textmeshpro/Scripts/Runtime/TMP_Text.cs
 0.1 kb	 0.0% Packages/com.unity.burst/Runtime/Intrinsics/x86/Sse3.cs
 0.1 kb	 0.0% Packages/com.unity.burst/Runtime/Intrinsics/x86/Sse2.cs
 0.1 kb	 0.0% Packages/com.unity.burst/Runtime/Intrinsics/x86/Sse.cs
 0.1 kb	 0.0% Packages/com.unity.burst/Runtime/Intrinsics/x86/Fma.cs
 0.1 kb	 0.0% Packages/com.unity.burst/Runtime/Intrinsics/x86/F16C.cs
 0.1 kb	 0.0% Packages/com.unity.burst/Runtime/Intrinsics/x86/Csr.cs
 0.1 kb	 0.0% Packages/com.unity.burst/Runtime/Intrinsics/x86/Bmi2.cs
 0.1 kb	 0.0% Packages/com.unity.burst/Runtime/Intrinsics/x86/Bmi1.cs
 0.1 kb	 0.0% Packages/com.unity.burst/Runtime/Intrinsics/x86/Avx2.cs
 0.1 kb	 0.0% Packages/com.unity.burst/Runtime/Intrinsics/x86/Avx.cs
 0.1 kb	 0.0% Packages/com.unity.burst/Runtime/Intrinsics/v64.cs
 0.1 kb	 0.0% Packages/com.unity.burst/Runtime/Intrinsics/v256.cs
 0.1 kb	 0.0% Packages/com.unity.burst/Runtime/Intrinsics/v128.cs
 0.1 kb	 0.0% Packages/com.unity.burst/Runtime/Intrinsics/Arm/NEON.cs
 0.1 kb	 0.0% Assets/Resources/Pokemon_project_assets/Player_obj/player.asset
 0.1 kb	 0.0% Packages/com.unity.ugui/Runtime/UI/Core/Text.cs
 0.1 kb	 0.0% Packages/com.unity.ugui/Runtime/UI/Core/Misc.cs
 0.1 kb	 0.0% Packages/com.unity.ugui/Runtime/UI/Core/Mask.cs
 0.1 kb	 0.0% Assets/Scripts/player_scripts/PlayerData.cs
 0.1 kb	 0.0% Assets/Scripts/overworld/Interaction.cs
 0.1 kb	 0.0% Assets/Scripts/overworld/BerryTree.cs
 0.1 kb	 0.0% Assets/Scripts/overworld/AreaManager.cs
 0.1 kb	 0.0% Assets/Scripts/Ui/StoreItemUi.cs
 0.1 kb	 0.0% Assets/Scripts/Ui/PokeMartData.cs
 0.1 kb	 0.0% Assets/Scripts/Ui/GameSetting.cs
 0.1 kb	 0.0% Assets/Scripts/Testing/TestRegistry.cs
 0.1 kb	 0.0% Assets/Scripts/Testing/General Tests/Items/HmAndTmTest.cs
 0.1 kb	 0.0% Assets/Scripts/Testing/General Tests/Items/EtherTest.cs
 0.1 kb	 0.0% Assets/Scripts/Testing/General Battle Tests/Integration/Special Moves/Unique Logic Moves/ThunderTest.cs
 0.1 kb	 0.0% Assets/Scripts/Testing/General Battle Tests/Integration/Special Moves/Unique Logic Moves/TakeDownTest.cs
 0.1 kb	 0.0% Assets/Scripts/Testing/General Battle Tests/Integration/Special Moves/Unique Logic Moves/PursuitTests/PursuitTest.cs
 0.1 kb	 0.0% Assets/Scripts/Testing/General Battle Tests/Integration/Special Moves/Unique Logic Moves/FlailTest.cs
 0.1 kb	 0.0% Assets/Scripts/Testing/General Battle Tests/Integration/Special Moves/Unique Logic Moves/CovetTest.cs
 0.1 kb	 0.0% Assets/Scripts/Testing/General Battle Tests/Integration/Battle Systems/StruggleTest.cs
 0.1 kb	 0.0% Assets/Scripts/Testing/General Battle Tests/Integration/Abilities/StaticTest.cs
 0.1 kb	 0.0% Assets/Scripts/Testing/General Battle Tests/Integration/Abilities/ShedSkinTest.cs
 0.1 kb	 0.0% Assets/Scripts/Testing/General Battle Tests/Integration/Abilities/PickupTest.cs
 0.1 kb	 0.0% Assets/Scripts/Testing/General Battle Tests/Integration/Abilities/LevitateTest.cs
 0.1 kb	 0.0% Assets/Scripts/Testing/General Battle Tests/End To End/Items/XItemTest.cs
 0.1 kb	 0.0% Assets/Scripts/Testing/General Battle Tests/End To End/Items/PotionTest.cs
 0.1 kb	 0.0% Assets/Scripts/Testing/General Battle Tests/End To End/Items/PokeballTest.cs
 0.1 kb	 0.0% Assets/Scripts/Testing/General Battle Tests/End To End/Items/HerbItemTest.cs
 0.1 kb	 0.0% Assets/Scripts/Testing/General Battle Tests/End To End/Items/ExpShareTest.cs
 0.1 kb	 0.0% Assets/Scripts/Testing/General Battle Tests/End To End/Battle Systems/MoveLockTest.cs
 0.1 kb	 0.0% Assets/Scripts/Testing/General Battle Tests/End To End/Battle Systems/ExpGainTest.cs
 0.1 kb	 0.0% Assets/Scripts/Testing/EndToEndTest.cs
 0.1 kb	 0.0% Assets/Scripts/System/SoundManager.cs
 0.1 kb	 0.0% Assets/Scripts/System/SelectableUI.cs
 0.1 kb	 0.0% Assets/Scripts/System/InputState.cs
 0.1 kb	 0.0% Assets/Scripts/Pokemon/MoveSaveData.cs
 0.1 kb	 0.0% Assets/Scripts/Pokemon/LearnSetMove.cs
 0.1 kb	 0.0% Assets/Scripts/Pokemon/Evolution.cs
 0.1 kb	 0.0% Assets/Scripts/NPC/NpcMovement.cs
 0.1 kb	 0.0% Assets/Scripts/Items/ItemHandler.cs
 0.1 kb	 0.0% Assets/Scripts/Battle/Turns/TurnCoolDown.cs
 0.1 kb	 0.0% Assets/Scripts/Battle/MoveInfoModules/TrapDataInfo.cs
 0.1 kb	 0.0% Assets/Scripts/Battle/MoveInfoModules/BarrierInfo.cs
 0.1 kb	 0.0% Assets/Scripts/Battle/Enemy/TrainerData.cs
 0.1 kb	 0.0% Assets/Scripts/Battle/BattleIntro.cs
 0.1 kb	 0.0% Assets/Scripts/Battle/Battle Participant/TeamEffects.cs
 0.1 kb	 0.0% Assets/Scripts/Battle/Battle Data Holders/PreviousMove.cs
 0.1 kb	 0.0% Assets/Scripts/Battle/Battle Data Holders/MoveLockData.cs
 0.1 kb	 0.0% Assets/Resources/Pokemon_project_assets/Pokemon_obj/Types/Normal.asset
 0.1 kb	 0.0% Assets/Resources/Pokemon_project_assets/Pokemon_obj/Abilities/Torrent.asset
 0.1 kb	 0.0% Assets/Resources/Pokemon_project_assets/Pokemon_obj/Abilities/Overgrow.asset
 0.1 kb	 0.0% Assets/Resources/Pokemon_project_assets/Pokemon_obj/Abilities/Blaze.asset
 0.1 kb	 0.0% Assets/Resources/Pokemon_project_assets/Overwolrd_obj/Story Objectives/Story Progress.asset
 0.1 kb	 0.0% Assets/Resources/Pokemon_project_assets/Overwolrd_obj/Areas/Poke mart coastal.asset
 0.1 kb	 0.0% Assets/Resources/Pokemon_project_assets/Pokemon_obj/Abilities/Levitate.asset
 0.1 kb	 0.0% Assets/Resources/Pokemon_project_assets/Overwolrd_obj/Areas/Player garden.asset
 0.1 kb	 0.0% Assets/Scripts/overworld/AreaData.cs
 0.1 kb	 0.0% Assets/Scripts/Ui/ItemUi.cs
 0.1 kb	 0.0% Assets/Scripts/Testing/TestCase.cs
 0.1 kb	 0.0% Assets/Scripts/Testing/General Battle Tests/Integration/Special Moves/Unique Logic Moves/RestTest.cs
 0.1 kb	 0.0% Assets/Scripts/Testing/General Battle Tests/Integration/Special Moves/Unique Logic Moves/HazeTest.cs
 0.1 kb	 0.0% Assets/Scripts/Testing/General Battle Tests/Integration/Special Moves/Unique Logic Moves/Endeavor.cs
 0.1 kb	 0.0% Assets/Scripts/Testing/General Battle Tests/Integration/Special Moves/Unique Logic Moves/BideTest.cs
 0.1 kb	 0.0% Assets/Scripts/Testing/General Battle Tests/Integration/Abilities/GutsTest.cs
 0.1 kb	 0.0% Assets/Scripts/System/Utility.cs
 0.1 kb	 0.0% Assets/Scripts/System/NameDB.cs
 0.1 kb	 0.0% Assets/Scripts/Pokemon/Pokemon.cs
 0.1 kb	 0.0% Assets/Scripts/Pokemon/Nature.cs
 0.1 kb	 0.0% Assets/Scripts/Pokemon/EvYield.cs
 0.1 kb	 0.0% Assets/Scripts/Pokemon/Ability.cs
 0.1 kb	 0.0% Assets/Scripts/NPC/NpcLogic.cs
 0.1 kb	 0.0% Assets/Scripts/Battle/Battle Data Holders/Barrier.cs
 0.1 kb	 0.0% Assets/Resources/Pokemon_project_assets/Overwolrd_obj/Interactions/Overworld_Pickups/Super Rod.asset
 0.1 kb	 0.0% Assets/Resources/Pokemon_project_assets/Overwolrd_obj/Interactions/Overworld_Pickups/Luxury Balls.asset
 0.1 kb	 0.0% Assets/Resources/Pokemon_project_assets/Overwolrd_obj/Interactions/Overworld_Pickups/Great balls.asset
 0.1 kb	 0.0% Assets/Resources/Pokemon_project_assets/Overwolrd_obj/Interactions/InteractionInfoModules/Gifted Treecko.asset
 0.1 kb	 0.0% Assets/Resources/Pokemon_project_assets/Overwolrd_obj/Interactions/InteractionInfoModules/Gifted Torchic.asset
 0.1 kb	 0.0% Assets/Resources/Pokemon_project_assets/Overwolrd_obj/Interactions/InteractionInfoModules/Gifted Mudkip.asset
 0.1 kb	 0.0% Assets/Resources/Pokemon_project_assets/Overwolrd_obj/Areas/South Bridge.asset
 0.1 kb	 0.0% Assets/Resources/Pokemon_project_assets/Overwolrd_obj/Areas/Poke Center.asset
 0.1 kb	 0.0% Assets/Resources/Pokemon_project_assets/Overwolrd_obj/Areas/OverWorld.asset
 0.1 kb	 0.0% Assets/Resources/Pokemon_project_assets/Pokemon_obj/Natures/Timid.asset
 0.1 kb	 0.0% Assets/Resources/Pokemon_project_assets/Pokemon_obj/Natures/Serious.asset
 0.1 kb	 0.0% Assets/Resources/Pokemon_project_assets/Pokemon_obj/Natures/Sassy.asset
 0.1 kb	 0.0% Assets/Resources/Pokemon_project_assets/Pokemon_obj/Natures/Relaxed.asset
 0.1 kb	 0.0% Assets/Resources/Pokemon_project_assets/Pokemon_obj/Natures/Quirky.asset
 0.1 kb	 0.0% Assets/Resources/Pokemon_project_assets/Pokemon_obj/Natures/Quiet.asset
 0.1 kb	 0.0% Assets/Resources/Pokemon_project_assets/Pokemon_obj/Natures/Naughty.asset
 0.1 kb	 0.0% Assets/Resources/Pokemon_project_assets/Pokemon_obj/Natures/Naive.asset
 0.1 kb	 0.0% Assets/Resources/Pokemon_project_assets/Pokemon_obj/Natures/Modest.asset
 0.1 kb	 0.0% Assets/Resources/Pokemon_project_assets/Pokemon_obj/Natures/Lonely.asset
 0.1 kb	 0.0% Assets/Resources/Pokemon_project_assets/Pokemon_obj/Natures/Jolly.asset
 0.1 kb	 0.0% Assets/Resources/Pokemon_project_assets/Pokemon_obj/Natures/Impish.asset
 0.1 kb	 0.0% Assets/Resources/Pokemon_project_assets/Pokemon_obj/Natures/Hasty.asset
 0.1 kb	 0.0% Assets/Resources/Pokemon_project_assets/Pokemon_obj/Natures/Hardy.asset
 0.1 kb	 0.0% Assets/Resources/Pokemon_project_assets/Pokemon_obj/Natures/Gentle.asset
 0.1 kb	 0.0% Assets/Resources/Pokemon_project_assets/Pokemon_obj/Natures/Docile.asset
 0.1 kb	 0.0% Assets/Resources/Pokemon_project_assets/Pokemon_obj/Natures/Careful.asset
 0.1 kb	 0.0% Assets/Resources/Pokemon_project_assets/Pokemon_obj/Natures/Brave.asset
 0.1 kb	 0.0% Assets/Resources/Pokemon_project_assets/Pokemon_obj/Natures/Bashful.asset
 0.1 kb	 0.0% Assets/Resources/Pokemon_project_assets/Pokemon_obj/Natures/Adamant.asset
 0.1 kb	 0.0% Assets/Resources/Pokemon_project_assets/Pokemon_obj/Moves/EffectInfoModules/Random Consecutive.asset
 0.1 kb	 0.0% Assets/Resources/Pokemon_project_assets/Overwolrd_obj/Interactions/Overworld_Pickups/Repel.asset
 0.1 kb	 0.0% Assets/Resources/Pokemon_project_assets/Overwolrd_obj/Interactions/Overworld_Pickups/Old rod.asset
 0.1 kb	 0.0% Assets/Resources/Pokemon_project_assets/Overwolrd_obj/Interactions/Overworld_Pickups/Good rod.asset
 0.1 kb	 0.0% Assets/Scripts/Pokemon/Move.cs
 0.1 kb	 0.0% Assets/Scripts/Items/Item.cs
 0.1 kb	 0.0% Assets/Scripts/Battle/Turns/Turn.cs
 0.1 kb	 0.0% Assets/Resources/Pokemon_project_assets/Pokemon_obj/Natures/Rash.asset
 0.1 kb	 0.0% Assets/Resources/Pokemon_project_assets/Pokemon_obj/Natures/Mild.asset
 0.1 kb	 0.0% Assets/Resources/Pokemon_project_assets/Pokemon_obj/Natures/Lax.asset
 0.1 kb	 0.0% Assets/Resources/Pokemon_project_assets/Pokemon_obj/Natures/Calm.asset
 0.1 kb	 0.0% Assets/Resources/Pokemon_project_assets/Pokemon_obj/Natures/Bold.asset
 0.1 kb	 0.0% Assets/Resources/Pokemon_project_assets/Pokemon_obj/Moves/EffectInfoModules/DoubleHit.asset
 0.1 kb	 0.0% Assets/Resources/Pokemon_project_assets/Overwolrd_obj/Interactions/InteractionInfoModules/BattleTrevor.asset
 0.1 kb	 0.0% Assets/Resources/Pokemon_project_assets/Overwolrd_obj/Interactions/InteractionInfoModules/Battle Tony.asset
 0.1 kb	 0.0% Assets/Resources/Pokemon_project_assets/Items/AdditionalInfo/Powerpoint berry.asset
 0.1 kb	 0.0% Assets/Resources/Pokemon_project_assets/Items/AdditionalInfo/Paralysis berry.asset
 0.1 kb	 0.0% Assets/Resources/Pokemon_project_assets/Items/AdditionalInfo/Full heal berry.asset
 0.1 kb	 0.0% Assets/Resources/Pokemon_project_assets/Items/AdditionalInfo/Friendship berry.asset
 0.1 kb	 0.0% Assets/Resources/Pokemon_project_assets/Items/AdditionalInfo/Confusion berry.asset
 0.1 kb	 0.0% Assets/Resources/Pokemon_project_assets/Pokemon_obj/Moves/EffectInfoModules/HalfDamageDrain.asset
 0.1 kb	 0.0% Assets/Resources/Pokemon_project_assets/Pokemon_obj/Moves/EffectInfoModules/AllExceptSelf.asset
 0.1 kb	 0.0% Assets/Resources/Pokemon_project_assets/Items/AdditionalInfo/max ether.asset
 0.1 kb	 0.0% Assets/Resources/Pokemon_project_assets/Items/AdditionalInfo/SpecialDefense.asset
 0.1 kb	 0.0% Assets/Resources/Pokemon_project_assets/Items/AdditionalInfo/SpecialAttack.asset
 0.1 kb	 0.0% Assets/Resources/Pokemon_project_assets/Items/AdditionalInfo/Sleep berry.asset
 0.1 kb	 0.0% Assets/Resources/Pokemon_project_assets/Items/AdditionalInfo/Poison berry.asset
 0.1 kb	 0.0% Assets/Resources/Pokemon_project_assets/Items/AdditionalInfo/Max revive info.asset
 0.1 kb	 0.0% Assets/Resources/Pokemon_project_assets/Items/AdditionalInfo/Freeze berry.asset
 0.1 kb	 0.0% Assets/Resources/Pokemon_project_assets/Items/AdditionalInfo/Energy Powder.asset
 0.1 kb	 0.0% Assets/Resources/Pokemon_project_assets/Items/AdditionalInfo/Burn berry.asset
 0.0 kb	 0.0% Assets/Resources/Pokemon_project_assets/Pokemon_obj/Moves/EffectInfoModules/Sand storm.asset
 0.0 kb	 0.0% Assets/Resources/Pokemon_project_assets/Pokemon_obj/Moves/EffectInfoModules/AllEnemies.asset
 0.0 kb	 0.0% Assets/Resources/Pokemon_project_assets/Items/AdditionalInfo/revive info.asset
 0.0 kb	 0.0% Assets/Resources/Pokemon_project_assets/Items/AdditionalInfo/ether.asset
 0.0 kb	 0.0% Assets/Resources/Pokemon_project_assets/Items/AdditionalInfo/Thunderstone.asset
 0.0 kb	 0.0% Assets/Resources/Pokemon_project_assets/Items/AdditionalInfo/Revival Herb.asset
 0.0 kb	 0.0% Assets/Resources/Pokemon_project_assets/Items/AdditionalInfo/Pp up.asset
 0.0 kb	 0.0% Assets/Resources/Pokemon_project_assets/Items/AdditionalInfo/Pp max.asset
 0.0 kb	 0.0% Assets/Resources/Pokemon_project_assets/Items/AdditionalInfo/Paralysis.asset
 0.0 kb	 0.0% Assets/Resources/Pokemon_project_assets/Items/AdditionalInfo/Heal Powder.asset
 0.0 kb	 0.0% Assets/Resources/Pokemon_project_assets/Items/AdditionalInfo/HP berry.asset
 0.0 kb	 0.0% Assets/Resources/Pokemon_project_assets/Items/AdditionalInfo/Energy Root.asset
 0.0 kb	 0.0% Assets/Resources/Pokemon_project_assets/Items/AdditionalInfo/Speed.asset
 0.0 kb	 0.0% Assets/Resources/Pokemon_project_assets/Items/AdditionalInfo/Sleep.asset
 0.0 kb	 0.0% Assets/Resources/Pokemon_project_assets/Items/AdditionalInfo/Poison.asset
 0.0 kb	 0.0% Assets/Resources/Pokemon_project_assets/Items/AdditionalInfo/No Stat.asset
 0.0 kb	 0.0% Assets/Resources/Pokemon_project_assets/Items/AdditionalInfo/Freeze.asset
 0.0 kb	 0.0% Assets/Resources/Pokemon_project_assets/Items/AdditionalInfo/Evasion.asset
 0.0 kb	 0.0% Assets/Resources/Pokemon_project_assets/Items/AdditionalInfo/Defense.asset
 0.0 kb	 0.0% Assets/Resources/Pokemon_project_assets/Items/AdditionalInfo/Attack.asset
 0.0 kb	 0.0% Assets/Resources/Pokemon_project_assets/Items/AdditionalInfo/Accuracy.asset
 0.0 kb	 0.0% Assets/Resources/Pokemon_project_assets/Pokemon_obj/Moves/EffectInfoModules/Sun.asset
 0.0 kb	 0.0% Assets/Resources/Pokemon_project_assets/Pokemon_obj/Moves/EffectInfoModules/Rain.asset
 0.0 kb	 0.0% Assets/Resources/Pokemon_project_assets/Pokemon_obj/Moves/EffectInfoModules/Hail.asset
 0.0 kb	 0.0% Assets/Resources/Pokemon_project_assets/Items/AdditionalInfo/Hp.asset
 0.0 kb	 0.0% Assets/Resources/Pokemon_project_assets/Items/AdditionalInfo/Crit.asset
 0.0 kb	 0.0% Assets/Resources/Pokemon_project_assets/Items/AdditionalInfo/Burn.asset
-------------------------------------------------------------------------------
Unloading 1240 Unused Serialized files (Serialized files now loaded: 0)
[websockify wrapper] Proxying from :54998 to localhost:34999
Unloading 2598 unused Assets / (4.1 MB). Loaded Objects now: 4894.
Memory consumption went from 237.4 MB to 233.3 MB.
Total: 25.636918 ms (FindLiveObjects: 0.792079 ms CreateObjectMapping: 0.520229 ms MarkObjects: 10.413087 ms  DeleteObjects: 13.908990 ms)

Build Finished, Result: Success.
##utp:{"type":"PlayerBuildInfo","version":2,"phase":"Immediate","time":1790003415514,"processId":33679,"steps":[{"description":"Preprocess Player","duration":138},{"description":"Prepare For Build","duration":0},{"description":"ProducePlayerScriptAssemblies","duration":6810},{"description":"Verify Build setup","duration":59},{"description":"Prepare assets for target platform","duration":172},{"description":"Prepare splash screen","duration":1},{"description":"Building scenes","duration":3190},{"description":"Build scripts DLLs","duration":39},{"description":"Build GlobalGameManagers file","duration":286},{"description":"Writing asset files","duration":879},{"description":"Building Resources/unity_builtin_extra","duration":78},{"description":"Creating compressed player package","duration":5640},{"description":"Write data build dirty tracking information","duration":227},{"description":"Postprocess built player","duration":284877}],"duration":302396}
[PhysX] Initialized MultithreadedTaskDispatcher with 4 workers.
Unloading 0 Unused Serialized files (Serialized files now loaded: 0)
Loaded scene 'Temp/__Backupscenes/0.backup'
	Deserialize:            1.123 ms
	Integration:            204.683 ms
	Integration of assets:  0.003 ms
	Thread Wait Time:       0.022 ms
	Total Operation Time:   205.832 ms
Unloading 0 unused Assets / (2.2 KB). Loaded Objects now: 4890.
Memory consumption went from 140.4 MB to 140.4 MB.
Total: 13.664440 ms (FindLiveObjects: 0.589539 ms CreateObjectMapping: 0.284605 ms MarkObjects: 12.762775 ms  DeleteObjects: 0.025858 ms)

Batchmode quit successfully invoked - shutting down!
[websockify wrapper] OnUnload
[websockify wrapper] Process killed
[PhysX] Initialized MultithreadedTaskDispatcher with 4 workers.
Input System module state changed to: ShutdownInProgress.
Input System polling thread exited.
Input System module state changed to: Shutdown.
[Licensing::IpcConnector] LicenseClient-keith-notifications channel disconnected successfully.
[Licensing::IpcConnector] LicenseClient-keith channel disconnected successfully.
[40m[32minfo[39m[22m[49m: Microsoft.Hosting.Lifetime[0]
      Application is shutting down...
[40m[32minfo[39m[22m[49m: Unity.ILPP.Runner.PostProcessingAssemblyLoadContext[0]
      ALC ILPP context 2 is unloading
Cleanup mono
[websockify wrapper] OnUnload
debugger-agent: Unable to listen on 45
[Performance] Application.InitializeProject                                                                                  :        1 samples, Peak.  13.3 s (1.0x), Avg.  13.3 s, Total. 13.30 s (4.2%)
[Performance] Application.PackageManager.StartServer                                                                         :        1 samples, Peak.  2.14 ms (1.0x), Avg.  2.14 ms, Total. 2.140 ms (0.0%)
[Performance] Application.AcquireProjectLock                                                                                 :        1 samples, Peak.  1.03 ms (1.0x), Avg.  1.03 ms, Total. 1.027 ms (0.0%)
[Performance] Application.InitializeEngineNoGraphics                                                                         :        1 samples, Peak.   518 ms (1.0x), Avg.   518 ms, Total. 518.1 ms (0.2%)
[Performance] Application.PackageManager.Initialize                                                                          :        1 samples, Peak.  41.8 ms (1.0x), Avg.  41.8 ms, Total. 41.81 ms (0.0%)
[Performance] Connecting to Package Manager                                                                                  :        5 samples, Peak.  55.4 us (4.4x), Avg.  12.5 us, Total. 62.57 us (0.0%)
[Performance] Application.EngineGraphics.Initialize                                                                          :        1 samples, Peak.   129 ms (1.0x), Avg.   129 ms, Total. 128.8 ms (0.0%)
[Performance] Application.GI.Initialize                                                                                      :        1 samples, Peak.  4.98 ms (1.0x), Avg.  4.98 ms, Total. 4.979 ms (0.0%)
[Performance] Application.LoadAllDefaultResourcesFromEditor                                                                  :        1 samples, Peak.  2.93 ms (1.0x), Avg.  2.93 ms, Total. 2.933 ms (0.0%)
[Performance] Application.LoadMonoAssemblies                                                                                 :        1 samples, Peak.   923 ms (1.0x), Avg.   923 ms, Total. 922.9 ms (0.3%)
[Performance] RestoreManagedReferences                                                                                       :        2 samples, Peak.  65.4 ms (2.0x), Avg.  32.7 ms, Total. 65.45 ms (0.0%)
[Performance] InitializeOnLoad AssetStoreContext                                                                             :        2 samples, Peak.  40.7 ms (1.0x), Avg.  38.8 ms, Total. 77.64 ms (0.0%)
[Performance] InitializeOnLoad DrivenRectTransformUndo                                                                       :        2 samples, Peak.   386 us (1.0x), Avg.   383 us, Total. 765.1 us (0.0%)
[Performance] InitializeOnLoad UISystemProfilerRenderService                                                                 :        2 samples, Peak.  13.8 us (1.2x), Avg.  11.8 us, Total. 23.50 us (0.0%)
[Performance] InitializeOnLoad SceneSearch                                                                                   :        2 samples, Peak.   211 us (1.2x), Avg.   178 us, Total. 357.0 us (0.0%)
[Performance] InitializeOnLoad NativeFormatImporterUtility                                                                   :        2 samples, Peak.  4.17 ms (1.2x), Avg.  3.50 ms, Total. 7.002 ms (0.0%)
[Performance] InitializeOnLoad ManagedDebuggerWindow                                                                         :        2 samples, Peak.  1.11 ms (1.0x), Avg.  1.09 ms, Total. 2.181 ms (0.0%)
[Performance] InitializeOnLoad SearchService                                                                                 :        2 samples, Peak.   178 us (1.1x), Avg.   162 us, Total. 323.7 us (0.0%)
[Performance] InitializeOnLoad WindowLayout                                                                                  :        2 samples, Peak.  1.06 ms (1.0x), Avg.  1.02 ms, Total. 2.031 ms (0.0%)
[Performance] InitializeOnLoad PoolManager                                                                                   :        2 samples, Peak.   983 us (1.1x), Avg.   881 us, Total. 1.762 ms (0.0%)
[Performance] InitializeOnLoad CloudBuild                                                                                    :        2 samples, Peak.  9.30 us (1.2x), Avg.  7.98 us, Total. 15.96 us (0.0%)
[Performance] InitializeOnLoad MixerEffectDefinitionReloader                                                                 :        2 samples, Peak.  3.65 ms (1.2x), Avg.  3.15 ms, Total. 6.301 ms (0.0%)
[Performance] InitializeOnLoad SettingsService                                                                               :        2 samples, Peak.  31.2 us (1.4x), Avg.  22.1 us, Total. 44.16 us (0.0%)
[Performance] InitializeOnLoad ProjectSearch                                                                                 :        2 samples, Peak.   143 us (1.3x), Avg.   107 us, Total. 214.4 us (0.0%)
[Performance] InitializeOnLoad CacheServerWindow                                                                             :        2 samples, Peak.  35.9 us (1.3x), Avg.  27.7 us, Total. 55.49 us (0.0%)
[Performance] InitializeOnLoad EditMode                                                                                      :        2 samples, Peak.   675 us (1.1x), Avg.   604 us, Total. 1.208 ms (0.0%)
[Performance] InitializeOnLoad UnityConnect                                                                                  :        2 samples, Peak.  93.5 us (1.1x), Avg.  83.9 us, Total. 167.7 us (0.0%)
[Performance] InitializeOnLoad ManagedDebugger                                                                               :        2 samples, Peak.   932 ns (1.1x), Avg.   877 ns, Total. 1.754 us (0.0%)
[Performance] InitializeOnLoad ShortcutIntegration                                                                           :        2 samples, Peak.   105 us (1.2x), Avg.  90.4 us, Total. 180.8 us (0.0%)
[Performance] InitializeOnLoad AddComponentWindow                                                                            :        2 samples, Peak.   196 us (1.1x), Avg.   173 us, Total. 346.2 us (0.0%)
[Performance] InitializeOnLoad PlayModeDownload                                                                              :        2 samples, Peak.  8.29 ms (1.9x), Avg.  4.30 ms, Total. 8.595 ms (0.0%)
[Performance] InitializeOnLoad MenuItems                                                                                     :        2 samples, Peak.   151 us (1.0x), Avg.   146 us, Total. 292.7 us (0.0%)
[Performance] InitializeOnLoad PrefabInstanceChangedListener                                                                 :        2 samples, Peak.   251 us (1.1x), Avg.   236 us, Total. 471.9 us (0.0%)
[Performance] InitializeOnLoad ObjectSelectorSearch                                                                          :        2 samples, Peak.   180 us (1.5x), Avg.   119 us, Total. 238.8 us (0.0%)
[Performance] InitializeOnLoad EditorMonitor                                                                                 :        2 samples, Peak.  1.11 ms (1.3x), Avg.   861 us, Total. 1.722 ms (0.0%)
[Performance] InitializeOnLoad RetainedMode                                                                                  :        2 samples, Peak.  3.64 ms (1.0x), Avg.  3.49 ms, Total. 6.975 ms (0.0%)
[Performance] InitializeOnLoad EditorShaderLoader                                                                            :        2 samples, Peak.   988 us (1.0x), Avg.   984 us, Total. 1.969 ms (0.0%)
[Performance] InitializeOnLoad EditorDelegateRegistration                                                                    :        2 samples, Peak.   824 us (1.1x), Avg.   739 us, Total. 1.479 ms (0.0%)
[Performance] InitializeOnLoad UIDocumentHierarchyWatcher                                                                    :        2 samples, Peak.   131 us (1.0x), Avg.   126 us, Total. 251.7 us (0.0%)
[Performance] InitializeOnLoad LiveReloadTrackerCreator                                                                      :        2 samples, Peak.   292 us (1.1x), Avg.   266 us, Total. 531.1 us (0.0%)
[Performance] InitializeOnLoad UxmlObjectEditorFactories                                                                     :        2 samples, Peak.   698 us (1.1x), Avg.   634 us, Total. 1.268 ms (0.0%)
[Performance] InitializeOnLoad UXMLEditorFactories                                                                           :        2 samples, Peak.   113 ms (1.1x), Avg.   106 ms, Total. 211.6 ms (0.1%)
[Performance] InitializeOnLoad PurchasingService                                                                             :        2 samples, Peak.  9.98 ms (1.0x), Avg.  9.85 ms, Total. 19.70 ms (0.0%)
[Performance] InitializeOnLoad CloudBuildPoller                                                                              :        2 samples, Peak.   218 us (1.2x), Avg.   183 us, Total. 365.5 us (0.0%)
[Performance] InitializeOnLoad EditorGameServicesAnalytics                                                                   :        2 samples, Peak.  2.65 ms (1.3x), Avg.  2.00 ms, Total. 4.001 ms (0.0%)
[Performance] InitializeOnLoad AnalyticsService                                                                              :        2 samples, Peak.   309 us (1.0x), Avg.   298 us, Total. 596.8 us (0.0%)
[Performance] InitializeOnLoad BuildService                                                                                  :        2 samples, Peak.   295 us (1.1x), Avg.   271 us, Total. 541.6 us (0.0%)
[Performance] InitializeOnLoad AdsService                                                                                    :        2 samples, Peak.   633 us (1.1x), Avg.   603 us, Total. 1.206 ms (0.0%)
[Performance] InitializeOnLoad UDPService                                                                                    :        2 samples, Peak.   254 us (1.0x), Avg.   250 us, Total. 500.5 us (0.0%)
[Performance] InitializeOnLoad CrashService                                                                                  :        2 samples, Peak.   253 us (1.0x), Avg.   244 us, Total. 488.6 us (0.0%)
[Performance] InitializeOnLoad ServicesRepository                                                                            :        2 samples, Peak.   761 ns (1.0x), Avg.   751 ns, Total. 1.503 us (0.0%)
[Performance] InitializeOnLoad SearchWindow                                                                                  :        2 samples, Peak.   210 us (1.1x), Avg.   183 us, Total. 365.9 us (0.0%)
[Performance] InitializeOnLoad SearchMonitor                                                                                 :        2 samples, Peak.  4.22 ms (1.0x), Avg.  4.07 ms, Total. 8.142 ms (0.0%)
[Performance] InitializeOnLoad CustomIndexers                                                                                :        2 samples, Peak.  25.8 ms (1.1x), Avg.  23.7 ms, Total. 47.39 ms (0.0%)
[Performance] InitializeOnLoad ParameterControllerEditor                                                                     :        2 samples, Peak.  27.2 us (1.2x), Avg.  23.6 us, Total. 47.17 us (0.0%)
[Performance] InitializeOnLoad LayerSettingsWindow                                                                           :        2 samples, Peak.  36.2 us (1.7x), Avg.  21.3 us, Total. 42.60 us (0.0%)
[Performance] InitializeOnLoad PackageManagerHookGUIDConverter.RegisterPackagesEventHandler                                  :        2 samples, Peak.  1.10 ms (1.6x), Avg.   672 us, Total. 1.344 ms (0.0%)
[Performance] InitializeOnLoad EditorDragAndDrop.RegisterEditorClient                                                        :        2 samples, Peak.   457 us (1.2x), Avg.   368 us, Total. 735.1 us (0.0%)
[Performance] InitializeOnLoad EditorEventCallbacks.InitializeFontAssetResourceChangeCallBacks                               :        2 samples, Peak.  1.82 ms (1.1x), Avg.  1.73 ms, Total. 3.458 ms (0.0%)
[Performance] InitializeOnLoad SceneTemplateService.Init                                                                     :        2 samples, Peak.  1.78 ms (1.1x), Avg.  1.55 ms, Total. 3.103 ms (0.0%)
[Performance] InitializeOnLoad DiagnosticSwitchesConsoleMessage.Init                                                         :        2 samples, Peak.  6.72 ms (1.8x), Avg.  3.84 ms, Total. 7.674 ms (0.0%)
[Performance] InitializeOnLoad PackageManagerWindow.EditorInitializedInSafeMode                                              :        2 samples, Peak.  43.8 ms (2.0x), Avg.  22.0 ms, Total. 43.99 ms (0.0%)
[Performance] InitializeOnLoad MemoryProfilerCompilationGuard.InjectCompileGuard                                             :        2 samples, Peak.   547 us (1.6x), Avg.   336 us, Total. 671.5 us (0.0%)
[Performance] InitializeOnLoad AssetPostprocessingInternal.RefreshCustomDependencies                                         :        2 samples, Peak.  5.48 ms (1.4x), Avg.  3.97 ms, Total. 7.944 ms (0.0%)
[Performance] InitializeOnLoad SysrootManager.Initialize                                                                     :        2 samples, Peak.  19.0 us (1.1x), Avg.  17.9 us, Total. 35.85 us (0.0%)
[Performance] InitializeOnLoad ScopedRegistryAddedPopup.SubscribeToRegistriesAdded                                           :        2 samples, Peak.  10.8 ms (2.0x), Avg.  5.46 ms, Total. 10.91 ms (0.0%)
[Performance] InitializeOnLoad EditorWindow.Initialize                                                                       :        2 samples, Peak.   357 us (1.0x), Avg.   346 us, Total. 692.3 us (0.0%)
[Performance] InitializeOnLoad ToolShortcutContext.Init                                                                      :        2 samples, Peak.   187 us (1.1x), Avg.   178 us, Total. 355.0 us (0.0%)
[Performance] InitializeOnLoad SceneVisibilityManager.Initialize                                                             :        2 samples, Peak.  10.7 ms (1.8x), Avg.  5.94 ms, Total. 11.88 ms (0.0%)
[Performance] AssemblyReloadEvents.afterAssemblyReload: UnityEditor.SceneTemplate.SceneTemplateService.AfterAssemblyReload   :        2 samples, Peak.  8.33 ms (1.9x), Avg.  4.36 ms, Total. 8.723 ms (0.0%)
[Performance] ProcessService.EditorAfterLoadAllAssemblies                                                                    :        2 samples, Peak.   556 us (1.2x), Avg.   446 us, Total. 891.4 us (0.0%)
[Performance] Application.ReadLicenseInfo                                                                                    :        1 samples, Peak.  11.9 ms (1.0x), Avg.  11.9 ms, Total. 11.89 ms (0.0%)
[Performance] Application.InitialRefresh                                                                                     :        1 samples, Peak.  10.9 s (1.0x), Avg.  10.9 s, Total. 10.91 s (3.4%)
[Performance] Compiling Scripts                                                                                              :        1 samples, Peak.  3.24 s (1.0x), Avg.  3.24 s, Total. 3.235 s (1.0%)
[Performance] AssemblyReloadEvents.beforeAssemblyReload: UnityEditor.SceneTemplate.SceneTemplateService.BeforeAssemblyReload :        1 samples, Peak.   984 us (1.0x), Avg.   984 us, Total. 984.2 us (0.0%)
[Performance] InitializeOnLoad BurstLoader                                                                                   :        1 samples, Peak.  2.44 s (1.0x), Avg.  2.44 s, Total. 2.440 s (0.8%)
[Performance] InitializeOnLoad BackgroundWatcher                                                                             :        1 samples, Peak.   382 us (1.0x), Avg.   382 us, Total. 381.7 us (0.0%)
[Performance] InitializeOnLoad UnityTestProtocolStarter                                                                      :        1 samples, Peak.   354 us (1.0x), Avg.   354 us, Total. 353.6 us (0.0%)
[Performance] InitializeOnLoad TestStarter                                                                                   :        1 samples, Peak.  1.22 ms (1.0x), Avg.  1.22 ms, Total. 1.223 ms (0.0%)
[Performance] InitializeOnLoad RerunCallbackInitializer                                                                      :        1 samples, Peak.  12.9 ms (1.0x), Avg.  12.9 ms, Total. 12.86 ms (0.0%)
[Performance] InitializeOnLoad EditorToolManager                                                                             :        1 samples, Peak.  9.02 ms (1.0x), Avg.  9.02 ms, Total. 9.018 ms (0.0%)
[Performance] InitializeOnLoad VSUsageUtility                                                                                :        1 samples, Peak.  42.4 ms (1.0x), Avg.  42.4 ms, Total. 42.42 ms (0.0%)
[Performance] InitializeOnLoad VisualStudioEditor                                                                            :        1 samples, Peak.  12.4 ms (1.0x), Avg.  12.4 ms, Total. 12.45 ms (0.0%)
[Performance] InitializeOnLoad VisualStudioIntegration                                                                       :        1 samples, Peak.  9.43 ms (1.0x), Avg.  9.43 ms, Total. 9.434 ms (0.0%)
[Performance] InitializeOnLoad TestRunnerApiListener                                                                         :        1 samples, Peak.   171 us (1.0x), Avg.   171 us, Total. 170.8 us (0.0%)
[Performance] InitializeOnLoad PrefabLayoutRebuilder                                                                         :        1 samples, Peak.   375 us (1.0x), Avg.   375 us, Total. 375.2 us (0.0%)
[Performance] InitializeOnLoad SpriteSkinCompositeStartup                                                                    :        1 samples, Peak.  22.9 ms (1.0x), Avg.  22.9 ms, Total. 22.95 ms (0.0%)
[Performance] InitializeOnLoad RiderScriptEditor                                                                             :        1 samples, Peak.  7.36 ms (1.0x), Avg.  7.36 ms, Total. 7.363 ms (0.0%)
[Performance] InitializeOnLoad CallbackInitializer                                                                           :        1 samples, Peak.  4.74 ms (1.0x), Avg.  4.74 ms, Total. 4.736 ms (0.0%)
[Performance] InitializeOnLoad SpriteEditorWindow                                                                            :        1 samples, Peak.  1.28 ms (1.0x), Avg.  1.28 ms, Total. 1.276 ms (0.0%)
[Performance] InitializeOnLoad PlasticPlugin                                                                                 :        1 samples, Peak.   146 ms (1.0x), Avg.   146 ms, Total. 145.8 ms (0.0%)
[Performance] InitializeOnLoad UnityAnalyticsStorage                                                                         :        1 samples, Peak.   615 us (1.0x), Avg.   615 us, Total. 614.7 us (0.0%)
[Performance] InitializeOnLoad BoneGizmoInitializer                                                                          :        1 samples, Peak.  5.89 ms (1.0x), Avg.  5.89 ms, Total. 5.893 ms (0.0%)
[Performance] InitializeOnLoad Analytics                                                                                     :        1 samples, Peak.   377 us (1.0x), Avg.   377 us, Total. 377.1 us (0.0%)
[Performance] InitializeOnLoad ToolbarBootstrap                                                                              :        1 samples, Peak.  8.50 ms (1.0x), Avg.  8.50 ms, Total. 8.502 ms (0.0%)
[Performance] InitializeOnLoad BackgroundImport                                                                              :        1 samples, Peak.   204 us (1.0x), Avg.   204 us, Total. 204.3 us (0.0%)
[Performance] InitializeOnLoad NavigationWindow                                                                              :        1 samples, Peak.   708 us (1.0x), Avg.   708 us, Total. 707.6 us (0.0%)
[Performance] InitializeOnLoad SceneDragAndDrop                                                                              :        1 samples, Peak.   247 us (1.0x), Avg.   247 us, Total. 246.9 us (0.0%)
[Performance] InitializeOnLoad SpriteShapeUpdateCache                                                                        :        1 samples, Peak.   780 us (1.0x), Avg.   780 us, Total. 780.2 us (0.0%)
[Performance] InitializeOnLoad SpriteShapeUnityAnalyticsStorage                                                              :        1 samples, Peak.  29.1 us (1.0x), Avg.  29.1 us, Total. 29.14 us (0.0%)
[Performance] InitializeOnLoad IKEditorManager.CreateInstance                                                                :        1 samples, Peak.  5.71 ms (1.0x), Avg.  5.71 ms, Total. 5.708 ms (0.0%)
[Performance] InitializeOnLoad $BurstDirectCallInitializer.Initialize                                                        :        7 samples, Peak.  30.8 ms (3.9x), Avg.  7.88 ms, Total. 55.17 ms (0.0%)
[Performance] InitializeOnLoad TilemapPrefabStageHelper.Initialize                                                           :        1 samples, Peak.  5.06 ms (1.0x), Avg.  5.06 ms, Total. 5.062 ms (0.0%)
[Performance] InitializeOnLoad SceneViewGridManager.Initialize                                                               :        1 samples, Peak.  9.51 ms (1.0x), Avg.  9.51 ms, Total. 9.514 ms (0.0%)
[Performance] InitializeOnLoad SceneViewOpenTilePaletteHelper.Initialize                                                     :        1 samples, Peak.  4.27 ms (1.0x), Avg.  4.27 ms, Total. 4.270 ms (0.0%)
[Performance] InitializeOnLoad TileDragAndDropManager.Initialize                                                             :        1 samples, Peak.  3.78 ms (1.0x), Avg.  3.78 ms, Total. 3.784 ms (0.0%)
[Performance] InitializeOnLoad BackgroundImport.Setup                                                                        :        1 samples, Peak.  1.57 ms (1.0x), Avg.  1.57 ms, Total. 1.571 ms (0.0%)
[Performance] InitializeOnLoad TestJobDataHolder.ResumeRunningJobs                                                           :        1 samples, Peak.  2.81 ms (1.0x), Avg.  2.81 ms, Total. 2.813 ms (0.0%)
[Performance] InitializeOnLoad AnalyticsReporter.RegisterCallbacks                                                           :        1 samples, Peak.  1.96 ms (1.0x), Avg.  1.96 ms, Total. 1.960 ms (0.0%)
[Performance] InitializeOnLoad VisualStudioEditor.LegacyVisualStudioCodePackageDisabler                                      :        1 samples, Peak.  1.93 ms (1.0x), Avg.  1.93 ms, Total. 1.933 ms (0.0%)
[Performance] DidReloadScriptsTestRunnerWindow.CompilationCallback                                                           :        1 samples, Peak.  1.00 ms (1.0x), Avg.  1.00 ms, Total. 1.002 ms (0.0%)
[Performance] DidReloadScriptsTestListCache.ScriptReloaded                                                                   :        1 samples, Peak.  4.00 ms (1.0x), Avg.  4.00 ms, Total. 4.003 ms (0.0%)
[Performance] DidReloadScriptsAdvancedDropdownWindow.OnScriptReload                                                          :        1 samples, Peak.   358 us (1.0x), Avg.   358 us, Total. 357.8 us (0.0%)
[Performance] AssemblyReloadEvents.afterAssemblyReload: UnityEditor.U2D.Animation.BoneGizmo.OnAfterAssemblyReload            :        1 samples, Peak.  1.46 ms (1.0x), Avg.  1.46 ms, Total. 1.460 ms (0.0%)
[Performance] SyncVS.PostprocessSyncProject                                                                                  :        1 samples, Peak.   123 us (1.0x), Avg.   123 us, Total. 123.3 us (0.0%)
[Performance] Application.ImportPackagesAndSetTemplateWhenCreatingProject                                                    :        1 samples, Peak.  36.9 ms (1.0x), Avg.  36.9 ms, Total. 36.93 ms (0.0%)
[Performance] Application.SyncCurrentColorSpace                                                                              :        1 samples, Peak.  31.4 ms (1.0x), Avg.  31.4 ms, Total. 31.40 ms (0.0%)
[Performance] Application.OnUsbDevicesChanged                                                                                :        1 samples, Peak.  9.78 ms (1.0x), Avg.  9.78 ms, Total. 9.776 ms (0.0%)
[Performance] Application.AssetInstanceCacheUpdate                                                                           :        1 samples, Peak.   341 ns (1.0x), Avg.   341 ns, Total. 341.0 ns (0.0%)
[Performance] Application.UnityExtensions.Initialize                                                                         :        1 samples, Peak.  8.60 ms (1.0x), Avg.  8.60 ms, Total. 8.602 ms (0.0%)
[Performance] CodeEditorProjectSync.SyncEditorProject                                                                        :        1 samples, Peak.   210 us (1.0x), Avg.   210 us, Total. 210.3 us (0.0%)
[Performance] Application.ExecuteStartups                                                                                    :        1 samples, Peak.   139 ms (1.0x), Avg.   139 ms, Total. 139.3 ms (0.0%)
[Performance] Menu.RegisterMenuInterface                                                                                     :       26 samples, Peak.  1.81 us (5.3x), Avg.   343 ns, Total. 8.905 us (0.0%)
[Performance] Gizmo.RebuildRenderers                                                                                         :        2 samples, Peak.   137 ms (1.6x), Avg.  83.5 ms, Total. 167.0 ms (0.1%)
[Performance] Gizmo.AddGizmoRenderers                                                                                        :      180 samples, Peak.  4.60 ms (33.6x), Avg.   137 us, Total. 24.62 ms (0.0%)
[Performance] Application.editorInitializingProject                                                                          :        1 samples, Peak.  14.1 ms (1.0x), Avg.  14.1 ms, Total. 14.11 ms (0.0%)
[Performance] Application.InitializeMenu                                                                                     :        1 samples, Peak.   227 ms (1.0x), Avg.   227 ms, Total. 226.7 ms (0.1%)
[Performance] Menu.RebuildAll                                                                                                :        1 samples, Peak.   227 ms (1.0x), Avg.   227 ms, Total. 226.7 ms (0.1%)
[Performance] Menu.BuildRegisteredMenuInterfaces                                                                             :        1 samples, Peak.   226 ms (1.0x), Avg.   226 ms, Total. 225.5 ms (0.1%)
[Performance] Menu.FilterMenuItem                                                                                            :      744 samples, Peak.   150 ms (740.8x), Avg.   203 us, Total. 150.8 ms (0.0%)
[Performance] UpdateAllMenus                                                                                                 :        1 samples, Peak.  1.03 ms (1.0x), Avg.  1.03 ms, Total. 1.027 ms (0.0%)
[Performance] EditorSceneManager.sceneClosing: UnityEditor.SceneVisibilityManager.EditorSceneManagerOnSceneClosing           :        5 samples, Peak.   383 us (4.7x), Avg.  81.8 us, Total. 408.8 us (0.0%)
[Performance] GUIView.RepaintAll.PlayerLoopController                                                                        :        4 samples, Peak.  2.83 us (2.5x), Avg.  1.16 us, Total. 4.628 us (0.0%)
[Performance] EditorSceneManager.newSceneCreated: UnityEditor.SceneTemplate.SceneTemplateService.OnNewSceneCreated           :        3 samples, Peak.   346 us (3.0x), Avg.   117 us, Total. 351.4 us (0.0%)
[Performance] EditorSceneManager.newSceneCreated: UnityEditor.SceneVisibilityManager.EditorSceneManagerOnNewSceneCreated     :        3 samples, Peak.   236 us (2.7x), Avg.  86.8 us, Total. 260.5 us (0.0%)
[Performance] EditorSceneManager.newSceneCreated: UnityEditor.SceneManagement.StageNavigationManager.OnNewSceneCreated       :        3 samples, Peak.  80.2 us (2.9x), Avg.  27.9 us, Total. 83.80 us (0.0%)
[Performance] Application.InvokeFinishedLoadingProject                                                                       :        1 samples, Peak.  31.1 ms (1.0x), Avg.  31.1 ms, Total. 31.08 ms (0.0%)
[Performance] ProcessService.OnProjectLoaded                                                                                 :        1 samples, Peak.   103 us (1.0x), Avg.   103 us, Total. 103.4 us (0.0%)
[Performance] VersionControl.Task.Wait                                                                                       :        1 samples, Peak.   566 us (1.0x), Avg.   566 us, Total. 566.3 us (0.0%)
[Performance] Inspector.InitOrRebuild                                                                                        :        3 samples, Peak.   863 us (1.2x), Avg.   697 us, Total. 2.090 ms (0.0%)
[Performance] PaletteAssetModificationProcessor.OnWillSaveAssets                                                             :        2 samples, Peak.  5.67 ms (2.0x), Avg.  2.84 ms, Total. 5.689 ms (0.0%)
[Performance] StateMacroSavedEvent.OnWillSaveAssets                                                                          :        2 samples, Peak.   313 us (2.0x), Avg.   158 us, Total. 316.0 us (0.0%)
[Performance] AssetModificationProcessor.OnWillSaveAssets                                                                    :        2 samples, Peak.   454 us (2.0x), Avg.   229 us, Total. 457.0 us (0.0%)
[Performance] UnityCloudProjectLinkMonitor.OnWillSaveAssets                                                                  :        2 samples, Peak.   454 us (2.0x), Avg.   228 us, Total. 456.2 us (0.0%)
[Performance] FlowMacroSavedEvent.OnWillSaveAssets                                                                           :        2 samples, Peak.   244 us (2.0x), Avg.   123 us, Total. 246.6 us (0.0%)
[Performance] BuilderAssetModificationProcessor.OnWillSaveAssets                                                             :        2 samples, Peak.   783 us (2.0x), Avg.   393 us, Total. 786.9 us (0.0%)
[Performance] TerrainModificationProcessor.OnWillSaveAssets                                                                  :        2 samples, Peak.  1.17 ms (2.0x), Avg.   587 us, Total. 1.174 ms (0.0%)
[Performance] AssetDatabase.ImportAssets                                                                                     :        4 samples, Peak.   692 ns (1.9x), Avg.   359 ns, Total. 1.434 us (0.0%)
[Performance] GenerateAssemblyTypeInfos                                                                                      :        2 samples, Peak.  56.7 ms (1.3x), Avg.  43.2 ms, Total. 86.34 ms (0.0%)
[Performance] AssetDatabase.Refresh                                                                                          :        1 samples, Peak.   124 ms (1.0x), Avg.   124 ms, Total. 124.3 ms (0.0%)
[Performance] EditorSceneManager.sceneOpened: UnityEditor.SceneTemplate.SceneTemplateService.OnSceneOpened                   :        1 samples, Peak.   306 us (1.0x), Avg.   306 us, Total. 306.0 us (0.0%)
[Performance] EditorSceneManager.sceneOpened: UnityEditor.SceneVisibilityManager.EditorSceneManagerOnSceneOpened             :        1 samples, Peak.   216 us (1.0x), Avg.   216 us, Total. 215.6 us (0.0%)
[Performance] EditorSceneManager.sceneOpened: UnityEditor.SceneManagement.StageNavigationManager.OnSceneOpened               :        1 samples, Peak.  75.0 us (1.0x), Avg.  75.0 us, Total. 75.00 us (0.0%)
[Performance] TimelineAnalyticsProcess.OnProcessScene                                                                        :        1 samples, Peak.  4.15 ms (1.0x), Avg.  4.15 ms, Total. 4.154 ms (0.0%)
[Performance] UnityBuildPostprocessor.OnProcessScene                                                                         :        1 samples, Peak.   503 us (1.0x), Avg.   503 us, Total. 502.6 us (0.0%)
[Performance] EditorApplication.quitting: Unity.Burst.Editor.BurstLoader.OnEditorApplicationQuitting                         :        1 samples, Peak.  47.5 us (1.0x), Avg.  47.5 us, Total. 47.48 us (0.0%)
[Performance] EditorApplication.quitting: UnityEditor.Tilemaps.SceneViewGridManager.EditorQuitting                           :        1 samples, Peak.   122 us (1.0x), Avg.   122 us, Total. 121.5 us (0.0%)
[Performance] EditorApplication.quitting: callback in UnityEditor.TextCore.Text.EditorEventCallbacks                         :        1 samples, Peak.  64.3 ms (1.0x), Avg.  64.3 ms, Total. 64.33 ms (0.0%)
[Performance] EditorApplication.quitting: UnityEditor.WebGL.WebsockifyEditorWrapper.Kill                                     :        1 samples, Peak.  1.09 ms (1.0x), Avg.  1.09 ms, Total. 1.089 ms (0.0%)
[Performance] Application.Shutdown.PauseProfilerSession                                                                      :        1 samples, Peak.  44.9 us (1.0x), Avg.  44.9 us, Total. 44.91 us (0.0%)
[Performance] Application.Shutdown.PauseAssetImportWorkers                                                                   :        1 samples, Peak.   535 us (1.0x), Avg.   535 us, Total. 535.1 us (0.0%)
[Performance] Application.Shutdown.SaveAssets                                                                                :        1 samples, Peak.  5.98 ms (1.0x), Avg.  5.98 ms, Total. 5.977 ms (0.0%)
[Performance] Application.Shutdown.CleanupRenderPipeline                                                                     :        1 samples, Peak.  7.08 us (1.0x), Avg.  7.08 us, Total. 7.084 us (0.0%)
[Performance] Application.Shutdown.StopPreloadManager                                                                        :        1 samples, Peak.  10.1 ms (1.0x), Avg.  10.1 ms, Total. 10.09 ms (0.0%)
[Performance] Application.Shutdown.DestroyWorld                                                                              :        1 samples, Peak.  1.09 ms (1.0x), Avg.  1.09 ms, Total. 1.092 ms (0.0%)
[Performance] Application.Shutdown.CleanupAfterLoad                                                                          :        1 samples, Peak.   193 ms (1.0x), Avg.   193 ms, Total. 192.7 ms (0.1%)
[Performance] Application.Shutdown.Progress                                                                                  :        1 samples, Peak.  28.3 us (1.0x), Avg.  28.3 us, Total. 28.25 us (0.0%)
[Performance] Application.Shutdown.GICleanupManagers                                                                         :        1 samples, Peak.   848 us (1.0x), Avg.   848 us, Total. 848.3 us (0.0%)
[Performance] Application.Shutdown.MenuCleanupClass                                                                          :        1 samples, Peak.   335 us (1.0x), Avg.   335 us, Total. 335.1 us (0.0%)
[Performance] Application.Shutdown.ADBSaveStateBeforeShutdown                                                                :        1 samples, Peak.  8.47 us (1.0x), Avg.  8.47 us, Total. 8.465 us (0.0%)
[Performance] Application.Shutdown.RemoteShutdown                                                                            :        1 samples, Peak.  1.13 us (1.0x), Avg.  1.13 us, Total. 1.132 us (0.0%)
[Performance] Application.Shutdown.CleanupVCProvider                                                                         :        1 samples, Peak.  12.2 us (1.0x), Avg.  12.2 us, Total. 12.15 us (0.0%)
[Performance] Application.Shutdown.InputShutdown                                                                             :        1 samples, Peak.  1.70 us (1.0x), Avg.  1.70 us, Total. 1.703 us (0.0%)
[Performance] Application.Shutdown.GizmoManagerDestroy                                                                       :        1 samples, Peak.  1.15 ms (1.0x), Avg.  1.15 ms, Total. 1.153 ms (0.0%)
[Performance] Application.Shutdown.ProfilerSession                                                                           :        1 samples, Peak.   189 us (1.0x), Avg.   189 us, Total. 189.5 us (0.0%)
[Performance] Application.Shutdown.ReleaseGfxWindowOnAllGUIViews                                                             :        1 samples, Peak.  1.43 us (1.0x), Avg.  1.43 us, Total. 1.433 us (0.0%)
[Performance] Application.Shutdown.CleanupEngine                                                                             :        1 samples, Peak.  78.6 ms (1.0x), Avg.  78.6 ms, Total. 78.55 ms (0.0%)
[Performance] Application.Shutdown.CleanupAssetDatabase                                                                      :        1 samples, Peak.  17.3 ms (1.0x), Avg.  17.3 ms, Total. 17.30 ms (0.0%)
[Performance] Application.Shutdown.ScriptCompilationCleanUp                                                                  :        1 samples, Peak.   241 ms (1.0x), Avg.   241 ms, Total. 240.8 ms (0.1%)
[Performance] Application.Shutdown.DestroyJobSystem                                                                          :        1 samples, Peak.   433 us (1.0x), Avg.   433 us, Total. 433.0 us (0.0%)
[Performance] Application.Shutdown.CleanupPersistentManager                                                                  :        1 samples, Peak.  10.5 ms (1.0x), Avg.  10.5 ms, Total. 10.55 ms (0.0%)
[Performance] Application.Shutdown.CleanupAsyncReadManager                                                                   :        1 samples, Peak.  2.30 ms (1.0x), Avg.  2.30 ms, Total. 2.295 ms (0.0%)
[Performance] Application.Shutdown.CleanupMono                                                                               :        1 samples, Peak.   197 ms (1.0x), Avg.   197 ms, Total. 196.9 ms (0.1%)
[Performance] Application.Shutdown.CleanupStdConverters                                                                      :        1 samples, Peak.  25.2 us (1.0x), Avg.  25.2 us, Total. 25.17 us (0.0%)
[Performance] Application.Shutdown.UnloadAllPlatformSupportModuleNativeDlls                                                  :        1 samples, Peak.   971 ns (1.0x), Avg.   971 ns, Total. 971.0 ns (0.0%)
[Performance] Application.Shutdown.UnloadAllPlatformSupportNativeLibraries                                                   :        1 samples, Peak.   350 ns (1.0x), Avg.   350 ns, Total. 350.0 ns (0.0%)
[Performance] Application.Shutdown.CleanupAutoDocumentation                                                                  :        1 samples, Peak.   423 us (1.0x), Avg.   423 us, Total. 423.1 us (0.0%)
[Performance] Application.Shutdown.ShaderNameManagerDestroy                                                                  :        1 samples, Peak.  87.2 us (1.0x), Avg.  87.2 us, Total. 87.21 us (0.0%)
[Performance] Application.Shutdown.CleanupCacheServer                                                                        :        1 samples, Peak.   321 ns (1.0x), Avg.   321 ns, Total. 321.0 ns (0.0%)
[Performance] Application.Shutdown.Virtualization_Shutdown                                                                   :        1 samples, Peak.   441 ns (1.0x), Avg.   441 ns, Total. 441.0 ns (0.0%)
[Performance] Application.Shutdown.DevConnections                                                                            :        1 samples, Peak.  85.2 us (1.0x), Avg.  85.2 us, Total. 85.19 us (0.0%)
Exiting batchmode successfully now!
