{
    "Player_name": "sadwa",
    "Trainer_ID": 11981,
    "player_Money": 300,
    "player_Position": {
        "x": -1.7577875852584839,
        "y": 0.12400469183921814,
        "z": 0.0
    },
    "Location": "Overworld"
}