{
    "Player_name": "sadwa",
    "Trainer_ID": 11981,
    "player_Money": 169,
    "player_Position": {
        "x": -1.8246678113937379,
        "y": 0.02734540030360222,
        "z": 0.0
    },
    "Location": "Overworld"
}