{
    "Player_name": "sadwa",
    "Trainer_ID": 11981,
    "player_Money": 169,
    "player_Position": {
        "x": -1.7958011627197266,
        "y": 0.15646781027317048,
        "z": 0.0
    },
    "Location": "Overworld"
}