{
    "Player_name": "kelvin",
    "Trainer_ID": 13748,
    "Secret_ID": 28425,
    "player_Money": 13250,
    "NumBadges": 0,
    "player_Position": {
        "x": 10.659987449645996,
        "y": 3.4262428283691408,
        "z": 0.0
    },
    "Location": "Overworld"
}