{
    "Player_name": "levin james",
    "Trainer_ID": 14844,
    "Secret_ID": 46449,
    "player_Money": 1200,
    "player_Position": {
        "x": 3.3960325717926027,
        "y": 0.6371937394142151,
        "z": 0.0
    },
    "Location": "Poke Center"
}