{
    "Player_name": "levin james",
    "Trainer_ID": 14844,
    "Secret_ID": 46449,
    "player_Money": 1200,
    "player_Position": {
        "x": 1.6039999723434449,
        "y": 1.0199989080429078,
        "z": 0.0
    },
    "Location": "Overworld"
}