{
    "Player_name": "levin james",
    "Trainer_ID": 14844,
    "Secret_ID": 46449,
    "player_Money": 1200,
    "player_Position": {
        "x": 10.115987777709961,
        "y": 3.42624568939209,
        "z": 0.0
    },
    "Location": "Overworld"
}