{
    "Player_name": "levin james",
    "Trainer_ID": 14844,
    "Secret_ID": 46449,
    "player_Money": 1200,
    "player_Position": {
        "x": -1.8675936460494996,
        "y": 0.11628195643424988,
        "z": 0.0
    },
    "Location": "Overworld"
}