{
    "Player_name": "levin james",
    "Trainer_ID": 14844,
    "Secret_ID": 46449,
    "player_Money": 1200,
    "player_Position": {
        "x": 10.103750228881836,
        "y": 3.4262590408325197,
        "z": 0.0
    },
    "Location": "Overworld"
}