{
    "Player_name": "levin james",
    "Trainer_ID": 14844,
    "Secret_ID": 46449,
    "player_Money": 1200,
    "player_Position": {
        "x": 10.09199047088623,
        "y": 3.4262518882751467,
        "z": 0.0
    },
    "Location": "Overworld"
}