{
    "Player_name": "levin james",
    "Trainer_ID": 14844,
    "Secret_ID": 46449,
    "player_Money": 1200,
    "player_Position": {
        "x": 10.08857536315918,
        "y": 3.401350498199463,
        "z": 0.0
    },
    "Location": "Overworld"
}