{
    "Player_name": "levin james",
    "Trainer_ID": 14844,
    "Secret_ID": 46449,
    "player_Money": 1220,
    "player_Position": {
        "x": 1.1199995279312134,
        "y": 1.1269991397857667,
        "z": 0.0
    },
    "Location": "Overworld"
}