{
    "Player_name": "levin james",
    "Trainer_ID": 14844,
    "Secret_ID": 46449,
    "player_Money": 172,
    "player_Position": {
        "x": 12.409257888793946,
        "y": 0.39733317494392397,
        "z": 0.0
    },
    "Location": "Overworld"
}