{
    "Player_name": "keith",
    "Trainer_ID": 16605,
    "Secret_ID": 49872,
    "player_Money": 300,
    "player_Position": {
        "x": 1.9811363220214844,
        "y": 0.10799972712993622,
        "z": 0.0
    },
    "Location": "Overworld"
}