{
    "Player_name": "keith",
    "Trainer_ID": 16605,
    "Secret_ID": 49872,
    "player_Money": 300,
    "player_Position": {
        "x": 1.6246387958526612,
        "y": -0.06171420216560364,
        "z": 0.0
    },
    "Location": "Overworld"
}