{
    "Player_name": "keith",
    "Trainer_ID": 16605,
    "Secret_ID": 49872,
    "player_Money": 300,
    "player_Position": {
        "x": 9.15515422821045,
        "y": 16.42123794555664,
        "z": 0.0
    },
    "Location": "Museum"
}