{
    "Player_name": "keith",
    "Trainer_ID": 16605,
    "Secret_ID": 49872,
    "player_Money": 300,
    "player_Position": {
        "x": -2.220949411392212,
        "y": -0.04745236784219742,
        "z": 0.0
    },
    "Location": "Overworld"
}