{
    "Player_name": "keith",
    "Trainer_ID": 17009,
    "Secret_ID": 47855,
    "player_Money": 300,
    "player_Position": {
        "x": -1.7881122827529908,
        "y": -0.10411010682582855,
        "z": 0.0
    },
    "Location": "Overworld"
}