{
    "Player_name": "keith",
    "Trainer_ID": 17009,
    "Secret_ID": 47855,
    "player_Money": 246,
    "player_Position": {
        "x": -1.0058523416519166,
        "y": -0.019152693450450898,
        "z": 0.0
    },
    "Location": "Overworld"
}