{
    "Player_name": "dasdaw",
    "Trainer_ID": 34213,
    "Secret_ID": 54504,
    "player_Money": 6800,
    "NumBadges": 0,
    "player_Position": {
        "x": 11.3861083984375,
        "y": 2.944916248321533,
        "z": 0.0
    },
    "Location": "Overworld"
}