{
    "Player_name": "dasdaw",
    "Trainer_ID": 34213,
    "Secret_ID": 54504,
    "player_Money": 6800,
    "NumBadges": 0,
    "player_Position": {
        "x": 10.09998893737793,
        "y": 3.4262428283691408,
        "z": 0.0
    },
    "Location": "Overworld"
}