{
    "Player_name": "dasdaw",
    "Trainer_ID": 34213,
    "Secret_ID": 54504,
    "player_Money": 5050,
    "NumBadges": 0,
    "player_Position": {
        "x": 3.4364986419677736,
        "y": 0.491794615983963,
        "z": 0.0
    },
    "Location": "Poke Mart"
}