{
    "Player_name": "dasdaw",
    "Trainer_ID": 34213,
    "Secret_ID": 54504,
    "player_Money": 6800,
    "NumBadges": 0,
    "player_Position": {
        "x": 10.06915283203125,
        "y": 3.426262378692627,
        "z": 0.0
    },
    "Location": "Overworld"
}