{
    "Player_name": "dasdaw",
    "Trainer_ID": 34213,
    "Secret_ID": 54504,
    "player_Money": 6800,
    "NumBadges": 0,
    "player_Position": {
        "x": 10.704522132873536,
        "y": 3.4215164184570314,
        "z": 0.0
    },
    "Location": "Overworld"
}