{
    "Player_name": "dasdaw",
    "Trainer_ID": 34213,
    "Secret_ID": 54504,
    "player_Money": 30,
    "NumBadges": 0,
    "player_Position": {
        "x": 10.072176933288575,
        "y": 3.348548412322998,
        "z": 0.0
    },
    "Location": "Overworld"
}