{
    "Player_name": "dasdaw",
    "Trainer_ID": 34213,
    "Secret_ID": 54504,
    "player_Money": 30,
    "NumBadges": 0,
    "player_Position": {
        "x": -2.4874491691589357,
        "y": 0.013724188320338726,
        "z": 0.0
    },
    "Location": "Overworld"
}