{
    "Player_name": "kelvin",
    "Trainer_ID": 35459,
    "Secret_ID": 61930,
    "player_Money": 120,
    "NumBadges": 0,
    "player_Position": {
        "x": 3.440999984741211,
        "y": 0.5786893367767334,
        "z": 0.0
    },
    "Location": "Poke Center"
}