{
    "Player_name": "kelvin",
    "Trainer_ID": 35459,
    "Secret_ID": 61930,
    "player_Money": 9725,
    "NumBadges": 0,
    "player_Position": {
        "x": 10.130041122436524,
        "y": 3.423210620880127,
        "z": 0.0
    },
    "Location": "Overworld"
}