{
    "Player_name": "kelvin",
    "Trainer_ID": 35459,
    "Secret_ID": 61930,
    "player_Money": 9380,
    "NumBadges": 0,
    "player_Position": {
        "x": 5.527996063232422,
        "y": 0.31899982690811159,
        "z": 0.0
    },
    "Location": "Overworld"
}