{
    "Player_name": "kelvin",
    "Trainer_ID": 35459,
    "Secret_ID": 61930,
    "player_Money": 10175,
    "NumBadges": 0,
    "player_Position": {
        "x": -1.77009117603302,
        "y": -0.0748000293970108,
        "z": 0.0
    },
    "Location": "Overworld"
}