{
    "playerName": "kevlar",
    "trainerID": 36139,
    "secretID": 55547,
    "playerMoney": 40,
    "numBadges": 0,
    "playerPosition": {
        "x": 0.5600000023841858,
        "y": 1.5429999828338624,
        "z": 0.0
    },
    "location": "Overworld"
}