{
    "playerName": "kevlar",
    "trainerID": 36139,
    "secretID": 55547,
    "playerMoney": 40,
    "numBadges": 0,
    "playerPosition": {
        "x": 10.739992141723633,
        "y": 3.3550009727478029,
        "z": 0.0
    },
    "location": "Overworld"
}