{
    "playerName": "kevlar",
    "trainerID": 36139,
    "secretID": 55547,
    "playerMoney": 40,
    "numBadges": 0,
    "playerPosition": {
        "x": 10.105146408081055,
        "y": 3.3766252994537355,
        "z": 0.0
    },
    "location": "Overworld"
}