{
    "playerName": "kevlar",
    "trainerID": 36139,
    "secretID": 55547,
    "playerMoney": 40,
    "numBadges": 0,
    "playerPosition": {
        "x": 3.440999984741211,
        "y": 0.5966431498527527,
        "z": 0.0
    },
    "location": "Poke Center"
}