{
    "playerName": "kevlar",
    "trainerID": 36139,
    "secretID": 55547,
    "playerMoney": 100,
    "numBadges": 0,
    "playerPosition": {
        "x": 0.7199997305870056,
        "y": 0.7909993529319763,
        "z": 0.0
    },
    "location": "Overworld"
}