{
    "playerName": "kevlar",
    "trainerID": 36139,
    "secretID": 55547,
    "playerMoney": 40,
    "numBadges": 0,
    "playerPosition": {
        "x": 1.2699991464614869,
        "y": 1.1349995136260987,
        "z": 0.0
    },
    "location": "Overworld"
}