{
    "playerName": "kevlar",
    "trainerID": 36139,
    "secretID": 55547,
    "playerMoney": 100,
    "numBadges": 0,
    "playerPosition": {
        "x": 11.919986724853516,
        "y": 0.5430002808570862,
        "z": 0.0
    },
    "location": "Overworld"
}