{
    "Player_name": "Keith",
    "Trainer_ID": 49686,
    "player_Money": 246,
    "player_Position": {
        "x": -0.9042165875434876,
        "y": -0.19196511805057527,
        "z": 0.0
    },
    "Location": "Overworld"
}