{
    "playerName": "kelvar",
    "trainerID": 52031,
    "secretID": 15622,
    "playerMoney": 19038,
    "numBadges": 0,
    "playerPosition": {
        "x": 12.505671501159668,
        "y": 1.9879580736160279,
        "z": 0.0
    },
    "location": "Overworld"
}