{
    "playerName": "kelvar",
    "trainerID": 52031,
    "secretID": 15622,
    "playerMoney": 19038,
    "numBadges": 0,
    "playerPosition": {
        "x": 4.097916603088379,
        "y": 1.023242712020874,
        "z": 0.0
    },
    "location": "Poke Center"
}