{
    "playerName": "kelvar",
    "trainerID": 52031,
    "secretID": 15622,
    "playerMoney": 19038,
    "numBadges": 0,
    "playerPosition": {
        "x": 4.081000328063965,
        "y": 1.0126396417617798,
        "z": 0.0
    },
    "location": "Poke Center"
}