{
    "playerName": "kelvar",
    "trainerID": 52031,
    "secretID": 15622,
    "playerMoney": 19038,
    "numBadges": 0,
    "playerPosition": {
        "x": 10.705978393554688,
        "y": 3.4249985218048097,
        "z": 0.0
    },
    "location": "Overworld"
}