{
    "playerName": "kelvar",
    "trainerID": 52031,
    "secretID": 15622,
    "playerMoney": 19038,
    "numBadges": 0,
    "playerPosition": {
        "x": 10.043992042541504,
        "y": 3.332001209259033,
        "z": 0.0
    },
    "location": "Overworld"
}