{
    "playerName": "kelvar",
    "trainerID": 52031,
    "secretID": 15622,
    "playerMoney": 19038,
    "numBadges": 0,
    "playerPosition": {
        "x": -1.6799992322921754,
        "y": -0.0010010236874222756,
        "z": 0.0
    },
    "location": "Overworld"
}