{
    "playerName": "kelvar",
    "trainerID": 52031,
    "secretID": 15622,
    "playerMoney": 850,
    "numBadges": 0,
    "playerPosition": {
        "x": 1.6039998531341553,
        "y": 1.5640000104904175,
        "z": 0.0
    },
    "location": "Overworld"
}