{
    "playerName": "kelvar",
    "trainerID": 52031,
    "secretID": 15622,
    "playerMoney": 19038,
    "numBadges": 0,
    "playerPosition": {
        "x": 3.4364986419677736,
        "y": 1.1192076206207276,
        "z": 0.0
    },
    "location": "Poke Mart Coastal"
}