{
    "playerName": "kelvar",
    "trainerID": 52031,
    "secretID": 15622,
    "playerMoney": 19038,
    "numBadges": 0,
    "playerPosition": {
        "x": 10.7479829788208,
        "y": 3.3782429695129396,
        "z": 0.0
    },
    "location": "Overworld"
}