{
    "playerName": "kelvar",
    "trainerID": 52031,
    "secretID": 15622,
    "playerMoney": 730,
    "numBadges": 0,
    "playerPosition": {
        "x": 3.4364986419677736,
        "y": 1.1478101015090943,
        "z": 0.0
    },
    "location": "Poke Mart"
}