{
    "playerName": "kelvar",
    "trainerID": 52031,
    "secretID": 15622,
    "playerMoney": 19038,
    "numBadges": 0,
    "playerPosition": {
        "x": 10.095993995666504,
        "y": 3.339318037033081,
        "z": 0.0
    },
    "location": "Overworld"
}