{
    "playerName": "kelvar",
    "trainerID": 52031,
    "secretID": 15622,
    "playerMoney": 19038,
    "numBadges": 0,
    "playerPosition": {
        "x": 10.763982772827149,
        "y": 3.4262452125549318,
        "z": 0.0
    },
    "location": "Overworld"
}