{
    "playerName": "kelvar",
    "trainerID": 52031,
    "secretID": 15622,
    "playerMoney": 17538,
    "numBadges": 0,
    "playerPosition": {
        "x": 0.5600000619888306,
        "y": 1.5429999828338624,
        "z": 0.0
    },
    "location": "Overworld"
}