{
    "playerName": "kelvar",
    "trainerID": 52031,
    "secretID": 15622,
    "playerMoney": 100,
    "numBadges": 0,
    "playerPosition": {
        "x": 10.141984939575196,
        "y": 3.291325569152832,
        "z": 0.0
    },
    "location": "Overworld"
}