{
    "playerName": "kelvar",
    "trainerID": 52031,
    "secretID": 15622,
    "playerMoney": 300,
    "numBadges": 0,
    "playerPosition": {
        "x": -2.1999998092651369,
        "y": 2.659322500228882,
        "z": 0.0
    },
    "location": "Overworld"
}