{
    "playerName": "kelvar",
    "trainerID": 52031,
    "secretID": 15622,
    "playerMoney": 10,
    "numBadges": 0,
    "playerPosition": {
        "x": -1.6752843856811524,
        "y": 0.11547359824180603,
        "z": 0.0
    },
    "location": "Overworld"
}