{
    "playerName": "kelvar",
    "trainerID": 52031,
    "secretID": 15622,
    "playerMoney": 33808,
    "numBadges": 0,
    "playerPosition": {
        "x": -1.607998013496399,
        "y": 0.09499907493591309,
        "z": 0.0
    },
    "location": "Overworld"
}