{
    "playerName": "kelvar",
    "trainerID": 52031,
    "secretID": 15622,
    "playerMoney": 56908,
    "numBadges": 0,
    "playerPosition": {
        "x": 10.695982933044434,
        "y": 3.350999355316162,
        "z": 0.0
    },
    "location": "Overworld"
}