{
    "playerName": "kelvar",
    "trainerID": 52031,
    "secretID": 15622,
    "playerMoney": 57000,
    "numBadges": 0,
    "playerPosition": {
        "x": 10.098847389221192,
        "y": 3.3694987297058107,
        "z": 0.0
    },
    "location": "Overworld"
}