{
    "playerName": "kelvar",
    "trainerID": 52031,
    "secretID": 15622,
    "playerMoney": 57000,
    "numBadges": 0,
    "playerPosition": {
        "x": -1.8256139755249024,
        "y": 0.27466124296188357,
        "z": 0.0
    },
    "location": "Overworld"
}