{
    "playerName": "kelvar",
    "trainerID": 52031,
    "secretID": 15622,
    "playerMoney": 17538,
    "numBadges": 0,
    "playerPosition": {
        "x": 10.50799560546875,
        "y": 3.017998695373535,
        "z": 0.0
    },
    "location": "Overworld"
}