{
    "playerName": "kelvar",
    "trainerID": 52031,
    "secretID": 15622,
    "playerMoney": 19038,
    "numBadges": 0,
    "playerPosition": {
        "x": -0.8879977464675903,
        "y": 1.219319462776184,
        "z": 0.0
    },
    "location": "Overworld"
}