{
    "playerName": "kelvar",
    "trainerID": 52031,
    "secretID": 15622,
    "playerMoney": 19038,
    "numBadges": 0,
    "playerPosition": {
        "x": 16.3799991607666,
        "y": 0.1390000581741333,
        "z": 0.0
    },
    "location": "Poke Mart Forest"
}