{
    "playerName": "kelvar",
    "trainerID": 52031,
    "secretID": 15622,
    "playerMoney": 19038,
    "numBadges": 0,
    "playerPosition": {
        "x": 4.069217681884766,
        "y": 1.0232726335525513,
        "z": 0.0
    },
    "location": "Poke Center"
}