{
    "playerName": "kelvar",
    "trainerID": 52031,
    "secretID": 15622,
    "playerMoney": 17538,
    "numBadges": 0,
    "playerPosition": {
        "x": 10.987991333007813,
        "y": 0.7320000529289246,
        "z": 0.0
    },
    "location": "Overworld"
}