{
    "playerName": "kelvar",
    "trainerID": 52031,
    "secretID": 15622,
    "playerMoney": 17538,
    "numBadges": 0,
    "playerPosition": {
        "x": 3.4364986419677736,
        "y": 0.8792077302932739,
        "z": 0.0
    },
    "location": "Poke Mart"
}