{
    "playerName": "kelvar",
    "trainerID": 52031,
    "secretID": 15622,
    "playerMoney": 100,
    "numBadges": 0,
    "playerPosition": {
        "x": 10.663986206054688,
        "y": 3.4262776374816896,
        "z": 0.0
    },
    "location": "Overworld"
}