{
    "playerName": "kelvar",
    "trainerID": 52031,
    "secretID": 15622,
    "playerMoney": 19038,
    "numBadges": 0,
    "playerPosition": {
        "x": 3.4452366828918459,
        "y": 0.8026914596557617,
        "z": 0.0
    },
    "location": "Poke Center"
}