{
    "playerName": "kelvar",
    "trainerID": 52031,
    "secretID": 15622,
    "playerMoney": 56962,
    "numBadges": 0,
    "playerPosition": {
        "x": 10.189990997314454,
        "y": 3.102998733520508,
        "z": 0.0
    },
    "location": "Overworld"
}