{
    "playerName": "kelvar",
    "trainerID": 52031,
    "secretID": 15622,
    "playerMoney": 17538,
    "numBadges": 0,
    "playerPosition": {
        "x": 4.083000659942627,
        "y": 0.6130713224411011,
        "z": 0.0
    },
    "location": "Poke Center"
}