{
    "playerName": "kelvar",
    "trainerID": 52031,
    "secretID": 15622,
    "playerMoney": 19038,
    "numBadges": 0,
    "playerPosition": {
        "x": 10.699983596801758,
        "y": 3.4262430667877199,
        "z": 0.0
    },
    "location": "Overworld"
}