{
    "playerName": "kelvar",
    "trainerID": 52031,
    "secretID": 15622,
    "playerMoney": 19038,
    "numBadges": 0,
    "playerPosition": {
        "x": 4.068824768066406,
        "y": 1.001430869102478,
        "z": 0.0
    },
    "location": "Poke Center"
}