{
    "Player_name": "keith",
    "Trainer_ID": 5559,
    "Secret_ID": 46656,
    "player_Money": 300,
    "player_Position": {
        "x": 4.72900915145874,
        "y": 0.3910004794597626,
        "z": 0.0
    },
    "Location": "Player House"
}