{
    "Player_name": "kelvin",
    "Trainer_ID": 55760,
    "Secret_ID": 4330,
    "player_Money": 300,
    "player_Position": {
        "x": 10.114006996154786,
        "y": 3.3462448120117189,
        "z": 0.0
    },
    "Location": "Overworld"
}