{
    "playerName": "keith",
    "trainerID": 746,
    "secretID": 45237,
    "playerMoney": 6298,
    "numBadges": 0,
    "playerPosition": {
        "x": 4.398066520690918,
        "y": -0.012927043251693249,
        "z": 0.0
    },
    "location": 1,
    "equippedItemName": "Bike"
}