{
    "playerName": "keith",
    "trainerID": 746,
    "secretID": 45237,
    "playerMoney": 1798,
    "numBadges": 0,
    "playerPosition": {
        "x": 1.5283039808273316,
        "y": 0.6302434802055359,
        "z": 0.0
    },
    "location": 0,
    "equippedItemName": "Bike"
}