{
    "playerName": "keith",
    "trainerID": 746,
    "secretID": 45237,
    "playerMoney": 6298,
    "numBadges": 0,
    "playerPosition": {
        "x": -1.8253566026687623,
        "y": -0.008986943401396275,
        "z": 0.0
    },
    "location": 0,
    "equippedItemName": "Bike"
}