{
    "playerName": "keith",
    "trainerID": 746,
    "secretID": 45237,
    "playerMoney": 1798,
    "numBadges": 0,
    "playerPosition": {
        "x": -1.0839976072311402,
        "y": -0.06400026381015778,
        "z": 0.0
    },
    "location": 0,
    "equippedItemName": "Bike"
}