{
    "playerName": "keith",
    "trainerID": 746,
    "secretID": 45237,
    "playerMoney": 1798,
    "numBadges": 0,
    "playerPosition": {
        "x": 1.5123041868209839,
        "y": 0.9342429041862488,
        "z": 0.0
    },
    "location": 0,
    "equippedItemName": "Bike"
}